2026-06-19 09:58:33 [background-preinit] INFO  o.h.validator.internal.util.Version - HV000001: Hibernate Validator 8.0.1.Final
2026-06-19 09:58:33 [main] INFO  c.b.t.MoneyTransferSystemApplication - Starting MoneyTransferSystemApplication using Java 17.0.12 with PID 1256 (C:\Users\user\Desktop\projects\mts\target\classes started by user in C:\Users\user\Desktop\projects\mts)
2026-06-19 09:58:33 [main] INFO  c.b.t.MoneyTransferSystemApplication - No active profile set, falling back to 1 default profile: "default"
2026-06-19 09:58:34 [main] INFO  o.s.d.r.c.RepositoryConfigurationDelegate - Bootstrapping Spring Data JPA repositories in DEFAULT mode.
2026-06-19 09:58:34 [main] INFO  o.s.d.r.c.RepositoryConfigurationDelegate - Finished Spring Data repository scanning in 33 ms. Found 3 JPA repository interfaces.
2026-06-19 09:58:34 [main] INFO  o.s.b.w.e.tomcat.TomcatWebServer - Tomcat initialized with port 8080 (http)
2026-06-19 09:58:34 [main] INFO  o.a.coyote.http11.Http11NioProtocol - Initializing ProtocolHandler ["http-nio-8080"]
2026-06-19 09:58:34 [main] INFO  o.a.catalina.core.StandardService - Starting service [Tomcat]
2026-06-19 09:58:34 [main] INFO  o.a.catalina.core.StandardEngine - Starting Servlet engine: [Apache Tomcat/10.1.18]
2026-06-19 09:58:34 [main] INFO  o.a.c.c.C.[Tomcat].[localhost].[/] - Initializing Spring embedded WebApplicationContext
2026-06-19 09:58:34 [main] INFO  o.s.b.w.s.c.ServletWebServerApplicationContext - Root WebApplicationContext: initialization completed in 1261 ms
2026-06-19 09:58:34 [main] INFO  com.zaxxer.hikari.HikariDataSource - HikariPool-1 - Starting...
2026-06-19 09:58:35 [main] INFO  com.zaxxer.hikari.pool.HikariPool - HikariPool-1 - Added connection conn0: url=jdbc:h2:mem:transferdb user=SA
2026-06-19 09:58:35 [main] INFO  com.zaxxer.hikari.HikariDataSource - HikariPool-1 - Start completed.
2026-06-19 09:58:35 [main] INFO  o.s.b.a.h.H2ConsoleAutoConfiguration - H2 console available at '/h2-console'. Database available at 'jdbc:h2:mem:transferdb'
2026-06-19 09:58:35 [main] INFO  o.h.jpa.internal.util.LogHelper - HHH000204: Processing PersistenceUnitInfo [name: default]
2026-06-19 09:58:35 [main] INFO  org.hibernate.Version - HHH000412: Hibernate ORM core version 6.4.1.Final
2026-06-19 09:58:35 [main] INFO  o.h.c.i.RegionFactoryInitiator - HHH000026: Second-level cache disabled
2026-06-19 09:58:35 [main] INFO  o.s.o.j.p.SpringPersistenceUnitInfo - No LoadTimeWeaver setup: ignoring JPA class transformer
2026-06-19 09:58:35 [main] WARN  org.hibernate.orm.deprecation - HHH90000025: H2Dialect does not need to be specified explicitly using 'hibernate.dialect' (remove the property setting and it will be selected by default)
2026-06-19 09:58:35 [main] INFO  o.h.e.t.j.p.i.JtaPlatformInitiator - HHH000489: No JTA platform available (set 'hibernate.transaction.jta.platform' to enable JTA platform integration)
2026-06-19 09:58:35 [main] INFO  o.s.o.j.LocalContainerEntityManagerFactoryBean - Initialized JPA EntityManagerFactory for persistence unit 'default'
2026-06-19 09:58:36 [main] INFO  o.s.d.j.r.query.QueryEnhancerFactory - Hibernate is in classpath; If applicable, HQL parser will be used.
2026-06-19 09:58:36 [main] WARN  o.s.b.a.o.j.JpaBaseConfiguration$JpaWebConfiguration - spring.jpa.open-in-view is enabled by default. Therefore, database queries may be performed during view rendering. Explicitly configure spring.jpa.open-in-view to disable this warning
2026-06-19 09:58:36 [main] INFO  o.s.b.a.e.web.EndpointLinksResolver - Exposing 1 endpoint(s) beneath base path '/actuator'
2026-06-19 09:58:36 [main] INFO  o.s.s.web.DefaultSecurityFilterChain - Will secure any request with [org.springframework.security.web.session.DisableEncodeUrlFilter@58507830, org.springframework.security.web.context.request.async.WebAsyncManagerIntegrationFilter@793942d9, org.springframework.security.web.context.SecurityContextHolderFilter@3468faa5, org.springframework.security.web.header.HeaderWriterFilter@22128b73, org.springframework.web.filter.CorsFilter@1b2092fe, org.springframework.web.filter.CorsFilter@5047fc77, org.springframework.security.web.authentication.logout.LogoutFilter@4ed74b13, org.springframework.security.web.authentication.www.BasicAuthenticationFilter@573d3ec6, org.springframework.security.web.savedrequest.RequestCacheAwareFilter@63fa0b9, org.springframework.security.web.servletapi.SecurityContextHolderAwareRequestFilter@1c63aa5d, org.springframework.security.web.authentication.AnonymousAuthenticationFilter@b8d8fb7, org.springframework.security.web.access.ExceptionTranslationFilter@31ebc5fa, org.springframework.security.web.access.intercept.AuthorizationFilter@105fa381]
2026-06-19 09:58:37 [main] INFO  o.a.coyote.http11.Http11NioProtocol - Starting ProtocolHandler ["http-nio-8080"]
2026-06-19 09:58:37 [main] INFO  o.s.b.w.e.tomcat.TomcatWebServer - Tomcat started on port 8080 (http) with context path ''
2026-06-19 09:58:37 [main] INFO  c.b.t.MoneyTransferSystemApplication - Started MoneyTransferSystemApplication in 4.572 seconds (process running for 4.905)
2026-06-19 09:59:44 [http-nio-8080-exec-1] INFO  o.a.c.c.C.[Tomcat].[localhost].[/] - Initializing Spring DispatcherServlet 'dispatcherServlet'
2026-06-19 09:59:44 [http-nio-8080-exec-1] INFO  o.s.web.servlet.DispatcherServlet - Initializing Servlet 'dispatcherServlet'
2026-06-19 09:59:44 [http-nio-8080-exec-1] INFO  o.s.web.servlet.DispatcherServlet - Completed initialization in 1 ms
2026-06-19 09:59:44 [http-nio-8080-exec-2] INFO  c.b.transfer.aspect.LoggingAspect - [AOP] Entering AccountService.createAccount
2026-06-19 09:59:44 [http-nio-8080-exec-2] INFO  c.b.transfer.service.AccountService - Creating account for username: Kartikey
2026-06-19 09:59:44 [http-nio-8080-exec-2] INFO  c.b.transfer.service.AccountService - Account created successfully with ID: 1
2026-06-19 09:59:44 [http-nio-8080-exec-2] INFO  c.b.transfer.aspect.LoggingAspect - [AOP] Exiting AccountService.createAccount - Execution time: 165ms
2026-06-19 09:59:50 [http-nio-8080-exec-4] INFO  c.b.transfer.aspect.LoggingAspect - [AOP] Entering AccountService.login
2026-06-19 09:59:50 [http-nio-8080-exec-4] INFO  c.b.transfer.service.AccountService - Login attempt for username: Kartikey
2026-06-19 09:59:50 [http-nio-8080-exec-4] INFO  c.b.transfer.service.AccountService - Login successful for username: Kartikey
2026-06-19 09:59:50 [http-nio-8080-exec-4] INFO  c.b.transfer.aspect.LoggingAspect - [AOP] Exiting AccountService.login - Execution time: 70ms
2026-06-19 09:59:50 [http-nio-8080-exec-7] INFO  c.b.transfer.aspect.LoggingAspect - [AOP] Entering RewardService.getRewardSummary
2026-06-19 09:59:50 [http-nio-8080-exec-8] INFO  c.b.transfer.aspect.LoggingAspect - [AOP] Entering AccountService.getAccountResponse
2026-06-19 09:59:50 [http-nio-8080-exec-8] INFO  c.b.transfer.aspect.LoggingAspect - [AOP] Exiting AccountService.getAccountResponse - Execution time: 7ms
2026-06-19 09:59:50 [http-nio-8080-exec-7] INFO  c.b.transfer.aspect.LoggingAspect - [AOP] Exiting RewardService.getRewardSummary - Execution time: 14ms
2026-06-19 09:59:54 [http-nio-8080-exec-9] INFO  c.b.transfer.aspect.LoggingAspect - [AOP] Entering RewardService.getRewardSummary
2026-06-19 09:59:54 [http-nio-8080-exec-9] INFO  c.b.transfer.aspect.LoggingAspect - [AOP] Exiting RewardService.getRewardSummary - Execution time: 4ms
2026-06-19 09:59:55 [http-nio-8080-exec-10] INFO  c.b.transfer.aspect.LoggingAspect - [AOP] Entering RewardService.getRewardSummary
2026-06-19 09:59:55 [http-nio-8080-exec-10] INFO  c.b.transfer.aspect.LoggingAspect - [AOP] Exiting RewardService.getRewardSummary - Execution time: 3ms
2026-06-19 09:59:57 [http-nio-8080-exec-2] INFO  c.b.transfer.aspect.LoggingAspect - [AOP] Entering RewardService.getRewardSummary
2026-06-19 09:59:57 [http-nio-8080-exec-1] INFO  c.b.transfer.aspect.LoggingAspect - [AOP] Entering AccountService.getAccountResponse
2026-06-19 09:59:57 [http-nio-8080-exec-1] INFO  c.b.transfer.aspect.LoggingAspect - [AOP] Exiting AccountService.getAccountResponse - Execution time: 1ms
2026-06-19 09:59:57 [http-nio-8080-exec-2] INFO  c.b.transfer.aspect.LoggingAspect - [AOP] Exiting RewardService.getRewardSummary - Execution time: 2ms
2026-06-19 10:00:02 [http-nio-8080-exec-3] INFO  c.b.transfer.aspect.LoggingAspect - [AOP] Entering RewardService.getRewardSummary
2026-06-19 10:00:02 [http-nio-8080-exec-3] INFO  c.b.transfer.aspect.LoggingAspect - [AOP] Exiting RewardService.getRewardSummary - Execution time: 3ms
2026-06-19 10:00:16 [http-nio-8080-exec-4] INFO  c.b.transfer.aspect.LoggingAspect - [AOP] Entering AccountService.createAccount
2026-06-19 10:00:16 [http-nio-8080-exec-4] INFO  c.b.transfer.service.AccountService - Creating account for username: KSI
2026-06-19 10:00:16 [http-nio-8080-exec-4] INFO  c.b.transfer.service.AccountService - Account created successfully with ID: 2
2026-06-19 10:00:16 [http-nio-8080-exec-4] INFO  c.b.transfer.aspect.LoggingAspect - [AOP] Exiting AccountService.createAccount - Execution time: 63ms
2026-06-19 10:00:22 [http-nio-8080-exec-6] INFO  c.b.transfer.aspect.LoggingAspect - [AOP] Entering AccountService.login
2026-06-19 10:00:22 [http-nio-8080-exec-6] INFO  c.b.transfer.service.AccountService - Login attempt for username: KSI
2026-06-19 10:00:22 [http-nio-8080-exec-6] INFO  c.b.transfer.service.AccountService - Login successful for username: KSI
2026-06-19 10:00:22 [http-nio-8080-exec-6] INFO  c.b.transfer.aspect.LoggingAspect - [AOP] Exiting AccountService.login - Execution time: 62ms
2026-06-19 10:00:22 [http-nio-8080-exec-7] INFO  c.b.transfer.aspect.LoggingAspect - [AOP] Entering RewardService.getRewardSummary
2026-06-19 10:00:22 [http-nio-8080-exec-9] INFO  c.b.transfer.aspect.LoggingAspect - [AOP] Entering AccountService.getAccountResponse
2026-06-19 10:00:22 [http-nio-8080-exec-9] INFO  c.b.transfer.aspect.LoggingAspect - [AOP] Exiting AccountService.getAccountResponse - Execution time: 1ms
2026-06-19 10:00:22 [http-nio-8080-exec-7] INFO  c.b.transfer.aspect.LoggingAspect - [AOP] Exiting RewardService.getRewardSummary - Execution time: 3ms
2026-06-19 10:00:32 [http-nio-8080-exec-10] INFO  c.b.transfer.aspect.LoggingAspect - [AOP] Entering AccountService.login
2026-06-19 10:00:32 [http-nio-8080-exec-10] INFO  c.b.transfer.service.AccountService - Login attempt for username: Kartikey
2026-06-19 10:00:32 [http-nio-8080-exec-10] INFO  c.b.transfer.service.AccountService - Login successful for username: Kartikey
2026-06-19 10:00:32 [http-nio-8080-exec-10] INFO  c.b.transfer.aspect.LoggingAspect - [AOP] Exiting AccountService.login - Execution time: 68ms
2026-06-19 10:00:32 [http-nio-8080-exec-2] INFO  c.b.transfer.aspect.LoggingAspect - [AOP] Entering RewardService.getRewardSummary
2026-06-19 10:00:32 [http-nio-8080-exec-1] INFO  c.b.transfer.aspect.LoggingAspect - [AOP] Entering AccountService.getAccountResponse
2026-06-19 10:00:32 [http-nio-8080-exec-1] INFO  c.b.transfer.aspect.LoggingAspect - [AOP] Exiting AccountService.getAccountResponse - Execution time: 2ms
2026-06-19 10:00:32 [http-nio-8080-exec-2] INFO  c.b.transfer.aspect.LoggingAspect - [AOP] Exiting RewardService.getRewardSummary - Execution time: 3ms
2026-06-19 10:00:33 [http-nio-8080-exec-3] INFO  c.b.transfer.aspect.LoggingAspect - [AOP] Entering RewardService.getRewardSummary
2026-06-19 10:00:33 [http-nio-8080-exec-3] INFO  c.b.transfer.aspect.LoggingAspect - [AOP] Exiting RewardService.getRewardSummary - Execution time: 3ms
2026-06-19 10:00:46 [http-nio-8080-exec-6] INFO  c.b.transfer.aspect.LoggingAspect - [AOP] Entering TransferService.transfer
2026-06-19 10:00:46 [http-nio-8080-exec-6] INFO  c.b.transfer.service.TransferService - Processing transfer from 1 to 2 for total amount ₹10000. Reward redemption: false
2026-06-19 10:00:46 [http-nio-8080-exec-6] INFO  c.b.transfer.aspect.LoggingAspect - [AOP] Entering RewardService.processReward
2026-06-19 10:00:46 [http-nio-8080-exec-6] INFO  c.b.transfer.service.RewardService - Reward granted: 100 points to account 1 based on cash spend of ₹10000
2026-06-19 10:00:46 [http-nio-8080-exec-6] INFO  c.b.transfer.aspect.LoggingAspect - [AOP] Exiting RewardService.processReward - Execution time: 6ms
2026-06-19 10:00:46 [http-nio-8080-exec-6] INFO  c.b.transfer.aspect.LoggingAspect - [AOP] Exiting TransferService.transfer - Execution time: 14ms
2026-06-19 10:00:48 [http-nio-8080-exec-5] INFO  c.b.transfer.aspect.LoggingAspect - [AOP] Entering AccountService.getAccountResponse
2026-06-19 10:00:48 [http-nio-8080-exec-5] INFO  c.b.transfer.aspect.LoggingAspect - [AOP] Exiting AccountService.getAccountResponse - Execution time: 1ms
2026-06-19 10:00:48 [http-nio-8080-exec-8] INFO  c.b.transfer.aspect.LoggingAspect - [AOP] Entering RewardService.getRewardSummary
2026-06-19 10:00:48 [http-nio-8080-exec-8] INFO  c.b.transfer.aspect.LoggingAspect - [AOP] Exiting RewardService.getRewardSummary - Execution time: 4ms
2026-06-19 10:00:49 [http-nio-8080-exec-9] INFO  c.b.transfer.aspect.LoggingAspect - [AOP] Entering RewardService.getRewardSummary
2026-06-19 10:00:49 [http-nio-8080-exec-9] INFO  c.b.transfer.aspect.LoggingAspect - [AOP] Exiting RewardService.getRewardSummary - Execution time: 3ms
2026-06-19 10:01:38 [http-nio-8080-exec-7] INFO  c.b.transfer.aspect.LoggingAspect - [AOP] Entering TransferService.transfer
2026-06-19 10:01:38 [http-nio-8080-exec-7] INFO  c.b.transfer.service.TransferService - Processing transfer from 1 to 2 for total amount ₹10000. Reward redemption: true
2026-06-19 10:01:38 [http-nio-8080-exec-7] INFO  c.b.transfer.aspect.LoggingAspect - [AOP] Entering RewardService.getRewardSummary
2026-06-19 10:01:38 [http-nio-8080-exec-7] INFO  c.b.transfer.aspect.LoggingAspect - [AOP] Exiting RewardService.getRewardSummary - Execution time: 3ms
2026-06-19 10:01:38 [http-nio-8080-exec-7] INFO  c.b.transfer.aspect.LoggingAspect - [AOP] Entering RewardService.redeemPoints
2026-06-19 10:01:38 [http-nio-8080-exec-7] INFO  c.b.transfer.service.RewardService - Redeeming 100 reward points from account 1 for transaction 6cc97087-918a-4a8b-8e34-2c48bb47bf58
2026-06-19 10:01:38 [http-nio-8080-exec-7] INFO  c.b.transfer.aspect.LoggingAspect - [AOP] Exiting RewardService.redeemPoints - Execution time: 2ms
2026-06-19 10:01:38 [http-nio-8080-exec-7] INFO  c.b.transfer.aspect.LoggingAspect - [AOP] Entering RewardService.processReward
2026-06-19 10:01:38 [http-nio-8080-exec-7] WARN  o.h.e.jdbc.spi.SqlExceptionHelper - SQL Error: 23505, SQLState: 23505
2026-06-19 10:01:38 [http-nio-8080-exec-7] ERROR o.h.e.jdbc.spi.SqlExceptionHelper - Unique index or primary key violation: "PUBLIC.CONSTRAINT_INDEX_5 ON PUBLIC.REWARD_LEDGER(TRANSACTION_ID NULLS FIRST) VALUES ( /* 2 */ '6cc97087-918a-4a8b-8e34-2c48bb47bf58' )"; SQL statement:
insert into reward_ledger (account_id,created_on,points_earned,transaction_id,id) values (?,?,?,?,default) [23505-224]
2026-06-19 10:01:38 [http-nio-8080-exec-7] ERROR c.b.transfer.aspect.LoggingAspect - [AOP] Exception in RewardService.processReward after 8ms: could not execute statement [Unique index or primary key violation: "PUBLIC.CONSTRAINT_INDEX_5 ON PUBLIC.REWARD_LEDGER(TRANSACTION_ID NULLS FIRST) VALUES ( /* 2 */ '6cc97087-918a-4a8b-8e34-2c48bb47bf58' )"; SQL statement:
insert into reward_ledger (account_id,created_on,points_earned,transaction_id,id) values (?,?,?,?,default) [23505-224]] [insert into reward_ledger (account_id,created_on,points_earned,transaction_id,id) values (?,?,?,?,default)]; SQL [insert into reward_ledger (account_id,created_on,points_earned,transaction_id,id) values (?,?,?,?,default)]; constraint ["PUBLIC.CONSTRAINT_INDEX_5 ON PUBLIC.REWARD_LEDGER(TRANSACTION_ID NULLS FIRST) VALUES ( /* 2 */ '6cc97087-918a-4a8b-8e34-2c48bb47bf58' )"; SQL statement:
insert into reward_ledger (account_id,created_on,points_earned,transaction_id,id) values (?,?,?,?,default) [23505-224]]
2026-06-19 10:01:38 [http-nio-8080-exec-7] ERROR c.b.transfer.aspect.LoggingAspect - [AOP] Exception in TransferService.transfer after 17ms: could not execute statement [Unique index or primary key violation: "PUBLIC.CONSTRAINT_INDEX_5 ON PUBLIC.REWARD_LEDGER(TRANSACTION_ID NULLS FIRST) VALUES ( /* 2 */ '6cc97087-918a-4a8b-8e34-2c48bb47bf58' )"; SQL statement:
insert into reward_ledger (account_id,created_on,points_earned,transaction_id,id) values (?,?,?,?,default) [23505-224]] [insert into reward_ledger (account_id,created_on,points_earned,transaction_id,id) values (?,?,?,?,default)]; SQL [insert into reward_ledger (account_id,created_on,points_earned,transaction_id,id) values (?,?,?,?,default)]; constraint ["PUBLIC.CONSTRAINT_INDEX_5 ON PUBLIC.REWARD_LEDGER(TRANSACTION_ID NULLS FIRST) VALUES ( /* 2 */ '6cc97087-918a-4a8b-8e34-2c48bb47bf58' )"; SQL statement:
insert into reward_ledger (account_id,created_on,points_earned,transaction_id,id) values (?,?,?,?,default) [23505-224]]
2026-06-19 10:01:38 [http-nio-8080-exec-7] ERROR c.b.t.e.GlobalExceptionHandler - Internal server error: could not execute statement [Unique index or primary key violation: "PUBLIC.CONSTRAINT_INDEX_5 ON PUBLIC.REWARD_LEDGER(TRANSACTION_ID NULLS FIRST) VALUES ( /* 2 */ '6cc97087-918a-4a8b-8e34-2c48bb47bf58' )"; SQL statement:
insert into reward_ledger (account_id,created_on,points_earned,transaction_id,id) values (?,?,?,?,default) [23505-224]] [insert into reward_ledger (account_id,created_on,points_earned,transaction_id,id) values (?,?,?,?,default)]; SQL [insert into reward_ledger (account_id,created_on,points_earned,transaction_id,id) values (?,?,?,?,default)]; constraint ["PUBLIC.CONSTRAINT_INDEX_5 ON PUBLIC.REWARD_LEDGER(TRANSACTION_ID NULLS FIRST) VALUES ( /* 2 */ '6cc97087-918a-4a8b-8e34-2c48bb47bf58' )"; SQL statement:
insert into reward_ledger (account_id,created_on,points_earned,transaction_id,id) values (?,?,?,?,default) [23505-224]]
org.springframework.dao.DataIntegrityViolationException: could not execute statement [Unique index or primary key violation: "PUBLIC.CONSTRAINT_INDEX_5 ON PUBLIC.REWARD_LEDGER(TRANSACTION_ID NULLS FIRST) VALUES ( /* 2 */ '6cc97087-918a-4a8b-8e34-2c48bb47bf58' )"; SQL statement:
insert into reward_ledger (account_id,created_on,points_earned,transaction_id,id) values (?,?,?,?,default) [23505-224]] [insert into reward_ledger (account_id,created_on,points_earned,transaction_id,id) values (?,?,?,?,default)]; SQL [insert into reward_ledger (account_id,created_on,points_earned,transaction_id,id) values (?,?,?,?,default)]; constraint ["PUBLIC.CONSTRAINT_INDEX_5 ON PUBLIC.REWARD_LEDGER(TRANSACTION_ID NULLS FIRST) VALUES ( /* 2 */ '6cc97087-918a-4a8b-8e34-2c48bb47bf58' )"; SQL statement:
insert into reward_ledger (account_id,created_on,points_earned,transaction_id,id) values (?,?,?,?,default) [23505-224]]
	at org.springframework.orm.jpa.vendor.HibernateJpaDialect.convertHibernateAccessException(HibernateJpaDialect.java:290)
	at org.springframework.orm.jpa.vendor.HibernateJpaDialect.translateExceptionIfPossible(HibernateJpaDialect.java:241)
	at org.springframework.orm.jpa.AbstractEntityManagerFactoryBean.translateExceptionIfPossible(AbstractEntityManagerFactoryBean.java:550)
	at org.springframework.dao.support.ChainedPersistenceExceptionTranslator.translateExceptionIfPossible(ChainedPersistenceExceptionTranslator.java:61)
	at org.springframework.dao.support.DataAccessUtils.translateIfNecessary(DataAccessUtils.java:335)
	at org.springframework.dao.support.PersistenceExceptionTranslationInterceptor.invoke(PersistenceExceptionTranslationInterceptor.java:152)
	at org.springframework.aop.framework.ReflectiveMethodInvocation.proceed(ReflectiveMethodInvocation.java:184)
	at org.springframework.data.jpa.repository.support.CrudMethodMetadataPostProcessor$CrudMethodMetadataPopulatingMethodInterceptor.invoke(CrudMethodMetadataPostProcessor.java:164)
	at org.springframework.aop.framework.ReflectiveMethodInvocation.proceed(ReflectiveMethodInvocation.java:184)
	at org.springframework.aop.interceptor.ExposeInvocationInterceptor.invoke(ExposeInvocationInterceptor.java:97)
	at org.springframework.aop.framework.ReflectiveMethodInvocation.proceed(ReflectiveMethodInvocation.java:184)
	at org.springframework.aop.framework.JdkDynamicAopProxy.invoke(JdkDynamicAopProxy.java:220)
	at jdk.proxy2/jdk.proxy2.$Proxy156.save(Unknown Source)
	at com.banking.transfer.service.RewardService.processReward(RewardService.java:75)
	at java.base/jdk.internal.reflect.NativeMethodAccessorImpl.invoke0(Native Method)
	at java.base/jdk.internal.reflect.NativeMethodAccessorImpl.invoke(NativeMethodAccessorImpl.java:77)
	at java.base/jdk.internal.reflect.DelegatingMethodAccessorImpl.invoke(DelegatingMethodAccessorImpl.java:43)
	at java.base/java.lang.reflect.Method.invoke(Method.java:568)
	at org.springframework.aop.support.AopUtils.invokeJoinpointUsingReflection(AopUtils.java:351)
	at org.springframework.aop.framework.ReflectiveMethodInvocation.invokeJoinpoint(ReflectiveMethodInvocation.java:196)
	at org.springframework.aop.framework.ReflectiveMethodInvocation.proceed(ReflectiveMethodInvocation.java:163)
	at org.springframework.aop.framework.CglibAopProxy$CglibMethodInvocation.proceed(CglibAopProxy.java:765)
	at org.springframework.aop.aspectj.MethodInvocationProceedingJoinPoint.proceed(MethodInvocationProceedingJoinPoint.java:89)
	at com.banking.transfer.aspect.LoggingAspect.logServiceMethods(LoggingAspect.java:23)
	at jdk.internal.reflect.GeneratedMethodAccessor28.invoke(Unknown Source)
	at java.base/jdk.internal.reflect.DelegatingMethodAccessorImpl.invoke(DelegatingMethodAccessorImpl.java:43)
	at java.base/java.lang.reflect.Method.invoke(Method.java:568)
	at org.springframework.aop.aspectj.AbstractAspectJAdvice.invokeAdviceMethodWithGivenArgs(AbstractAspectJAdvice.java:637)
	at org.springframework.aop.aspectj.AbstractAspectJAdvice.invokeAdviceMethod(AbstractAspectJAdvice.java:627)
	at org.springframework.aop.aspectj.AspectJAroundAdvice.invoke(AspectJAroundAdvice.java:71)
	at org.springframework.aop.framework.ReflectiveMethodInvocation.proceed(ReflectiveMethodInvocation.java:184)
	at org.springframework.aop.framework.CglibAopProxy$CglibMethodInvocation.proceed(CglibAopProxy.java:765)
	at org.springframework.transaction.interceptor.TransactionInterceptor$1.proceedWithInvocation(TransactionInterceptor.java:123)
	at org.springframework.transaction.interceptor.TransactionAspectSupport.invokeWithinTransaction(TransactionAspectSupport.java:385)
	at org.springframework.transaction.interceptor.TransactionInterceptor.invoke(TransactionInterceptor.java:119)
	at org.springframework.aop.framework.ReflectiveMethodInvocation.proceed(ReflectiveMethodInvocation.java:184)
	at org.springframework.aop.framework.CglibAopProxy$CglibMethodInvocation.proceed(CglibAopProxy.java:765)
	at org.springframework.aop.interceptor.ExposeInvocationInterceptor.invoke(ExposeInvocationInterceptor.java:97)
	at org.springframework.aop.framework.ReflectiveMethodInvocation.proceed(ReflectiveMethodInvocation.java:184)
	at org.springframework.aop.framework.CglibAopProxy$CglibMethodInvocation.proceed(CglibAopProxy.java:765)
	at org.springframework.aop.framework.CglibAopProxy$DynamicAdvisedInterceptor.intercept(CglibAopProxy.java:717)
	at com.banking.transfer.service.RewardService$$SpringCGLIB$$0.processReward(<generated>)
	at com.banking.transfer.service.TransferService.transfer(TransferService.java:107)
	at java.base/jdk.internal.reflect.NativeMethodAccessorImpl.invoke0(Native Method)
	at java.base/jdk.internal.reflect.NativeMethodAccessorImpl.invoke(NativeMethodAccessorImpl.java:77)
	at java.base/jdk.internal.reflect.DelegatingMethodAccessorImpl.invoke(DelegatingMethodAccessorImpl.java:43)
	at java.base/java.lang.reflect.Method.invoke(Method.java:568)
	at org.springframework.aop.support.AopUtils.invokeJoinpointUsingReflection(AopUtils.java:351)
	at org.springframework.aop.framework.ReflectiveMethodInvocation.invokeJoinpoint(ReflectiveMethodInvocation.java:196)
	at org.springframework.aop.framework.ReflectiveMethodInvocation.proceed(ReflectiveMethodInvocation.java:163)
	at org.springframework.aop.framework.CglibAopProxy$CglibMethodInvocation.proceed(CglibAopProxy.java:765)
	at org.springframework.aop.aspectj.MethodInvocationProceedingJoinPoint.proceed(MethodInvocationProceedingJoinPoint.java:89)
	at com.banking.transfer.aspect.LoggingAspect.logServiceMethods(LoggingAspect.java:23)
	at jdk.internal.reflect.GeneratedMethodAccessor28.invoke(Unknown Source)
	at java.base/jdk.internal.reflect.DelegatingMethodAccessorImpl.invoke(DelegatingMethodAccessorImpl.java:43)
	at java.base/java.lang.reflect.Method.invoke(Method.java:568)
	at org.springframework.aop.aspectj.AbstractAspectJAdvice.invokeAdviceMethodWithGivenArgs(AbstractAspectJAdvice.java:637)
	at org.springframework.aop.aspectj.AbstractAspectJAdvice.invokeAdviceMethod(AbstractAspectJAdvice.java:627)
	at org.springframework.aop.aspectj.AspectJAroundAdvice.invoke(AspectJAroundAdvice.java:71)
	at org.springframework.aop.framework.ReflectiveMethodInvocation.proceed(ReflectiveMethodInvocation.java:184)
	at org.springframework.aop.framework.CglibAopProxy$CglibMethodInvocation.proceed(CglibAopProxy.java:765)
	at org.springframework.transaction.interceptor.TransactionInterceptor$1.proceedWithInvocation(TransactionInterceptor.java:123)
	at org.springframework.transaction.interceptor.TransactionAspectSupport.invokeWithinTransaction(TransactionAspectSupport.java:385)
	at org.springframework.transaction.interceptor.TransactionInterceptor.invoke(TransactionInterceptor.java:119)
	at org.springframework.aop.framework.ReflectiveMethodInvocation.proceed(ReflectiveMethodInvocation.java:184)
	at org.springframework.aop.framework.CglibAopProxy$CglibMethodInvocation.proceed(CglibAopProxy.java:765)
	at org.springframework.aop.interceptor.ExposeInvocationInterceptor.invoke(ExposeInvocationInterceptor.java:97)
	at org.springframework.aop.framework.ReflectiveMethodInvocation.proceed(ReflectiveMethodInvocation.java:184)
	at org.springframework.aop.framework.CglibAopProxy$CglibMethodInvocation.proceed(CglibAopProxy.java:765)
	at org.springframework.aop.framework.CglibAopProxy$DynamicAdvisedInterceptor.intercept(CglibAopProxy.java:717)
	at com.banking.transfer.service.TransferService$$SpringCGLIB$$0.transfer(<generated>)
	at com.banking.transfer.controller.TransferController.transfer(TransferController.java:22)
	at java.base/jdk.internal.reflect.NativeMethodAccessorImpl.invoke0(Native Method)
	at java.base/jdk.internal.reflect.NativeMethodAccessorImpl.invoke(NativeMethodAccessorImpl.java:77)
	at java.base/jdk.internal.reflect.DelegatingMethodAccessorImpl.invoke(DelegatingMethodAccessorImpl.java:43)
	at java.base/java.lang.reflect.Method.invoke(Method.java:568)
	at org.springframework.web.method.support.InvocableHandlerMethod.doInvoke(InvocableHandlerMethod.java:261)
	at org.springframework.web.method.support.InvocableHandlerMethod.invokeForRequest(InvocableHandlerMethod.java:189)
	at org.springframework.web.servlet.mvc.method.annotation.ServletInvocableHandlerMethod.invokeAndHandle(ServletInvocableHandlerMethod.java:118)
	at org.springframework.web.servlet.mvc.method.annotation.RequestMappingHandlerAdapter.invokeHandlerMethod(RequestMappingHandlerAdapter.java:917)
	at org.springframework.web.servlet.mvc.method.annotation.RequestMappingHandlerAdapter.handleInternal(RequestMappingHandlerAdapter.java:829)
	at org.springframework.web.servlet.mvc.method.AbstractHandlerMethodAdapter.handle(AbstractHandlerMethodAdapter.java:87)
	at org.springframework.web.servlet.DispatcherServlet.doDispatch(DispatcherServlet.java:1089)
	at org.springframework.web.servlet.DispatcherServlet.doService(DispatcherServlet.java:979)
	at org.springframework.web.servlet.FrameworkServlet.processRequest(FrameworkServlet.java:1014)
	at org.springframework.web.servlet.FrameworkServlet.doPost(FrameworkServlet.java:914)
	at jakarta.servlet.http.HttpServlet.service(HttpServlet.java:590)
	at org.springframework.web.servlet.FrameworkServlet.service(FrameworkServlet.java:885)
	at jakarta.servlet.http.HttpServlet.service(HttpServlet.java:658)
	at org.apache.catalina.core.ApplicationFilterChain.internalDoFilter(ApplicationFilterChain.java:205)
	at org.apache.catalina.core.ApplicationFilterChain.doFilter(ApplicationFilterChain.java:149)
	at org.apache.tomcat.websocket.server.WsFilter.doFilter(WsFilter.java:51)
	at org.apache.catalina.core.ApplicationFilterChain.internalDoFilter(ApplicationFilterChain.java:174)
	at org.apache.catalina.core.ApplicationFilterChain.doFilter(ApplicationFilterChain.java:149)
	at org.springframework.web.filter.CompositeFilter$VirtualFilterChain.doFilter(CompositeFilter.java:108)
	at org.springframework.security.web.FilterChainProxy.lambda$doFilterInternal$3(FilterChainProxy.java:231)
	at org.springframework.security.web.ObservationFilterChainDecorator$FilterObservation$SimpleFilterObservation.lambda$wrap$1(ObservationFilterChainDecorator.java:479)
	at org.springframework.security.web.ObservationFilterChainDecorator$AroundFilterObservation$SimpleAroundFilterObservation.lambda$wrap$1(ObservationFilterChainDecorator.java:340)
	at org.springframework.security.web.ObservationFilterChainDecorator.lambda$wrapSecured$0(ObservationFilterChainDecorator.java:82)
	at org.springframework.security.web.ObservationFilterChainDecorator$VirtualFilterChain.doFilter(ObservationFilterChainDecorator.java:128)
	at org.springframework.security.web.access.intercept.AuthorizationFilter.doFilter(AuthorizationFilter.java:100)
	at org.springframework.security.web.ObservationFilterChainDecorator$ObservationFilter.wrapFilter(ObservationFilterChainDecorator.java:240)
	at org.springframework.security.web.ObservationFilterChainDecorator$ObservationFilter.doFilter(ObservationFilterChainDecorator.java:227)
	at org.springframework.security.web.ObservationFilterChainDecorator$VirtualFilterChain.doFilter(ObservationFilterChainDecorator.java:137)
	at org.springframework.security.web.access.ExceptionTranslationFilter.doFilter(ExceptionTranslationFilter.java:126)
	at org.springframework.security.web.access.ExceptionTranslationFilter.doFilter(ExceptionTranslationFilter.java:120)
	at org.springframework.security.web.ObservationFilterChainDecorator$ObservationFilter.wrapFilter(ObservationFilterChainDecorator.java:240)
	at org.springframework.security.web.ObservationFilterChainDecorator$ObservationFilter.doFilter(ObservationFilterChainDecorator.java:227)
	at org.springframework.security.web.ObservationFilterChainDecorator$VirtualFilterChain.doFilter(ObservationFilterChainDecorator.java:137)
	at org.springframework.security.web.authentication.AnonymousAuthenticationFilter.doFilter(AnonymousAuthenticationFilter.java:100)
	at org.springframework.security.web.ObservationFilterChainDecorator$ObservationFilter.wrapFilter(ObservationFilterChainDecorator.java:240)
	at org.springframework.security.web.ObservationFilterChainDecorator$ObservationFilter.doFilter(ObservationFilterChainDecorator.java:227)
	at org.springframework.security.web.ObservationFilterChainDecorator$VirtualFilterChain.doFilter(ObservationFilterChainDecorator.java:137)
	at org.springframework.security.web.servletapi.SecurityContextHolderAwareRequestFilter.doFilter(SecurityContextHolderAwareRequestFilter.java:179)
	at org.springframework.security.web.ObservationFilterChainDecorator$ObservationFilter.wrapFilter(ObservationFilterChainDecorator.java:240)
	at org.springframework.security.web.ObservationFilterChainDecorator$ObservationFilter.doFilter(ObservationFilterChainDecorator.java:227)
	at org.springframework.security.web.ObservationFilterChainDecorator$VirtualFilterChain.doFilter(ObservationFilterChainDecorator.java:137)
	at org.springframework.security.web.savedrequest.RequestCacheAwareFilter.doFilter(RequestCacheAwareFilter.java:63)
	at org.springframework.security.web.ObservationFilterChainDecorator$ObservationFilter.wrapFilter(ObservationFilterChainDecorator.java:240)
	at org.springframework.security.web.ObservationFilterChainDecorator$ObservationFilter.doFilter(ObservationFilterChainDecorator.java:227)
	at org.springframework.security.web.ObservationFilterChainDecorator$VirtualFilterChain.doFilter(ObservationFilterChainDecorator.java:137)
	at org.springframework.security.web.authentication.www.BasicAuthenticationFilter.doFilterInternal(BasicAuthenticationFilter.java:213)
	at org.springframework.web.filter.OncePerRequestFilter.doFilter(OncePerRequestFilter.java:116)
	at org.springframework.security.web.ObservationFilterChainDecorator$ObservationFilter.wrapFilter(ObservationFilterChainDecorator.java:240)
	at org.springframework.security.web.ObservationFilterChainDecorator$ObservationFilter.doFilter(ObservationFilterChainDecorator.java:227)
	at org.springframework.security.web.ObservationFilterChainDecorator$VirtualFilterChain.doFilter(ObservationFilterChainDecorator.java:137)
	at org.springframework.security.web.authentication.logout.LogoutFilter.doFilter(LogoutFilter.java:107)
	at org.springframework.security.web.authentication.logout.LogoutFilter.doFilter(LogoutFilter.java:93)
	at org.springframework.security.web.ObservationFilterChainDecorator$ObservationFilter.wrapFilter(ObservationFilterChainDecorator.java:240)
	at org.springframework.security.web.ObservationFilterChainDecorator$ObservationFilter.doFilter(ObservationFilterChainDecorator.java:227)
	at org.springframework.security.web.ObservationFilterChainDecorator$VirtualFilterChain.doFilter(ObservationFilterChainDecorator.java:137)
	at org.springframework.web.filter.OncePerRequestFilter.doFilter(OncePerRequestFilter.java:110)
	at org.springframework.security.web.ObservationFilterChainDecorator$ObservationFilter.wrapFilter(ObservationFilterChainDecorator.java:240)
	at org.springframework.security.web.ObservationFilterChainDecorator$ObservationFilter.doFilter(ObservationFilterChainDecorator.java:227)
	at org.springframework.security.web.ObservationFilterChainDecorator$VirtualFilterChain.doFilter(ObservationFilterChainDecorator.java:137)
	at org.springframework.web.filter.CorsFilter.doFilterInternal(CorsFilter.java:91)
	at org.springframework.web.filter.OncePerRequestFilter.doFilter(OncePerRequestFilter.java:116)
	at org.springframework.security.web.ObservationFilterChainDecorator$ObservationFilter.wrapFilter(ObservationFilterChainDecorator.java:240)
	at org.springframework.security.web.ObservationFilterChainDecorator$ObservationFilter.doFilter(ObservationFilterChainDecorator.java:227)
	at org.springframework.security.web.ObservationFilterChainDecorator$VirtualFilterChain.doFilter(ObservationFilterChainDecorator.java:137)
	at org.springframework.security.web.header.HeaderWriterFilter.doHeadersAfter(HeaderWriterFilter.java:90)
	at org.springframework.security.web.header.HeaderWriterFilter.doFilterInternal(HeaderWriterFilter.java:75)
	at org.springframework.web.filter.OncePerRequestFilter.doFilter(OncePerRequestFilter.java:116)
	at org.springframework.security.web.ObservationFilterChainDecorator$ObservationFilter.wrapFilter(ObservationFilterChainDecorator.java:240)
	at org.springframework.security.web.ObservationFilterChainDecorator$ObservationFilter.doFilter(ObservationFilterChainDecorator.java:227)
	at org.springframework.security.web.ObservationFilterChainDecorator$VirtualFilterChain.doFilter(ObservationFilterChainDecorator.java:137)
	at org.springframework.security.web.context.SecurityContextHolderFilter.doFilter(SecurityContextHolderFilter.java:82)
	at org.springframework.security.web.context.SecurityContextHolderFilter.doFilter(SecurityContextHolderFilter.java:69)
	at org.springframework.security.web.ObservationFilterChainDecorator$ObservationFilter.wrapFilter(ObservationFilterChainDecorator.java:240)
	at org.springframework.security.web.ObservationFilterChainDecorator$ObservationFilter.doFilter(ObservationFilterChainDecorator.java:227)
	at org.springframework.security.web.ObservationFilterChainDecorator$VirtualFilterChain.doFilter(ObservationFilterChainDecorator.java:137)
	at org.springframework.security.web.context.request.async.WebAsyncManagerIntegrationFilter.doFilterInternal(WebAsyncManagerIntegrationFilter.java:62)
	at org.springframework.web.filter.OncePerRequestFilter.doFilter(OncePerRequestFilter.java:116)
	at org.springframework.security.web.ObservationFilterChainDecorator$ObservationFilter.wrapFilter(ObservationFilterChainDecorator.java:240)
	at org.springframework.security.web.ObservationFilterChainDecorator$ObservationFilter.doFilter(ObservationFilterChainDecorator.java:227)
	at org.springframework.security.web.ObservationFilterChainDecorator$VirtualFilterChain.doFilter(ObservationFilterChainDecorator.java:137)
	at org.springframework.security.web.session.DisableEncodeUrlFilter.doFilterInternal(DisableEncodeUrlFilter.java:42)
	at org.springframework.web.filter.OncePerRequestFilter.doFilter(OncePerRequestFilter.java:116)
	at org.springframework.security.web.ObservationFilterChainDecorator$ObservationFilter.wrapFilter(ObservationFilterChainDecorator.java:240)
	at org.springframework.security.web.ObservationFilterChainDecorator$AroundFilterObservation$SimpleAroundFilterObservation.lambda$wrap$0(ObservationFilterChainDecorator.java:323)
	at org.springframework.security.web.ObservationFilterChainDecorator$ObservationFilter.doFilter(ObservationFilterChainDecorator.java:224)
	at org.springframework.security.web.ObservationFilterChainDecorator$VirtualFilterChain.doFilter(ObservationFilterChainDecorator.java:137)
	at org.springframework.security.web.FilterChainProxy.doFilterInternal(FilterChainProxy.java:233)
	at org.springframework.security.web.FilterChainProxy.doFilter(FilterChainProxy.java:191)
	at org.springframework.web.filter.CompositeFilter$VirtualFilterChain.doFilter(CompositeFilter.java:113)
	at org.springframework.web.servlet.handler.HandlerMappingIntrospector.lambda$createCacheFilter$3(HandlerMappingIntrospector.java:195)
	at org.springframework.web.filter.CompositeFilter$VirtualFilterChain.doFilter(CompositeFilter.java:113)
	at org.springframework.web.filter.CompositeFilter.doFilter(CompositeFilter.java:74)
	at org.springframework.security.config.annotation.web.configuration.WebMvcSecurityConfiguration$CompositeFilterChainProxy.doFilter(WebMvcSecurityConfiguration.java:225)
	at org.springframework.web.filter.DelegatingFilterProxy.invokeDelegate(DelegatingFilterProxy.java:352)
	at org.springframework.web.filter.DelegatingFilterProxy.doFilter(DelegatingFilterProxy.java:268)
	at org.apache.catalina.core.ApplicationFilterChain.internalDoFilter(ApplicationFilterChain.java:174)
	at org.apache.catalina.core.ApplicationFilterChain.doFilter(ApplicationFilterChain.java:149)
	at org.springframework.web.filter.RequestContextFilter.doFilterInternal(RequestContextFilter.java:100)
	at org.springframework.web.filter.OncePerRequestFilter.doFilter(OncePerRequestFilter.java:116)
	at org.apache.catalina.core.ApplicationFilterChain.internalDoFilter(ApplicationFilterChain.java:174)
	at org.apache.catalina.core.ApplicationFilterChain.doFilter(ApplicationFilterChain.java:149)
	at org.springframework.web.filter.FormContentFilter.doFilterInternal(FormContentFilter.java:93)
	at org.springframework.web.filter.OncePerRequestFilter.doFilter(OncePerRequestFilter.java:116)
	at org.apache.catalina.core.ApplicationFilterChain.internalDoFilter(ApplicationFilterChain.java:174)
	at org.apache.catalina.core.ApplicationFilterChain.doFilter(ApplicationFilterChain.java:149)
	at org.springframework.web.filter.ServerHttpObservationFilter.doFilterInternal(ServerHttpObservationFilter.java:109)
	at org.springframework.web.filter.OncePerRequestFilter.doFilter(OncePerRequestFilter.java:116)
	at org.apache.catalina.core.ApplicationFilterChain.internalDoFilter(ApplicationFilterChain.java:174)
	at org.apache.catalina.core.ApplicationFilterChain.doFilter(ApplicationFilterChain.java:149)
	at org.springframework.web.filter.CharacterEncodingFilter.doFilterInternal(CharacterEncodingFilter.java:201)
	at org.springframework.web.filter.OncePerRequestFilter.doFilter(OncePerRequestFilter.java:116)
	at org.apache.catalina.core.ApplicationFilterChain.internalDoFilter(ApplicationFilterChain.java:174)
	at org.apache.catalina.core.ApplicationFilterChain.doFilter(ApplicationFilterChain.java:149)
	at org.apache.catalina.core.StandardWrapperValve.invoke(StandardWrapperValve.java:167)
	at org.apache.catalina.core.StandardContextValve.invoke(StandardContextValve.java:90)
	at org.apache.catalina.authenticator.AuthenticatorBase.invoke(AuthenticatorBase.java:482)
	at org.apache.catalina.core.StandardHostValve.invoke(StandardHostValve.java:115)
	at org.apache.catalina.valves.ErrorReportValve.invoke(ErrorReportValve.java:93)
	at org.apache.catalina.core.StandardEngineValve.invoke(StandardEngineValve.java:74)
	at org.apache.catalina.connector.CoyoteAdapter.service(CoyoteAdapter.java:340)
	at org.apache.coyote.http11.Http11Processor.service(Http11Processor.java:391)
	at org.apache.coyote.AbstractProcessorLight.process(AbstractProcessorLight.java:63)
	at org.apache.coyote.AbstractProtocol$ConnectionHandler.process(AbstractProtocol.java:896)
	at org.apache.tomcat.util.net.NioEndpoint$SocketProcessor.doRun(NioEndpoint.java:1744)
	at org.apache.tomcat.util.net.SocketProcessorBase.run(SocketProcessorBase.java:52)
	at org.apache.tomcat.util.threads.ThreadPoolExecutor.runWorker(ThreadPoolExecutor.java:1191)
	at org.apache.tomcat.util.threads.ThreadPoolExecutor$Worker.run(ThreadPoolExecutor.java:659)
	at org.apache.tomcat.util.threads.TaskThread$WrappingRunnable.run(TaskThread.java:61)
	at java.base/java.lang.Thread.run(Thread.java:842)
Caused by: org.hibernate.exception.ConstraintViolationException: could not execute statement [Unique index or primary key violation: "PUBLIC.CONSTRAINT_INDEX_5 ON PUBLIC.REWARD_LEDGER(TRANSACTION_ID NULLS FIRST) VALUES ( /* 2 */ '6cc97087-918a-4a8b-8e34-2c48bb47bf58' )"; SQL statement:
insert into reward_ledger (account_id,created_on,points_earned,transaction_id,id) values (?,?,?,?,default) [23505-224]] [insert into reward_ledger (account_id,created_on,points_earned,transaction_id,id) values (?,?,?,?,default)]
	at org.hibernate.exception.internal.SQLExceptionTypeDelegate.convert(SQLExceptionTypeDelegate.java:62)
	at org.hibernate.exception.internal.StandardSQLExceptionConverter.convert(StandardSQLExceptionConverter.java:58)
	at org.hibernate.engine.jdbc.spi.SqlExceptionHelper.convert(SqlExceptionHelper.java:108)
	at org.hibernate.engine.jdbc.internal.ResultSetReturnImpl.executeUpdate(ResultSetReturnImpl.java:197)
	at org.hibernate.id.insert.GetGeneratedKeysDelegate.performInsert(GetGeneratedKeysDelegate.java:107)
	at org.hibernate.engine.jdbc.mutation.internal.MutationExecutorPostInsertSingleTable.execute(MutationExecutorPostInsertSingleTable.java:100)
	at org.hibernate.persister.entity.mutation.InsertCoordinator.doStaticInserts(InsertCoordinator.java:175)
	at org.hibernate.persister.entity.mutation.InsertCoordinator.coordinateInsert(InsertCoordinator.java:113)
	at org.hibernate.persister.entity.AbstractEntityPersister.insert(AbstractEntityPersister.java:2868)
	at org.hibernate.action.internal.EntityIdentityInsertAction.execute(EntityIdentityInsertAction.java:81)
	at org.hibernate.engine.spi.ActionQueue.execute(ActionQueue.java:670)
	at org.hibernate.engine.spi.ActionQueue.addResolvedEntityInsertAction(ActionQueue.java:291)
	at org.hibernate.engine.spi.ActionQueue.addInsertAction(ActionQueue.java:272)
	at org.hibernate.engine.spi.ActionQueue.addAction(ActionQueue.java:322)
	at org.hibernate.event.internal.AbstractSaveEventListener.addInsertAction(AbstractSaveEventListener.java:386)
	at org.hibernate.event.internal.AbstractSaveEventListener.performSaveOrReplicate(AbstractSaveEventListener.java:300)
	at org.hibernate.event.internal.AbstractSaveEventListener.performSave(AbstractSaveEventListener.java:219)
	at org.hibernate.event.internal.AbstractSaveEventListener.saveWithGeneratedId(AbstractSaveEventListener.java:134)
	at org.hibernate.event.internal.DefaultPersistEventListener.entityIsTransient(DefaultPersistEventListener.java:175)
	at org.hibernate.event.internal.DefaultPersistEventListener.persist(DefaultPersistEventListener.java:93)
	at org.hibernate.event.internal.DefaultPersistEventListener.onPersist(DefaultPersistEventListener.java:77)
	at org.hibernate.event.internal.DefaultPersistEventListener.onPersist(DefaultPersistEventListener.java:54)
	at org.hibernate.event.service.internal.EventListenerGroupImpl.fireEventOnEachListener(EventListenerGroupImpl.java:127)
	at org.hibernate.internal.SessionImpl.firePersist(SessionImpl.java:774)
	at org.hibernate.internal.SessionImpl.persist(SessionImpl.java:758)
	at java.base/jdk.internal.reflect.NativeMethodAccessorImpl.invoke0(Native Method)
	at java.base/jdk.internal.reflect.NativeMethodAccessorImpl.invoke(NativeMethodAccessorImpl.java:77)
	at java.base/jdk.internal.reflect.DelegatingMethodAccessorImpl.invoke(DelegatingMethodAccessorImpl.java:43)
	at java.base/java.lang.reflect.Method.invoke(Method.java:568)
	at org.springframework.orm.jpa.ExtendedEntityManagerCreator$ExtendedEntityManagerInvocationHandler.invoke(ExtendedEntityManagerCreator.java:364)
	at jdk.proxy2/jdk.proxy2.$Proxy151.persist(Unknown Source)
	at java.base/jdk.internal.reflect.NativeMethodAccessorImpl.invoke0(Native Method)
	at java.base/jdk.internal.reflect.NativeMethodAccessorImpl.invoke(NativeMethodAccessorImpl.java:77)
	at java.base/jdk.internal.reflect.DelegatingMethodAccessorImpl.invoke(DelegatingMethodAccessorImpl.java:43)
	at java.base/java.lang.reflect.Method.invoke(Method.java:568)
	at org.springframework.orm.jpa.SharedEntityManagerCreator$SharedEntityManagerInvocationHandler.invoke(SharedEntityManagerCreator.java:319)
	at jdk.proxy2/jdk.proxy2.$Proxy151.persist(Unknown Source)
	at org.springframework.data.jpa.repository.support.SimpleJpaRepository.save(SimpleJpaRepository.java:618)
	at java.base/jdk.internal.reflect.NativeMethodAccessorImpl.invoke0(Native Method)
	at java.base/jdk.internal.reflect.NativeMethodAccessorImpl.invoke(NativeMethodAccessorImpl.java:77)
	at java.base/jdk.internal.reflect.DelegatingMethodAccessorImpl.invoke(DelegatingMethodAccessorImpl.java:43)
	at java.base/java.lang.reflect.Method.invoke(Method.java:568)
	at org.springframework.aop.support.AopUtils.invokeJoinpointUsingReflection(AopUtils.java:351)
	at org.springframework.data.repository.core.support.RepositoryMethodInvoker$RepositoryFragmentMethodInvoker.lambda$new$0(RepositoryMethodInvoker.java:277)
	at org.springframework.data.repository.core.support.RepositoryMethodInvoker.doInvoke(RepositoryMethodInvoker.java:170)
	at org.springframework.data.repository.core.support.RepositoryMethodInvoker.invoke(RepositoryMethodInvoker.java:158)
	at org.springframework.data.repository.core.support.RepositoryComposition$RepositoryFragments.invoke(RepositoryComposition.java:516)
	at org.springframework.data.repository.core.support.RepositoryComposition.invoke(RepositoryComposition.java:285)
	at org.springframework.data.repository.core.support.RepositoryFactorySupport$ImplementationMethodExecutionInterceptor.invoke(RepositoryFactorySupport.java:628)
	at org.springframework.aop.framework.ReflectiveMethodInvocation.proceed(ReflectiveMethodInvocation.java:184)
	at org.springframework.data.repository.core.support.QueryExecutorMethodInterceptor.doInvoke(QueryExecutorMethodInterceptor.java:168)
	at org.springframework.data.repository.core.support.QueryExecutorMethodInterceptor.invoke(QueryExecutorMethodInterceptor.java:143)
	at org.springframework.aop.framework.ReflectiveMethodInvocation.proceed(ReflectiveMethodInvocation.java:184)
	at org.springframework.data.projection.DefaultMethodInvokingMethodInterceptor.invoke(DefaultMethodInvokingMethodInterceptor.java:70)
	at org.springframework.aop.framework.ReflectiveMethodInvocation.proceed(ReflectiveMethodInvocation.java:184)
	at org.springframework.transaction.interceptor.TransactionInterceptor$1.proceedWithInvocation(TransactionInterceptor.java:123)
	at org.springframework.transaction.interceptor.TransactionAspectSupport.invokeWithinTransaction(TransactionAspectSupport.java:385)
	at org.springframework.transaction.interceptor.TransactionInterceptor.invoke(TransactionInterceptor.java:119)
	at org.springframework.aop.framework.ReflectiveMethodInvocation.proceed(ReflectiveMethodInvocation.java:184)
	at org.springframework.dao.support.PersistenceExceptionTranslationInterceptor.invoke(PersistenceExceptionTranslationInterceptor.java:137)
	... 199 common frames omitted
Caused by: org.h2.jdbc.JdbcSQLIntegrityConstraintViolationException: Unique index or primary key violation: "PUBLIC.CONSTRAINT_INDEX_5 ON PUBLIC.REWARD_LEDGER(TRANSACTION_ID NULLS FIRST) VALUES ( /* 2 */ '6cc97087-918a-4a8b-8e34-2c48bb47bf58' )"; SQL statement:
insert into reward_ledger (account_id,created_on,points_earned,transaction_id,id) values (?,?,?,?,default) [23505-224]
	at org.h2.message.DbException.getJdbcSQLException(DbException.java:520)
	at org.h2.message.DbException.getJdbcSQLException(DbException.java:489)
	at org.h2.message.DbException.get(DbException.java:223)
	at org.h2.message.DbException.get(DbException.java:199)
	at org.h2.index.Index.getDuplicateKeyException(Index.java:527)
	at org.h2.mvstore.db.MVSecondaryIndex.checkUnique(MVSecondaryIndex.java:223)
	at org.h2.mvstore.db.MVSecondaryIndex.add(MVSecondaryIndex.java:184)
	at org.h2.mvstore.db.MVTable.addRow(MVTable.java:519)
	at org.h2.command.dml.Insert.insertRows(Insert.java:174)
	at org.h2.command.dml.Insert.update(Insert.java:135)
	at org.h2.command.CommandContainer.executeUpdateWithGeneratedKeys(CommandContainer.java:242)
	at org.h2.command.CommandContainer.update(CommandContainer.java:163)
	at org.h2.command.Command.executeUpdate(Command.java:256)
	at org.h2.jdbc.JdbcPreparedStatement.executeUpdateInternal(JdbcPreparedStatement.java:216)
	at org.h2.jdbc.JdbcPreparedStatement.executeUpdate(JdbcPreparedStatement.java:174)
	at com.zaxxer.hikari.pool.ProxyPreparedStatement.executeUpdate(ProxyPreparedStatement.java:61)
	at com.zaxxer.hikari.pool.HikariProxyPreparedStatement.executeUpdate(HikariProxyPreparedStatement.java)
	at org.hibernate.engine.jdbc.internal.ResultSetReturnImpl.executeUpdate(ResultSetReturnImpl.java:194)
	... 255 common frames omitted
2026-06-19 10:06:46 [SpringApplicationShutdownHook] INFO  o.s.o.j.LocalContainerEntityManagerFactoryBean - Closing JPA EntityManagerFactory for persistence unit 'default'
2026-06-19 10:06:46 [SpringApplicationShutdownHook] INFO  com.zaxxer.hikari.HikariDataSource - HikariPool-1 - Shutdown initiated...
2026-06-19 10:06:46 [SpringApplicationShutdownHook] INFO  com.zaxxer.hikari.HikariDataSource - HikariPool-1 - Shutdown completed.
2026-06-19 10:06:58 [background-preinit] INFO  o.h.validator.internal.util.Version - HV000001: Hibernate Validator 8.0.1.Final
2026-06-19 10:06:58 [main] INFO  c.b.t.MoneyTransferSystemApplication - Starting MoneyTransferSystemApplication using Java 17.0.12 with PID 1528 (C:\Users\user\Desktop\projects\mts\target\classes started by user in C:\Users\user\Desktop\projects\mts)
2026-06-19 10:06:58 [main] INFO  c.b.t.MoneyTransferSystemApplication - No active profile set, falling back to 1 default profile: "default"
2026-06-19 10:06:59 [main] INFO  o.s.d.r.c.RepositoryConfigurationDelegate - Bootstrapping Spring Data JPA repositories in DEFAULT mode.
2026-06-19 10:06:59 [main] INFO  o.s.d.r.c.RepositoryConfigurationDelegate - Finished Spring Data repository scanning in 28 ms. Found 3 JPA repository interfaces.
2026-06-19 10:06:59 [main] INFO  o.s.b.w.e.tomcat.TomcatWebServer - Tomcat initialized with port 8080 (http)
2026-06-19 10:06:59 [main] INFO  o.a.coyote.http11.Http11NioProtocol - Initializing ProtocolHandler ["http-nio-8080"]
2026-06-19 10:06:59 [main] INFO  o.a.catalina.core.StandardService - Starting service [Tomcat]
2026-06-19 10:06:59 [main] INFO  o.a.catalina.core.StandardEngine - Starting Servlet engine: [Apache Tomcat/10.1.18]
2026-06-19 10:06:59 [main] INFO  o.a.c.c.C.[Tomcat].[localhost].[/] - Initializing Spring embedded WebApplicationContext
2026-06-19 10:06:59 [main] INFO  o.s.b.w.s.c.ServletWebServerApplicationContext - Root WebApplicationContext: initialization completed in 1024 ms
2026-06-19 10:06:59 [main] INFO  com.zaxxer.hikari.HikariDataSource - HikariPool-1 - Starting...
2026-06-19 10:07:00 [main] INFO  com.zaxxer.hikari.pool.HikariPool - HikariPool-1 - Added connection conn0: url=jdbc:h2:mem:transferdb user=SA
2026-06-19 10:07:00 [main] INFO  com.zaxxer.hikari.HikariDataSource - HikariPool-1 - Start completed.
2026-06-19 10:07:00 [main] INFO  o.s.b.a.h.H2ConsoleAutoConfiguration - H2 console available at '/h2-console'. Database available at 'jdbc:h2:mem:transferdb'
2026-06-19 10:07:00 [main] INFO  o.h.jpa.internal.util.LogHelper - HHH000204: Processing PersistenceUnitInfo [name: default]
2026-06-19 10:07:00 [main] INFO  org.hibernate.Version - HHH000412: Hibernate ORM core version 6.4.1.Final
2026-06-19 10:07:00 [main] INFO  o.h.c.i.RegionFactoryInitiator - HHH000026: Second-level cache disabled
2026-06-19 10:07:00 [main] INFO  o.s.o.j.p.SpringPersistenceUnitInfo - No LoadTimeWeaver setup: ignoring JPA class transformer
2026-06-19 10:07:00 [main] WARN  org.hibernate.orm.deprecation - HHH90000025: H2Dialect does not need to be specified explicitly using 'hibernate.dialect' (remove the property setting and it will be selected by default)
2026-06-19 10:07:00 [main] INFO  o.h.e.t.j.p.i.JtaPlatformInitiator - HHH000489: No JTA platform available (set 'hibernate.transaction.jta.platform' to enable JTA platform integration)
2026-06-19 10:07:00 [main] INFO  o.s.o.j.LocalContainerEntityManagerFactoryBean - Initialized JPA EntityManagerFactory for persistence unit 'default'
2026-06-19 10:07:01 [main] INFO  o.s.d.j.r.query.QueryEnhancerFactory - Hibernate is in classpath; If applicable, HQL parser will be used.
2026-06-19 10:07:01 [main] WARN  o.s.b.a.o.j.JpaBaseConfiguration$JpaWebConfiguration - spring.jpa.open-in-view is enabled by default. Therefore, database queries may be performed during view rendering. Explicitly configure spring.jpa.open-in-view to disable this warning
2026-06-19 10:07:01 [main] INFO  o.s.b.a.e.web.EndpointLinksResolver - Exposing 1 endpoint(s) beneath base path '/actuator'
2026-06-19 10:07:01 [main] INFO  o.s.s.web.DefaultSecurityFilterChain - Will secure any request with [org.springframework.security.web.session.DisableEncodeUrlFilter@22a7d2f2, org.springframework.security.web.context.request.async.WebAsyncManagerIntegrationFilter@22479830, org.springframework.security.web.context.SecurityContextHolderFilter@10b6a807, org.springframework.security.web.header.HeaderWriterFilter@1f978bb1, org.springframework.web.filter.CorsFilter@45a33515, org.springframework.web.filter.CorsFilter@7effa21e, org.springframework.security.web.authentication.logout.LogoutFilter@52f0b3d8, org.springframework.security.web.authentication.www.BasicAuthenticationFilter@435e857c, org.springframework.security.web.savedrequest.RequestCacheAwareFilter@2fe26f79, org.springframework.security.web.servletapi.SecurityContextHolderAwareRequestFilter@60cfa399, org.springframework.security.web.authentication.AnonymousAuthenticationFilter@6253df71, org.springframework.security.web.access.ExceptionTranslationFilter@c8293cb, org.springframework.security.web.access.intercept.AuthorizationFilter@99a8a49]
2026-06-19 10:07:02 [main] INFO  o.a.coyote.http11.Http11NioProtocol - Starting ProtocolHandler ["http-nio-8080"]
2026-06-19 10:07:02 [main] INFO  o.s.b.w.e.tomcat.TomcatWebServer - Tomcat started on port 8080 (http) with context path ''
2026-06-19 10:07:02 [main] INFO  c.b.t.MoneyTransferSystemApplication - Started MoneyTransferSystemApplication in 3.696 seconds (process running for 3.93)
2026-06-19 10:07:09 [http-nio-8080-exec-1] INFO  o.a.c.c.C.[Tomcat].[localhost].[/] - Initializing Spring DispatcherServlet 'dispatcherServlet'
2026-06-19 10:07:09 [http-nio-8080-exec-1] INFO  o.s.web.servlet.DispatcherServlet - Initializing Servlet 'dispatcherServlet'
2026-06-19 10:07:09 [http-nio-8080-exec-1] INFO  o.s.web.servlet.DispatcherServlet - Completed initialization in 1 ms
2026-06-19 10:07:21 [http-nio-8080-exec-2] INFO  c.b.transfer.aspect.LoggingAspect - [AOP] Entering AccountService.createAccount
2026-06-19 10:07:21 [http-nio-8080-exec-2] INFO  c.b.transfer.service.AccountService - Creating account for username: Kartikey
2026-06-19 10:07:21 [http-nio-8080-exec-2] INFO  c.b.transfer.service.AccountService - Account created successfully with ID: 1
2026-06-19 10:07:21 [http-nio-8080-exec-2] INFO  c.b.transfer.aspect.LoggingAspect - [AOP] Exiting AccountService.createAccount - Execution time: 105ms
2026-06-19 10:07:32 [http-nio-8080-exec-3] INFO  c.b.transfer.aspect.LoggingAspect - [AOP] Entering AccountService.createAccount
2026-06-19 10:07:32 [http-nio-8080-exec-3] INFO  c.b.transfer.service.AccountService - Creating account for username: KSI
2026-06-19 10:07:32 [http-nio-8080-exec-3] INFO  c.b.transfer.service.AccountService - Account created successfully with ID: 2
2026-06-19 10:07:32 [http-nio-8080-exec-3] INFO  c.b.transfer.aspect.LoggingAspect - [AOP] Exiting AccountService.createAccount - Execution time: 64ms
2026-06-19 10:07:44 [http-nio-8080-exec-4] INFO  c.b.transfer.aspect.LoggingAspect - [AOP] Entering AccountService.login
2026-06-19 10:07:44 [http-nio-8080-exec-4] INFO  c.b.transfer.service.AccountService - Login attempt for username: Kartikey
2026-06-19 10:07:44 [http-nio-8080-exec-4] INFO  c.b.transfer.service.AccountService - Login successful for username: Kartikey
2026-06-19 10:07:44 [http-nio-8080-exec-4] INFO  c.b.transfer.aspect.LoggingAspect - [AOP] Exiting AccountService.login - Execution time: 64ms
2026-06-19 10:07:44 [http-nio-8080-exec-5] INFO  c.b.transfer.aspect.LoggingAspect - [AOP] Entering AccountService.getAccountResponse
2026-06-19 10:07:44 [http-nio-8080-exec-6] INFO  c.b.transfer.aspect.LoggingAspect - [AOP] Entering RewardService.getRewardSummary
2026-06-19 10:07:44 [http-nio-8080-exec-5] INFO  c.b.transfer.aspect.LoggingAspect - [AOP] Exiting AccountService.getAccountResponse - Execution time: 6ms
2026-06-19 10:07:44 [http-nio-8080-exec-6] INFO  c.b.transfer.aspect.LoggingAspect - [AOP] Exiting RewardService.getRewardSummary - Execution time: 16ms
2026-06-19 10:07:45 [http-nio-8080-exec-7] INFO  c.b.transfer.aspect.LoggingAspect - [AOP] Entering RewardService.getRewardSummary
2026-06-19 10:07:45 [http-nio-8080-exec-7] INFO  c.b.transfer.aspect.LoggingAspect - [AOP] Exiting RewardService.getRewardSummary - Execution time: 4ms
2026-06-19 10:07:53 [http-nio-8080-exec-8] INFO  c.b.transfer.aspect.LoggingAspect - [AOP] Entering TransferService.transfer
2026-06-19 10:07:53 [http-nio-8080-exec-8] INFO  c.b.transfer.service.TransferService - Processing transfer from 1 to 2 for total amount ₹100000. Reward redemption: false
2026-06-19 10:07:53 [http-nio-8080-exec-8] INFO  c.b.transfer.aspect.LoggingAspect - [AOP] Entering RewardService.processReward
2026-06-19 10:07:53 [http-nio-8080-exec-8] INFO  c.b.transfer.service.RewardService - Reward granted: 1000 points to account 1 based on cash spend of ₹100000
2026-06-19 10:07:53 [http-nio-8080-exec-8] INFO  c.b.transfer.aspect.LoggingAspect - [AOP] Exiting RewardService.processReward - Execution time: 7ms
2026-06-19 10:07:53 [http-nio-8080-exec-8] INFO  c.b.transfer.aspect.LoggingAspect - [AOP] Exiting TransferService.transfer - Execution time: 14ms
2026-06-19 10:07:55 [http-nio-8080-exec-10] INFO  c.b.transfer.aspect.LoggingAspect - [AOP] Entering RewardService.getRewardSummary
2026-06-19 10:07:55 [http-nio-8080-exec-9] INFO  c.b.transfer.aspect.LoggingAspect - [AOP] Entering AccountService.getAccountResponse
2026-06-19 10:07:55 [http-nio-8080-exec-9] INFO  c.b.transfer.aspect.LoggingAspect - [AOP] Exiting AccountService.getAccountResponse - Execution time: 2ms
2026-06-19 10:07:55 [http-nio-8080-exec-10] INFO  c.b.transfer.aspect.LoggingAspect - [AOP] Exiting RewardService.getRewardSummary - Execution time: 6ms
2026-06-19 10:07:58 [http-nio-8080-exec-1] INFO  c.b.transfer.aspect.LoggingAspect - [AOP] Entering RewardService.getRewardSummary
2026-06-19 10:07:58 [http-nio-8080-exec-1] INFO  c.b.transfer.aspect.LoggingAspect - [AOP] Exiting RewardService.getRewardSummary - Execution time: 3ms
2026-06-19 10:08:17 [http-nio-8080-exec-2] INFO  c.b.transfer.aspect.LoggingAspect - [AOP] Entering TransferService.transfer
2026-06-19 10:08:17 [http-nio-8080-exec-2] INFO  c.b.transfer.service.TransferService - Processing transfer from 1 to 2 for total amount ₹1000. Reward redemption: true
2026-06-19 10:08:17 [http-nio-8080-exec-2] INFO  c.b.transfer.aspect.LoggingAspect - [AOP] Entering RewardService.getRewardSummary
2026-06-19 10:08:17 [http-nio-8080-exec-2] INFO  c.b.transfer.aspect.LoggingAspect - [AOP] Exiting RewardService.getRewardSummary - Execution time: 2ms
2026-06-19 10:08:17 [http-nio-8080-exec-2] INFO  c.b.transfer.aspect.LoggingAspect - [AOP] Entering RewardService.redeemPoints
2026-06-19 10:08:17 [http-nio-8080-exec-2] INFO  c.b.transfer.service.RewardService - Redeeming 1000 reward points from account 1 for transaction 08a58b71-1d46-4839-aa94-fa011abb3cf4
2026-06-19 10:08:17 [http-nio-8080-exec-2] INFO  c.b.transfer.aspect.LoggingAspect - [AOP] Exiting RewardService.redeemPoints - Execution time: 3ms
2026-06-19 10:08:17 [http-nio-8080-exec-2] INFO  c.b.transfer.aspect.LoggingAspect - [AOP] Entering RewardService.processReward
2026-06-19 10:08:17 [http-nio-8080-exec-2] WARN  c.b.transfer.service.RewardService - Reward ledger entry already exists for transaction 08a58b71-1d46-4839-aa94-fa011abb3cf4. Skipping processing.
2026-06-19 10:08:17 [http-nio-8080-exec-2] INFO  c.b.transfer.aspect.LoggingAspect - [AOP] Exiting RewardService.processReward - Execution time: 2ms
2026-06-19 10:08:17 [http-nio-8080-exec-2] INFO  c.b.transfer.aspect.LoggingAspect - [AOP] Exiting TransferService.transfer - Execution time: 12ms
2026-06-19 10:08:19 [http-nio-8080-exec-3] INFO  c.b.transfer.aspect.LoggingAspect - [AOP] Entering AccountService.getAccountResponse
2026-06-19 10:08:19 [http-nio-8080-exec-3] INFO  c.b.transfer.aspect.LoggingAspect - [AOP] Exiting AccountService.getAccountResponse - Execution time: 2ms
2026-06-19 10:08:19 [http-nio-8080-exec-4] INFO  c.b.transfer.aspect.LoggingAspect - [AOP] Entering RewardService.getRewardSummary
2026-06-19 10:08:19 [http-nio-8080-exec-4] INFO  c.b.transfer.aspect.LoggingAspect - [AOP] Exiting RewardService.getRewardSummary - Execution time: 3ms
2026-06-19 10:08:23 [http-nio-8080-exec-5] INFO  c.b.transfer.aspect.LoggingAspect - [AOP] Entering RewardService.getRewardSummary
2026-06-19 10:08:23 [http-nio-8080-exec-5] INFO  c.b.transfer.aspect.LoggingAspect - [AOP] Exiting RewardService.getRewardSummary - Execution time: 3ms
2026-06-19 10:08:25 [http-nio-8080-exec-6] INFO  c.b.transfer.aspect.LoggingAspect - [AOP] Entering AccountService.getAccountResponse
2026-06-19 10:08:25 [http-nio-8080-exec-7] INFO  c.b.transfer.aspect.LoggingAspect - [AOP] Entering RewardService.getRewardSummary
2026-06-19 10:08:25 [http-nio-8080-exec-6] INFO  c.b.transfer.aspect.LoggingAspect - [AOP] Exiting AccountService.getAccountResponse - Execution time: 2ms
2026-06-19 10:08:25 [http-nio-8080-exec-7] INFO  c.b.transfer.aspect.LoggingAspect - [AOP] Exiting RewardService.getRewardSummary - Execution time: 3ms
2026-06-19 10:08:36 [http-nio-8080-exec-8] INFO  c.b.transfer.aspect.LoggingAspect - [AOP] Entering AccountService.login
2026-06-19 10:08:36 [http-nio-8080-exec-8] INFO  c.b.transfer.service.AccountService - Login attempt for username: KSI
2026-06-19 10:08:36 [http-nio-8080-exec-8] INFO  c.b.transfer.service.AccountService - Login successful for username: KSI
2026-06-19 10:08:36 [http-nio-8080-exec-8] INFO  c.b.transfer.aspect.LoggingAspect - [AOP] Exiting AccountService.login - Execution time: 73ms
2026-06-19 10:08:36 [http-nio-8080-exec-9] INFO  c.b.transfer.aspect.LoggingAspect - [AOP] Entering AccountService.getAccountResponse
2026-06-19 10:08:36 [http-nio-8080-exec-10] INFO  c.b.transfer.aspect.LoggingAspect - [AOP] Entering RewardService.getRewardSummary
2026-06-19 10:08:36 [http-nio-8080-exec-9] INFO  c.b.transfer.aspect.LoggingAspect - [AOP] Exiting AccountService.getAccountResponse - Execution time: 1ms
2026-06-19 10:08:36 [http-nio-8080-exec-10] INFO  c.b.transfer.aspect.LoggingAspect - [AOP] Exiting RewardService.getRewardSummary - Execution time: 4ms
2026-06-19 10:08:39 [http-nio-8080-exec-2] INFO  c.b.transfer.aspect.LoggingAspect - [AOP] Entering AccountService.getTransactions
2026-06-19 10:08:39 [http-nio-8080-exec-2] INFO  c.b.transfer.aspect.LoggingAspect - [AOP] Exiting AccountService.getTransactions - Execution time: 6ms
2026-06-19 10:08:50 [http-nio-8080-exec-4] INFO  c.b.transfer.aspect.LoggingAspect - [AOP] Entering RewardService.getRewardSummary
2026-06-19 10:08:50 [http-nio-8080-exec-3] INFO  c.b.transfer.aspect.LoggingAspect - [AOP] Entering AccountService.getAccountResponse
2026-06-19 10:08:50 [http-nio-8080-exec-3] INFO  c.b.transfer.aspect.LoggingAspect - [AOP] Exiting AccountService.getAccountResponse - Execution time: 2ms
2026-06-19 10:08:50 [http-nio-8080-exec-4] INFO  c.b.transfer.aspect.LoggingAspect - [AOP] Exiting RewardService.getRewardSummary - Execution time: 4ms
2026-06-19 10:08:59 [SpringApplicationShutdownHook] INFO  o.s.o.j.LocalContainerEntityManagerFactoryBean - Closing JPA EntityManagerFactory for persistence unit 'default'
2026-06-19 10:08:59 [SpringApplicationShutdownHook] INFO  com.zaxxer.hikari.HikariDataSource - HikariPool-1 - Shutdown initiated...
2026-06-19 10:08:59 [SpringApplicationShutdownHook] INFO  com.zaxxer.hikari.HikariDataSource - HikariPool-1 - Shutdown completed.
2026-06-19 10:09:00 [background-preinit] INFO  o.h.validator.internal.util.Version - HV000001: Hibernate Validator 8.0.1.Final
2026-06-19 10:09:00 [main] INFO  c.b.t.MoneyTransferSystemApplication - Starting MoneyTransferSystemApplication using Java 17.0.12 with PID 7280 (C:\Users\user\Desktop\projects\mts\target\classes started by user in C:\Users\user\Desktop\projects\mts)
2026-06-19 10:09:00 [main] INFO  c.b.t.MoneyTransferSystemApplication - No active profile set, falling back to 1 default profile: "default"
2026-06-19 10:09:01 [main] INFO  o.s.d.r.c.RepositoryConfigurationDelegate - Bootstrapping Spring Data JPA repositories in DEFAULT mode.
2026-06-19 10:09:01 [main] INFO  o.s.d.r.c.RepositoryConfigurationDelegate - Finished Spring Data repository scanning in 30 ms. Found 3 JPA repository interfaces.
2026-06-19 10:09:02 [main] INFO  o.s.b.w.e.tomcat.TomcatWebServer - Tomcat initialized with port 8080 (http)
2026-06-19 10:09:02 [main] INFO  o.a.coyote.http11.Http11NioProtocol - Initializing ProtocolHandler ["http-nio-8080"]
2026-06-19 10:09:02 [main] INFO  o.a.catalina.core.StandardService - Starting service [Tomcat]
2026-06-19 10:09:02 [main] INFO  o.a.catalina.core.StandardEngine - Starting Servlet engine: [Apache Tomcat/10.1.18]
2026-06-19 10:09:02 [main] INFO  o.a.c.c.C.[Tomcat].[localhost].[/] - Initializing Spring embedded WebApplicationContext
2026-06-19 10:09:02 [main] INFO  o.s.b.w.s.c.ServletWebServerApplicationContext - Root WebApplicationContext: initialization completed in 1067 ms
2026-06-19 10:09:02 [main] INFO  com.zaxxer.hikari.HikariDataSource - HikariPool-1 - Starting...
2026-06-19 10:09:02 [main] INFO  com.zaxxer.hikari.pool.HikariPool - HikariPool-1 - Added connection conn0: url=jdbc:h2:mem:transferdb user=SA
2026-06-19 10:09:02 [main] INFO  com.zaxxer.hikari.HikariDataSource - HikariPool-1 - Start completed.
2026-06-19 10:09:02 [main] INFO  o.s.b.a.h.H2ConsoleAutoConfiguration - H2 console available at '/h2-console'. Database available at 'jdbc:h2:mem:transferdb'
2026-06-19 10:09:02 [main] INFO  o.h.jpa.internal.util.LogHelper - HHH000204: Processing PersistenceUnitInfo [name: default]
2026-06-19 10:09:02 [main] INFO  org.hibernate.Version - HHH000412: Hibernate ORM core version 6.4.1.Final
2026-06-19 10:09:02 [main] INFO  o.h.c.i.RegionFactoryInitiator - HHH000026: Second-level cache disabled
2026-06-19 10:09:02 [main] INFO  o.s.o.j.p.SpringPersistenceUnitInfo - No LoadTimeWeaver setup: ignoring JPA class transformer
2026-06-19 10:09:02 [main] WARN  org.hibernate.orm.deprecation - HHH90000025: H2Dialect does not need to be specified explicitly using 'hibernate.dialect' (remove the property setting and it will be selected by default)
2026-06-19 10:09:03 [main] INFO  o.h.e.t.j.p.i.JtaPlatformInitiator - HHH000489: No JTA platform available (set 'hibernate.transaction.jta.platform' to enable JTA platform integration)
2026-06-19 10:09:03 [main] INFO  o.s.o.j.LocalContainerEntityManagerFactoryBean - Initialized JPA EntityManagerFactory for persistence unit 'default'
2026-06-19 10:09:03 [main] INFO  o.s.d.j.r.query.QueryEnhancerFactory - Hibernate is in classpath; If applicable, HQL parser will be used.
2026-06-19 10:09:03 [main] WARN  o.s.b.a.o.j.JpaBaseConfiguration$JpaWebConfiguration - spring.jpa.open-in-view is enabled by default. Therefore, database queries may be performed during view rendering. Explicitly configure spring.jpa.open-in-view to disable this warning
2026-06-19 10:09:03 [main] INFO  o.s.b.a.e.web.EndpointLinksResolver - Exposing 1 endpoint(s) beneath base path '/actuator'
2026-06-19 10:09:04 [main] INFO  o.s.s.web.DefaultSecurityFilterChain - Will secure any request with [org.springframework.security.web.session.DisableEncodeUrlFilter@47ce44ab, org.springframework.security.web.context.request.async.WebAsyncManagerIntegrationFilter@48f27e0b, org.springframework.security.web.context.SecurityContextHolderFilter@79205848, org.springframework.security.web.header.HeaderWriterFilter@6e38e95, org.springframework.web.filter.CorsFilter@441eae0b, org.springframework.web.filter.CorsFilter@26562718, org.springframework.security.web.authentication.logout.LogoutFilter@79b01476, org.springframework.security.web.authentication.www.BasicAuthenticationFilter@73f937d9, org.springframework.security.web.savedrequest.RequestCacheAwareFilter@64ce7e6f, org.springframework.security.web.servletapi.SecurityContextHolderAwareRequestFilter@5d1acb3a, org.springframework.security.web.authentication.AnonymousAuthenticationFilter@1388c465, org.springframework.security.web.access.ExceptionTranslationFilter@62b903ae, org.springframework.security.web.access.intercept.AuthorizationFilter@22a7d2f2]
2026-06-19 10:09:04 [main] INFO  o.a.coyote.http11.Http11NioProtocol - Starting ProtocolHandler ["http-nio-8080"]
2026-06-19 10:09:04 [main] INFO  o.s.b.w.e.tomcat.TomcatWebServer - Tomcat started on port 8080 (http) with context path ''
2026-06-19 10:09:04 [main] INFO  c.b.t.MoneyTransferSystemApplication - Started MoneyTransferSystemApplication in 3.691 seconds (process running for 3.969)
2026-06-19 10:09:24 [http-nio-8080-exec-1] INFO  o.a.c.c.C.[Tomcat].[localhost].[/] - Initializing Spring DispatcherServlet 'dispatcherServlet'
2026-06-19 10:09:24 [http-nio-8080-exec-1] INFO  o.s.web.servlet.DispatcherServlet - Initializing Servlet 'dispatcherServlet'
2026-06-19 10:09:24 [http-nio-8080-exec-1] INFO  o.s.web.servlet.DispatcherServlet - Completed initialization in 2 ms
2026-06-19 10:09:24 [http-nio-8080-exec-1] INFO  c.b.transfer.aspect.LoggingAspect - [AOP] Entering AccountService.createAccount
2026-06-19 10:09:24 [http-nio-8080-exec-1] INFO  c.b.transfer.service.AccountService - Creating account for username: Kartikey
2026-06-19 10:09:25 [http-nio-8080-exec-1] INFO  c.b.transfer.service.AccountService - Account created successfully with ID: 1
2026-06-19 10:09:25 [http-nio-8080-exec-1] INFO  c.b.transfer.aspect.LoggingAspect - [AOP] Exiting AccountService.createAccount - Execution time: 186ms
2026-06-19 10:09:36 [http-nio-8080-exec-3] INFO  c.b.transfer.aspect.LoggingAspect - [AOP] Entering AccountService.createAccount
2026-06-19 10:09:36 [http-nio-8080-exec-3] INFO  c.b.transfer.service.AccountService - Creating account for username: KSI
2026-06-19 10:09:36 [http-nio-8080-exec-3] INFO  c.b.transfer.service.AccountService - Account created successfully with ID: 2
2026-06-19 10:09:36 [http-nio-8080-exec-3] INFO  c.b.transfer.aspect.LoggingAspect - [AOP] Exiting AccountService.createAccount - Execution time: 62ms
2026-06-19 10:09:42 [http-nio-8080-exec-5] INFO  c.b.transfer.aspect.LoggingAspect - [AOP] Entering AccountService.login
2026-06-19 10:09:42 [http-nio-8080-exec-5] INFO  c.b.transfer.service.AccountService - Login attempt for username: Kartikey
2026-06-19 10:09:42 [http-nio-8080-exec-5] INFO  c.b.transfer.service.AccountService - Login successful for username: Kartikey
2026-06-19 10:09:42 [http-nio-8080-exec-5] INFO  c.b.transfer.aspect.LoggingAspect - [AOP] Exiting AccountService.login - Execution time: 71ms
2026-06-19 10:09:42 [http-nio-8080-exec-4] INFO  c.b.transfer.aspect.LoggingAspect - [AOP] Entering AccountService.getAccountResponse
2026-06-19 10:09:42 [http-nio-8080-exec-10] INFO  c.b.transfer.aspect.LoggingAspect - [AOP] Entering RewardService.getRewardSummary
2026-06-19 10:09:42 [http-nio-8080-exec-4] INFO  c.b.transfer.aspect.LoggingAspect - [AOP] Exiting AccountService.getAccountResponse - Execution time: 7ms
2026-06-19 10:09:42 [http-nio-8080-exec-10] INFO  c.b.transfer.aspect.LoggingAspect - [AOP] Exiting RewardService.getRewardSummary - Execution time: 16ms
2026-06-19 10:09:51 [http-nio-8080-exec-6] INFO  c.b.transfer.aspect.LoggingAspect - [AOP] Entering RewardService.getRewardSummary
2026-06-19 10:09:51 [http-nio-8080-exec-6] INFO  c.b.transfer.aspect.LoggingAspect - [AOP] Exiting RewardService.getRewardSummary - Execution time: 5ms
2026-06-19 10:10:01 [http-nio-8080-exec-7] INFO  c.b.transfer.aspect.LoggingAspect - [AOP] Entering TransferService.transfer
2026-06-19 10:10:01 [http-nio-8080-exec-7] INFO  c.b.transfer.service.TransferService - Processing transfer from 1 to 2 for total amount ₹10000. Reward redemption: false
2026-06-19 10:10:01 [http-nio-8080-exec-7] INFO  c.b.transfer.aspect.LoggingAspect - [AOP] Entering RewardService.processReward
2026-06-19 10:10:01 [http-nio-8080-exec-7] INFO  c.b.transfer.service.RewardService - Reward granted: 100 points to account 1 based on cash spend of ₹10000
2026-06-19 10:10:01 [http-nio-8080-exec-7] INFO  c.b.transfer.aspect.LoggingAspect - [AOP] Exiting RewardService.processReward - Execution time: 7ms
2026-06-19 10:10:01 [http-nio-8080-exec-7] INFO  c.b.transfer.aspect.LoggingAspect - [AOP] Exiting TransferService.transfer - Execution time: 14ms
2026-06-19 10:10:03 [http-nio-8080-exec-9] INFO  c.b.transfer.aspect.LoggingAspect - [AOP] Entering RewardService.getRewardSummary
2026-06-19 10:10:03 [http-nio-8080-exec-8] INFO  c.b.transfer.aspect.LoggingAspect - [AOP] Entering AccountService.getAccountResponse
2026-06-19 10:10:03 [http-nio-8080-exec-8] INFO  c.b.transfer.aspect.LoggingAspect - [AOP] Exiting AccountService.getAccountResponse - Execution time: 2ms
2026-06-19 10:10:03 [http-nio-8080-exec-9] INFO  c.b.transfer.aspect.LoggingAspect - [AOP] Exiting RewardService.getRewardSummary - Execution time: 3ms
2026-06-19 10:10:06 [http-nio-8080-exec-2] INFO  c.b.transfer.aspect.LoggingAspect - [AOP] Entering RewardService.getRewardSummary
2026-06-19 10:10:06 [http-nio-8080-exec-2] INFO  c.b.transfer.aspect.LoggingAspect - [AOP] Exiting RewardService.getRewardSummary - Execution time: 3ms
2026-06-19 10:10:20 [http-nio-8080-exec-1] INFO  c.b.transfer.aspect.LoggingAspect - [AOP] Entering TransferService.transfer
2026-06-19 10:10:20 [http-nio-8080-exec-1] INFO  c.b.transfer.service.TransferService - Processing transfer from 1 to 2 for total amount ₹1. Reward redemption: true
2026-06-19 10:10:20 [http-nio-8080-exec-1] INFO  c.b.transfer.aspect.LoggingAspect - [AOP] Entering RewardService.getRewardSummary
2026-06-19 10:10:20 [http-nio-8080-exec-1] INFO  c.b.transfer.aspect.LoggingAspect - [AOP] Exiting RewardService.getRewardSummary - Execution time: 2ms
2026-06-19 10:10:20 [http-nio-8080-exec-1] INFO  c.b.transfer.aspect.LoggingAspect - [AOP] Entering RewardService.redeemPoints
2026-06-19 10:10:20 [http-nio-8080-exec-1] INFO  c.b.transfer.service.RewardService - Redeeming 100 reward points from account 1 for transaction 40bf5868-3862-4795-a571-b596f8c31d7d
2026-06-19 10:10:20 [http-nio-8080-exec-1] INFO  c.b.transfer.aspect.LoggingAspect - [AOP] Exiting RewardService.redeemPoints - Execution time: 2ms
2026-06-19 10:10:20 [http-nio-8080-exec-1] INFO  c.b.transfer.aspect.LoggingAspect - [AOP] Entering RewardService.processReward
2026-06-19 10:10:20 [http-nio-8080-exec-1] WARN  c.b.transfer.service.RewardService - Reward ledger entry already exists for transaction 40bf5868-3862-4795-a571-b596f8c31d7d. Skipping processing.
2026-06-19 10:10:20 [http-nio-8080-exec-1] INFO  c.b.transfer.aspect.LoggingAspect - [AOP] Exiting RewardService.processReward - Execution time: 2ms
2026-06-19 10:10:20 [http-nio-8080-exec-1] INFO  c.b.transfer.aspect.LoggingAspect - [AOP] Exiting TransferService.transfer - Execution time: 10ms
2026-06-19 10:10:21 [http-nio-8080-exec-3] INFO  c.b.transfer.aspect.LoggingAspect - [AOP] Entering AccountService.getAccountResponse
2026-06-19 10:10:21 [http-nio-8080-exec-5] INFO  c.b.transfer.aspect.LoggingAspect - [AOP] Entering RewardService.getRewardSummary
2026-06-19 10:10:21 [http-nio-8080-exec-3] INFO  c.b.transfer.aspect.LoggingAspect - [AOP] Exiting AccountService.getAccountResponse - Execution time: 2ms
2026-06-19 10:10:21 [http-nio-8080-exec-5] INFO  c.b.transfer.aspect.LoggingAspect - [AOP] Exiting RewardService.getRewardSummary - Execution time: 5ms
2026-06-19 10:10:24 [http-nio-8080-exec-10] INFO  c.b.transfer.aspect.LoggingAspect - [AOP] Entering AccountService.getTransactions
2026-06-19 10:10:24 [http-nio-8080-exec-10] INFO  c.b.transfer.aspect.LoggingAspect - [AOP] Exiting AccountService.getTransactions - Execution time: 6ms
2026-06-19 10:10:28 [http-nio-8080-exec-7] INFO  c.b.transfer.aspect.LoggingAspect - [AOP] Entering RewardService.getRewardSummary
2026-06-19 10:10:28 [http-nio-8080-exec-6] INFO  c.b.transfer.aspect.LoggingAspect - [AOP] Entering AccountService.getAccountResponse
2026-06-19 10:10:28 [http-nio-8080-exec-6] INFO  c.b.transfer.aspect.LoggingAspect - [AOP] Exiting AccountService.getAccountResponse - Execution time: 1ms
2026-06-19 10:10:28 [http-nio-8080-exec-7] INFO  c.b.transfer.aspect.LoggingAspect - [AOP] Exiting RewardService.getRewardSummary - Execution time: 4ms
2026-06-19 10:10:29 [http-nio-8080-exec-8] INFO  c.b.transfer.aspect.LoggingAspect - [AOP] Entering RewardService.getRewardSummary
2026-06-19 10:10:29 [http-nio-8080-exec-8] INFO  c.b.transfer.aspect.LoggingAspect - [AOP] Exiting RewardService.getRewardSummary - Execution time: 3ms
2026-06-19 10:10:32 [http-nio-8080-exec-9] INFO  c.b.transfer.aspect.LoggingAspect - [AOP] Entering AccountService.getAccountResponse
2026-06-19 10:10:32 [http-nio-8080-exec-9] INFO  c.b.transfer.aspect.LoggingAspect - [AOP] Exiting AccountService.getAccountResponse - Execution time: 1ms
2026-06-19 10:10:32 [http-nio-8080-exec-2] INFO  c.b.transfer.aspect.LoggingAspect - [AOP] Entering RewardService.getRewardSummary
2026-06-19 10:10:32 [http-nio-8080-exec-2] INFO  c.b.transfer.aspect.LoggingAspect - [AOP] Exiting RewardService.getRewardSummary - Execution time: 3ms
2026-06-19 10:10:34 [http-nio-8080-exec-1] INFO  c.b.transfer.aspect.LoggingAspect - [AOP] Entering AccountService.getTransactions
2026-06-19 10:10:34 [http-nio-8080-exec-1] INFO  c.b.transfer.aspect.LoggingAspect - [AOP] Exiting AccountService.getTransactions - Execution time: 4ms
2026-06-19 10:10:36 [http-nio-8080-exec-5] INFO  c.b.transfer.aspect.LoggingAspect - [AOP] Entering RewardService.getRewardSummary
2026-06-19 10:10:36 [http-nio-8080-exec-3] INFO  c.b.transfer.aspect.LoggingAspect - [AOP] Entering AccountService.getAccountResponse
2026-06-19 10:10:36 [http-nio-8080-exec-3] INFO  c.b.transfer.aspect.LoggingAspect - [AOP] Exiting AccountService.getAccountResponse - Execution time: 1ms
2026-06-19 10:10:36 [http-nio-8080-exec-5] INFO  c.b.transfer.aspect.LoggingAspect - [AOP] Exiting RewardService.getRewardSummary - Execution time: 2ms
2026-06-19 10:10:46 [http-nio-8080-exec-4] INFO  c.b.transfer.aspect.LoggingAspect - [AOP] Entering AccountService.login
2026-06-19 10:10:46 [http-nio-8080-exec-4] INFO  c.b.transfer.service.AccountService - Login attempt for username: KSI
2026-06-19 10:10:46 [http-nio-8080-exec-4] INFO  c.b.transfer.service.AccountService - Login successful for username: KSI
2026-06-19 10:10:46 [http-nio-8080-exec-4] INFO  c.b.transfer.aspect.LoggingAspect - [AOP] Exiting AccountService.login - Execution time: 63ms
2026-06-19 10:10:46 [http-nio-8080-exec-10] INFO  c.b.transfer.aspect.LoggingAspect - [AOP] Entering AccountService.getAccountResponse
2026-06-19 10:10:46 [http-nio-8080-exec-10] INFO  c.b.transfer.aspect.LoggingAspect - [AOP] Exiting AccountService.getAccountResponse - Execution time: 1ms
2026-06-19 10:10:46 [http-nio-8080-exec-6] INFO  c.b.transfer.aspect.LoggingAspect - [AOP] Entering RewardService.getRewardSummary
2026-06-19 10:10:46 [http-nio-8080-exec-6] INFO  c.b.transfer.aspect.LoggingAspect - [AOP] Exiting RewardService.getRewardSummary - Execution time: 3ms
2026-06-19 10:10:49 [http-nio-8080-exec-7] INFO  c.b.transfer.aspect.LoggingAspect - [AOP] Entering AccountService.getTransactions
2026-06-19 10:10:49 [http-nio-8080-exec-7] INFO  c.b.transfer.aspect.LoggingAspect - [AOP] Exiting AccountService.getTransactions - Execution time: 2ms
2026-06-19 10:10:50 [http-nio-8080-exec-8] INFO  c.b.transfer.aspect.LoggingAspect - [AOP] Entering AccountService.getAccountResponse
2026-06-19 10:10:50 [http-nio-8080-exec-9] INFO  c.b.transfer.aspect.LoggingAspect - [AOP] Entering RewardService.getRewardSummary
2026-06-19 10:10:50 [http-nio-8080-exec-8] INFO  c.b.transfer.aspect.LoggingAspect - [AOP] Exiting AccountService.getAccountResponse - Execution time: 1ms
2026-06-19 10:10:50 [http-nio-8080-exec-9] INFO  c.b.transfer.aspect.LoggingAspect - [AOP] Exiting RewardService.getRewardSummary - Execution time: 2ms
2026-06-19 10:10:51 [http-nio-8080-exec-2] INFO  c.b.transfer.aspect.LoggingAspect - [AOP] Entering RewardService.getRewardSummary
2026-06-19 10:10:51 [http-nio-8080-exec-2] INFO  c.b.transfer.aspect.LoggingAspect - [AOP] Exiting RewardService.getRewardSummary - Execution time: 3ms
2026-06-19 10:10:52 [http-nio-8080-exec-1] INFO  c.b.transfer.aspect.LoggingAspect - [AOP] Entering AccountService.getAccountResponse
2026-06-19 10:10:52 [http-nio-8080-exec-1] INFO  c.b.transfer.aspect.LoggingAspect - [AOP] Exiting AccountService.getAccountResponse - Execution time: 1ms
2026-06-19 10:10:52 [http-nio-8080-exec-3] INFO  c.b.transfer.aspect.LoggingAspect - [AOP] Entering RewardService.getRewardSummary
2026-06-19 10:10:52 [http-nio-8080-exec-3] INFO  c.b.transfer.aspect.LoggingAspect - [AOP] Exiting RewardService.getRewardSummary - Execution time: 2ms
2026-06-19 10:11:14 [SpringApplicationShutdownHook] INFO  o.s.o.j.LocalContainerEntityManagerFactoryBean - Closing JPA EntityManagerFactory for persistence unit 'default'
2026-06-19 10:11:14 [SpringApplicationShutdownHook] INFO  com.zaxxer.hikari.HikariDataSource - HikariPool-1 - Shutdown initiated...
2026-06-19 10:11:14 [SpringApplicationShutdownHook] INFO  com.zaxxer.hikari.HikariDataSource - HikariPool-1 - Shutdown completed.
2026-06-19 10:11:18 [background-preinit] INFO  o.h.validator.internal.util.Version - HV000001: Hibernate Validator 8.0.1.Final
2026-06-19 10:11:18 [main] INFO  c.b.t.MoneyTransferSystemApplication - Starting MoneyTransferSystemApplication using Java 17.0.12 with PID 5724 (C:\Users\user\Desktop\projects\mts\target\classes started by user in C:\Users\user\Desktop\projects\mts)
2026-06-19 10:11:18 [main] INFO  c.b.t.MoneyTransferSystemApplication - No active profile set, falling back to 1 default profile: "default"
2026-06-19 10:11:19 [main] INFO  o.s.d.r.c.RepositoryConfigurationDelegate - Bootstrapping Spring Data JPA repositories in DEFAULT mode.
2026-06-19 10:11:19 [main] INFO  o.s.d.r.c.RepositoryConfigurationDelegate - Finished Spring Data repository scanning in 29 ms. Found 3 JPA repository interfaces.
2026-06-19 10:11:19 [main] INFO  o.s.b.w.e.tomcat.TomcatWebServer - Tomcat initialized with port 8080 (http)
2026-06-19 10:11:19 [main] INFO  o.a.coyote.http11.Http11NioProtocol - Initializing ProtocolHandler ["http-nio-8080"]
2026-06-19 10:11:19 [main] INFO  o.a.catalina.core.StandardService - Starting service [Tomcat]
2026-06-19 10:11:19 [main] INFO  o.a.catalina.core.StandardEngine - Starting Servlet engine: [Apache Tomcat/10.1.18]
2026-06-19 10:11:19 [main] INFO  o.a.c.c.C.[Tomcat].[localhost].[/] - Initializing Spring embedded WebApplicationContext
2026-06-19 10:11:19 [main] INFO  o.s.b.w.s.c.ServletWebServerApplicationContext - Root WebApplicationContext: initialization completed in 988 ms
2026-06-19 10:11:19 [main] INFO  com.zaxxer.hikari.HikariDataSource - HikariPool-1 - Starting...
2026-06-19 10:11:19 [main] INFO  com.zaxxer.hikari.pool.HikariPool - HikariPool-1 - Added connection conn0: url=jdbc:h2:mem:transferdb user=SA
2026-06-19 10:11:19 [main] INFO  com.zaxxer.hikari.HikariDataSource - HikariPool-1 - Start completed.
2026-06-19 10:11:19 [main] INFO  o.s.b.a.h.H2ConsoleAutoConfiguration - H2 console available at '/h2-console'. Database available at 'jdbc:h2:mem:transferdb'
2026-06-19 10:11:19 [main] INFO  o.h.jpa.internal.util.LogHelper - HHH000204: Processing PersistenceUnitInfo [name: default]
2026-06-19 10:11:20 [main] INFO  org.hibernate.Version - HHH000412: Hibernate ORM core version 6.4.1.Final
2026-06-19 10:11:20 [main] INFO  o.h.c.i.RegionFactoryInitiator - HHH000026: Second-level cache disabled
2026-06-19 10:11:20 [main] INFO  o.s.o.j.p.SpringPersistenceUnitInfo - No LoadTimeWeaver setup: ignoring JPA class transformer
2026-06-19 10:11:20 [main] WARN  org.hibernate.orm.deprecation - HHH90000025: H2Dialect does not need to be specified explicitly using 'hibernate.dialect' (remove the property setting and it will be selected by default)
2026-06-19 10:11:20 [main] INFO  o.h.e.t.j.p.i.JtaPlatformInitiator - HHH000489: No JTA platform available (set 'hibernate.transaction.jta.platform' to enable JTA platform integration)
2026-06-19 10:11:20 [main] INFO  o.s.o.j.LocalContainerEntityManagerFactoryBean - Initialized JPA EntityManagerFactory for persistence unit 'default'
2026-06-19 10:11:20 [main] INFO  o.s.d.j.r.query.QueryEnhancerFactory - Hibernate is in classpath; If applicable, HQL parser will be used.
2026-06-19 10:11:21 [main] WARN  o.s.b.a.o.j.JpaBaseConfiguration$JpaWebConfiguration - spring.jpa.open-in-view is enabled by default. Therefore, database queries may be performed during view rendering. Explicitly configure spring.jpa.open-in-view to disable this warning
2026-06-19 10:11:21 [main] INFO  o.s.b.a.e.web.EndpointLinksResolver - Exposing 1 endpoint(s) beneath base path '/actuator'
2026-06-19 10:11:21 [main] INFO  o.s.s.web.DefaultSecurityFilterChain - Will secure any request with [org.springframework.security.web.session.DisableEncodeUrlFilter@2f65c341, org.springframework.security.web.context.request.async.WebAsyncManagerIntegrationFilter@1e1908ab, org.springframework.security.web.context.SecurityContextHolderFilter@67a2fb00, org.springframework.security.web.header.HeaderWriterFilter@7308c29a, org.springframework.web.filter.CorsFilter@7680cb52, org.springframework.web.filter.CorsFilter@2e44bc38, org.springframework.security.web.authentication.logout.LogoutFilter@62edf11e, org.springframework.security.web.authentication.www.BasicAuthenticationFilter@b8d8fb7, org.springframework.security.web.savedrequest.RequestCacheAwareFilter@6706657b, org.springframework.security.web.servletapi.SecurityContextHolderAwareRequestFilter@28728558, org.springframework.security.web.authentication.AnonymousAuthenticationFilter@2fba0d7a, org.springframework.security.web.access.ExceptionTranslationFilter@338f9bb5, org.springframework.security.web.access.intercept.AuthorizationFilter@7534b2a4]
2026-06-19 10:11:21 [main] INFO  o.a.coyote.http11.Http11NioProtocol - Starting ProtocolHandler ["http-nio-8080"]
2026-06-19 10:11:21 [main] INFO  o.s.b.w.e.tomcat.TomcatWebServer - Tomcat started on port 8080 (http) with context path ''
2026-06-19 10:11:21 [main] INFO  c.b.t.MoneyTransferSystemApplication - Started MoneyTransferSystemApplication in 3.457 seconds (process running for 3.681)
2026-06-19 10:18:27 [SpringApplicationShutdownHook] INFO  o.s.o.j.LocalContainerEntityManagerFactoryBean - Closing JPA EntityManagerFactory for persistence unit 'default'
2026-06-19 10:18:27 [SpringApplicationShutdownHook] INFO  com.zaxxer.hikari.HikariDataSource - HikariPool-1 - Shutdown initiated...
2026-06-19 10:18:27 [SpringApplicationShutdownHook] INFO  com.zaxxer.hikari.HikariDataSource - HikariPool-1 - Shutdown completed.
2026-06-19 10:18:31 [background-preinit] INFO  o.h.validator.internal.util.Version - HV000001: Hibernate Validator 8.0.1.Final
2026-06-19 10:18:31 [main] INFO  c.b.t.MoneyTransferSystemApplication - Starting MoneyTransferSystemApplication using Java 17.0.12 with PID 1104 (C:\Users\user\Desktop\projects\mts\target\classes started by user in C:\Users\user\Desktop\projects\mts)
2026-06-19 10:18:31 [main] INFO  c.b.t.MoneyTransferSystemApplication - No active profile set, falling back to 1 default profile: "default"
2026-06-19 10:18:31 [main] INFO  o.s.d.r.c.RepositoryConfigurationDelegate - Bootstrapping Spring Data JPA repositories in DEFAULT mode.
2026-06-19 10:18:31 [main] INFO  o.s.d.r.c.RepositoryConfigurationDelegate - Finished Spring Data repository scanning in 34 ms. Found 3 JPA repository interfaces.
2026-06-19 10:18:32 [main] INFO  o.s.b.w.e.tomcat.TomcatWebServer - Tomcat initialized with port 8080 (http)
2026-06-19 10:18:32 [main] INFO  o.a.coyote.http11.Http11NioProtocol - Initializing ProtocolHandler ["http-nio-8080"]
2026-06-19 10:18:32 [main] INFO  o.a.catalina.core.StandardService - Starting service [Tomcat]
2026-06-19 10:18:32 [main] INFO  o.a.catalina.core.StandardEngine - Starting Servlet engine: [Apache Tomcat/10.1.18]
2026-06-19 10:18:32 [main] INFO  o.a.c.c.C.[Tomcat].[localhost].[/] - Initializing Spring embedded WebApplicationContext
2026-06-19 10:18:32 [main] INFO  o.s.b.w.s.c.ServletWebServerApplicationContext - Root WebApplicationContext: initialization completed in 1087 ms
2026-06-19 10:18:32 [main] INFO  com.zaxxer.hikari.HikariDataSource - HikariPool-1 - Starting...
2026-06-19 10:18:32 [main] INFO  com.zaxxer.hikari.pool.HikariPool - HikariPool-1 - Added connection conn0: url=jdbc:h2:mem:transferdb user=SA
2026-06-19 10:18:32 [main] INFO  com.zaxxer.hikari.HikariDataSource - HikariPool-1 - Start completed.
2026-06-19 10:18:32 [main] INFO  o.s.b.a.h.H2ConsoleAutoConfiguration - H2 console available at '/h2-console'. Database available at 'jdbc:h2:mem:transferdb'
2026-06-19 10:18:32 [main] INFO  o.h.jpa.internal.util.LogHelper - HHH000204: Processing PersistenceUnitInfo [name: default]
2026-06-19 10:18:32 [main] INFO  org.hibernate.Version - HHH000412: Hibernate ORM core version 6.4.1.Final
2026-06-19 10:18:32 [main] INFO  o.h.c.i.RegionFactoryInitiator - HHH000026: Second-level cache disabled
2026-06-19 10:18:32 [main] INFO  o.s.o.j.p.SpringPersistenceUnitInfo - No LoadTimeWeaver setup: ignoring JPA class transformer
2026-06-19 10:18:32 [main] WARN  org.hibernate.orm.deprecation - HHH90000025: H2Dialect does not need to be specified explicitly using 'hibernate.dialect' (remove the property setting and it will be selected by default)
2026-06-19 10:18:33 [main] INFO  o.h.e.t.j.p.i.JtaPlatformInitiator - HHH000489: No JTA platform available (set 'hibernate.transaction.jta.platform' to enable JTA platform integration)
2026-06-19 10:18:33 [main] INFO  o.s.o.j.LocalContainerEntityManagerFactoryBean - Initialized JPA EntityManagerFactory for persistence unit 'default'
2026-06-19 10:18:33 [main] INFO  o.s.d.j.r.query.QueryEnhancerFactory - Hibernate is in classpath; If applicable, HQL parser will be used.
2026-06-19 10:18:34 [main] WARN  o.s.b.a.o.j.JpaBaseConfiguration$JpaWebConfiguration - spring.jpa.open-in-view is enabled by default. Therefore, database queries may be performed during view rendering. Explicitly configure spring.jpa.open-in-view to disable this warning
2026-06-19 10:18:34 [main] INFO  o.s.b.a.e.web.EndpointLinksResolver - Exposing 1 endpoint(s) beneath base path '/actuator'
2026-06-19 10:18:34 [main] INFO  o.s.s.web.DefaultSecurityFilterChain - Will secure any request with [org.springframework.security.web.session.DisableEncodeUrlFilter@5623354e, org.springframework.security.web.context.request.async.WebAsyncManagerIntegrationFilter@5565fc22, org.springframework.security.web.context.SecurityContextHolderFilter@c8293cb, org.springframework.security.web.header.HeaderWriterFilter@2ace94ff, org.springframework.web.filter.CorsFilter@2313c291, org.springframework.web.filter.CorsFilter@5d0d1e50, org.springframework.security.web.authentication.logout.LogoutFilter@5d7d2cb5, org.springframework.security.web.authentication.www.BasicAuthenticationFilter@7d9a5edf, org.springframework.security.web.savedrequest.RequestCacheAwareFilter@4a28852d, org.springframework.security.web.servletapi.SecurityContextHolderAwareRequestFilter@1f978bb1, org.springframework.security.web.authentication.AnonymousAuthenticationFilter@124bc9fa, org.springframework.security.web.access.ExceptionTranslationFilter@67620d80, org.springframework.security.web.access.intercept.AuthorizationFilter@58507830]
2026-06-19 10:18:34 [main] INFO  o.a.coyote.http11.Http11NioProtocol - Starting ProtocolHandler ["http-nio-8080"]
2026-06-19 10:18:34 [main] INFO  o.s.b.w.e.tomcat.TomcatWebServer - Tomcat started on port 8080 (http) with context path ''
2026-06-19 10:18:34 [main] INFO  c.b.t.MoneyTransferSystemApplication - Started MoneyTransferSystemApplication in 3.643 seconds (process running for 3.889)
2026-06-19 10:19:00 [http-nio-8080-exec-1] INFO  o.a.c.c.C.[Tomcat].[localhost].[/] - Initializing Spring DispatcherServlet 'dispatcherServlet'
2026-06-19 10:19:00 [http-nio-8080-exec-1] INFO  o.s.web.servlet.DispatcherServlet - Initializing Servlet 'dispatcherServlet'
2026-06-19 10:19:00 [http-nio-8080-exec-1] INFO  o.s.web.servlet.DispatcherServlet - Completed initialization in 1 ms
2026-06-19 10:19:00 [http-nio-8080-exec-1] INFO  c.b.transfer.aspect.LoggingAspect - [AOP] Entering AccountService.createAccount
2026-06-19 10:19:00 [http-nio-8080-exec-1] INFO  c.b.transfer.service.AccountService - Creating account for username: Kartikey
2026-06-19 10:19:01 [http-nio-8080-exec-1] INFO  c.b.transfer.service.AccountService - Account created successfully with ID: 1
2026-06-19 10:19:01 [http-nio-8080-exec-1] INFO  c.b.transfer.aspect.LoggingAspect - [AOP] Exiting AccountService.createAccount - Execution time: 197ms
2026-06-19 10:19:15 [http-nio-8080-exec-3] INFO  c.b.transfer.aspect.LoggingAspect - [AOP] Entering AccountService.createAccount
2026-06-19 10:19:15 [http-nio-8080-exec-3] INFO  c.b.transfer.service.AccountService - Creating account for username: KSI
2026-06-19 10:19:15 [http-nio-8080-exec-3] INFO  c.b.transfer.service.AccountService - Account created successfully with ID: 2
2026-06-19 10:19:15 [http-nio-8080-exec-3] INFO  c.b.transfer.aspect.LoggingAspect - [AOP] Exiting AccountService.createAccount - Execution time: 63ms
2026-06-19 10:19:24 [http-nio-8080-exec-2] INFO  c.b.transfer.aspect.LoggingAspect - [AOP] Entering AccountService.login
2026-06-19 10:19:24 [http-nio-8080-exec-2] INFO  c.b.transfer.service.AccountService - Login attempt for username: Kartikey
2026-06-19 10:19:24 [http-nio-8080-exec-2] INFO  c.b.transfer.service.AccountService - Login successful for username: Kartikey
2026-06-19 10:19:24 [http-nio-8080-exec-2] INFO  c.b.transfer.aspect.LoggingAspect - [AOP] Exiting AccountService.login - Execution time: 75ms
2026-06-19 10:19:24 [http-nio-8080-exec-5] INFO  c.b.transfer.aspect.LoggingAspect - [AOP] Entering RewardService.getRewardSummary
2026-06-19 10:19:24 [http-nio-8080-exec-4] INFO  c.b.transfer.aspect.LoggingAspect - [AOP] Entering AccountService.getAccountResponse
2026-06-19 10:19:24 [http-nio-8080-exec-4] INFO  c.b.transfer.aspect.LoggingAspect - [AOP] Exiting AccountService.getAccountResponse - Execution time: 6ms
2026-06-19 10:19:24 [http-nio-8080-exec-5] INFO  c.b.transfer.aspect.LoggingAspect - [AOP] Exiting RewardService.getRewardSummary - Execution time: 16ms
2026-06-19 10:19:29 [http-nio-8080-exec-6] INFO  c.b.transfer.aspect.LoggingAspect - [AOP] Entering RewardService.getRewardSummary
2026-06-19 10:19:29 [http-nio-8080-exec-6] INFO  c.b.transfer.aspect.LoggingAspect - [AOP] Exiting RewardService.getRewardSummary - Execution time: 4ms
2026-06-19 10:19:37 [http-nio-8080-exec-7] INFO  c.b.transfer.aspect.LoggingAspect - [AOP] Entering TransferService.transfer
2026-06-19 10:19:37 [http-nio-8080-exec-7] INFO  c.b.transfer.service.TransferService - Processing transfer from 1 to 2 for total amount ₹10000. Reward redemption: false
2026-06-19 10:19:37 [http-nio-8080-exec-7] INFO  c.b.transfer.aspect.LoggingAspect - [AOP] Entering RewardService.processReward
2026-06-19 10:19:37 [http-nio-8080-exec-7] INFO  c.b.transfer.service.RewardService - Reward granted: 100 points to account 1 based on cash spend of ₹10000
2026-06-19 10:19:37 [http-nio-8080-exec-7] INFO  c.b.transfer.aspect.LoggingAspect - [AOP] Exiting RewardService.processReward - Execution time: 7ms
2026-06-19 10:19:37 [http-nio-8080-exec-7] INFO  c.b.transfer.aspect.LoggingAspect - [AOP] Exiting TransferService.transfer - Execution time: 16ms
2026-06-19 10:19:39 [http-nio-8080-exec-9] INFO  c.b.transfer.aspect.LoggingAspect - [AOP] Entering RewardService.getRewardSummary
2026-06-19 10:19:39 [http-nio-8080-exec-8] INFO  c.b.transfer.aspect.LoggingAspect - [AOP] Entering AccountService.getAccountResponse
2026-06-19 10:19:39 [http-nio-8080-exec-8] INFO  c.b.transfer.aspect.LoggingAspect - [AOP] Exiting AccountService.getAccountResponse - Execution time: 1ms
2026-06-19 10:19:39 [http-nio-8080-exec-9] INFO  c.b.transfer.aspect.LoggingAspect - [AOP] Exiting RewardService.getRewardSummary - Execution time: 4ms
2026-06-19 10:19:39 [http-nio-8080-exec-10] INFO  c.b.transfer.aspect.LoggingAspect - [AOP] Entering AccountService.getTransactions
2026-06-19 10:19:39 [http-nio-8080-exec-10] INFO  c.b.transfer.aspect.LoggingAspect - [AOP] Exiting AccountService.getTransactions - Execution time: 6ms
2026-06-19 10:19:40 [http-nio-8080-exec-3] INFO  c.b.transfer.aspect.LoggingAspect - [AOP] Entering RewardService.getRewardSummary
2026-06-19 10:19:40 [http-nio-8080-exec-3] INFO  c.b.transfer.aspect.LoggingAspect - [AOP] Exiting RewardService.getRewardSummary - Execution time: 3ms
2026-06-19 10:19:40 [http-nio-8080-exec-1] INFO  c.b.transfer.aspect.LoggingAspect - [AOP] Entering AccountService.getAccountResponse
2026-06-19 10:19:40 [http-nio-8080-exec-1] INFO  c.b.transfer.aspect.LoggingAspect - [AOP] Exiting AccountService.getAccountResponse - Execution time: 1ms
2026-06-19 10:19:41 [http-nio-8080-exec-2] INFO  c.b.transfer.aspect.LoggingAspect - [AOP] Entering RewardService.getRewardSummary
2026-06-19 10:19:41 [http-nio-8080-exec-2] INFO  c.b.transfer.aspect.LoggingAspect - [AOP] Exiting RewardService.getRewardSummary - Execution time: 3ms
2026-06-19 10:20:40 [http-nio-8080-exec-4] INFO  c.b.transfer.aspect.LoggingAspect - [AOP] Entering RewardService.getRewardSummary
2026-06-19 10:20:40 [http-nio-8080-exec-4] INFO  c.b.transfer.aspect.LoggingAspect - [AOP] Exiting RewardService.getRewardSummary - Execution time: 4ms
2026-06-19 10:20:54 [http-nio-8080-exec-6] INFO  c.b.transfer.aspect.LoggingAspect - [AOP] Entering RewardService.getRewardSummary
2026-06-19 10:20:54 [http-nio-8080-exec-6] INFO  c.b.transfer.aspect.LoggingAspect - [AOP] Exiting RewardService.getRewardSummary - Execution time: 4ms
2026-06-19 10:27:24 [http-nio-8080-exec-8] INFO  c.b.transfer.aspect.LoggingAspect - [AOP] Entering RewardService.getRewardSummary
2026-06-19 10:27:24 [http-nio-8080-exec-8] INFO  c.b.transfer.aspect.LoggingAspect - [AOP] Exiting RewardService.getRewardSummary - Execution time: 3ms
2026-06-19 10:32:27 [http-nio-8080-exec-3] INFO  c.b.transfer.aspect.LoggingAspect - [AOP] Entering RewardService.getRewardSummary
2026-06-19 10:32:27 [http-nio-8080-exec-3] INFO  c.b.transfer.aspect.LoggingAspect - [AOP] Exiting RewardService.getRewardSummary - Execution time: 4ms
2026-06-19 10:32:36 [SpringApplicationShutdownHook] INFO  o.s.o.j.LocalContainerEntityManagerFactoryBean - Closing JPA EntityManagerFactory for persistence unit 'default'
2026-06-19 10:32:36 [SpringApplicationShutdownHook] INFO  com.zaxxer.hikari.HikariDataSource - HikariPool-1 - Shutdown initiated...
2026-06-19 10:32:36 [SpringApplicationShutdownHook] INFO  com.zaxxer.hikari.HikariDataSource - HikariPool-1 - Shutdown completed.
2026-06-19 10:32:44 [background-preinit] INFO  o.h.validator.internal.util.Version - HV000001: Hibernate Validator 8.0.1.Final
2026-06-19 10:32:44 [main] INFO  c.b.t.MoneyTransferSystemApplication - Starting MoneyTransferSystemApplication using Java 17.0.12 with PID 6112 (C:\Users\user\Desktop\projects\mts\target\classes started by user in C:\Users\user\Desktop\projects\mts)
2026-06-19 10:32:44 [main] INFO  c.b.t.MoneyTransferSystemApplication - No active profile set, falling back to 1 default profile: "default"
2026-06-19 10:32:44 [main] INFO  o.s.d.r.c.RepositoryConfigurationDelegate - Bootstrapping Spring Data JPA repositories in DEFAULT mode.
2026-06-19 10:32:44 [main] INFO  o.s.d.r.c.RepositoryConfigurationDelegate - Finished Spring Data repository scanning in 30 ms. Found 3 JPA repository interfaces.
2026-06-19 10:32:45 [main] INFO  o.s.b.w.e.tomcat.TomcatWebServer - Tomcat initialized with port 8080 (http)
2026-06-19 10:32:45 [main] INFO  o.a.coyote.http11.Http11NioProtocol - Initializing ProtocolHandler ["http-nio-8080"]
2026-06-19 10:32:45 [main] INFO  o.a.catalina.core.StandardService - Starting service [Tomcat]
2026-06-19 10:32:45 [main] INFO  o.a.catalina.core.StandardEngine - Starting Servlet engine: [Apache Tomcat/10.1.18]
2026-06-19 10:32:45 [main] INFO  o.a.c.c.C.[Tomcat].[localhost].[/] - Initializing Spring embedded WebApplicationContext
2026-06-19 10:32:45 [main] INFO  o.s.b.w.s.c.ServletWebServerApplicationContext - Root WebApplicationContext: initialization completed in 1028 ms
2026-06-19 10:32:45 [main] INFO  com.zaxxer.hikari.HikariDataSource - HikariPool-1 - Starting...
2026-06-19 10:32:45 [main] INFO  com.zaxxer.hikari.pool.HikariPool - HikariPool-1 - Added connection conn0: url=jdbc:h2:mem:transferdb user=SA
2026-06-19 10:32:45 [main] INFO  com.zaxxer.hikari.HikariDataSource - HikariPool-1 - Start completed.
2026-06-19 10:32:45 [main] INFO  o.s.b.a.h.H2ConsoleAutoConfiguration - H2 console available at '/h2-console'. Database available at 'jdbc:h2:mem:transferdb'
2026-06-19 10:32:45 [main] INFO  o.h.jpa.internal.util.LogHelper - HHH000204: Processing PersistenceUnitInfo [name: default]
2026-06-19 10:32:45 [main] INFO  org.hibernate.Version - HHH000412: Hibernate ORM core version 6.4.1.Final
2026-06-19 10:32:45 [main] INFO  o.h.c.i.RegionFactoryInitiator - HHH000026: Second-level cache disabled
2026-06-19 10:32:45 [main] INFO  o.s.o.j.p.SpringPersistenceUnitInfo - No LoadTimeWeaver setup: ignoring JPA class transformer
2026-06-19 10:32:45 [main] WARN  org.hibernate.orm.deprecation - HHH90000025: H2Dialect does not need to be specified explicitly using 'hibernate.dialect' (remove the property setting and it will be selected by default)
2026-06-19 10:32:46 [main] INFO  o.h.e.t.j.p.i.JtaPlatformInitiator - HHH000489: No JTA platform available (set 'hibernate.transaction.jta.platform' to enable JTA platform integration)
2026-06-19 10:32:46 [main] INFO  o.s.o.j.LocalContainerEntityManagerFactoryBean - Initialized JPA EntityManagerFactory for persistence unit 'default'
2026-06-19 10:32:46 [main] INFO  o.s.d.j.r.query.QueryEnhancerFactory - Hibernate is in classpath; If applicable, HQL parser will be used.
2026-06-19 10:32:46 [main] WARN  o.s.b.a.o.j.JpaBaseConfiguration$JpaWebConfiguration - spring.jpa.open-in-view is enabled by default. Therefore, database queries may be performed during view rendering. Explicitly configure spring.jpa.open-in-view to disable this warning
2026-06-19 10:32:47 [main] INFO  o.s.b.a.e.web.EndpointLinksResolver - Exposing 1 endpoint(s) beneath base path '/actuator'
2026-06-19 10:32:47 [main] INFO  o.s.s.web.DefaultSecurityFilterChain - Will secure any request with [org.springframework.security.web.session.DisableEncodeUrlFilter@1b2092fe, org.springframework.security.web.context.request.async.WebAsyncManagerIntegrationFilter@5047fc77, org.springframework.security.web.context.SecurityContextHolderFilter@10c88d11, org.springframework.security.web.header.HeaderWriterFilter@1f0f52d6, org.springframework.web.filter.CorsFilter@b8d8fb7, org.springframework.web.filter.CorsFilter@38913b95, org.springframework.security.web.authentication.logout.LogoutFilter@6e38e95, org.springframework.security.web.authentication.www.BasicAuthenticationFilter@365a9434, org.springframework.security.web.savedrequest.RequestCacheAwareFilter@67620d80, org.springframework.security.web.servletapi.SecurityContextHolderAwareRequestFilter@6145981c, org.springframework.security.web.authentication.AnonymousAuthenticationFilter@2739f91b, org.springframework.security.web.access.ExceptionTranslationFilter@6066cf5, org.springframework.security.web.access.intercept.AuthorizationFilter@1ad176e1]
2026-06-19 10:32:47 [main] INFO  o.a.coyote.http11.Http11NioProtocol - Starting ProtocolHandler ["http-nio-8080"]
2026-06-19 10:32:47 [main] INFO  o.s.b.w.e.tomcat.TomcatWebServer - Tomcat started on port 8080 (http) with context path ''
2026-06-19 10:32:47 [main] INFO  c.b.t.MoneyTransferSystemApplication - Started MoneyTransferSystemApplication in 3.609 seconds (process running for 3.844)
2026-06-19 10:32:56 [http-nio-8080-exec-1] INFO  o.a.c.c.C.[Tomcat].[localhost].[/] - Initializing Spring DispatcherServlet 'dispatcherServlet'
2026-06-19 10:32:56 [http-nio-8080-exec-1] INFO  o.s.web.servlet.DispatcherServlet - Initializing Servlet 'dispatcherServlet'
2026-06-19 10:32:56 [http-nio-8080-exec-1] INFO  o.s.web.servlet.DispatcherServlet - Completed initialization in 1 ms
2026-06-19 10:33:19 [http-nio-8080-exec-6] INFO  c.b.transfer.aspect.LoggingAspect - [AOP] Entering AccountService.createAccount
2026-06-19 10:33:19 [http-nio-8080-exec-6] INFO  c.b.transfer.service.AccountService - Creating account for username: Kartikey
2026-06-19 10:33:19 [http-nio-8080-exec-6] INFO  c.b.transfer.service.AccountService - Account created successfully with ID: 1
2026-06-19 10:33:19 [http-nio-8080-exec-6] INFO  c.b.transfer.aspect.LoggingAspect - [AOP] Exiting AccountService.createAccount - Execution time: 108ms
2026-06-19 10:33:30 [http-nio-8080-exec-7] INFO  c.b.transfer.aspect.LoggingAspect - [AOP] Entering AccountService.createAccount
2026-06-19 10:33:30 [http-nio-8080-exec-7] INFO  c.b.transfer.service.AccountService - Creating account for username: KSI
2026-06-19 10:33:30 [http-nio-8080-exec-7] INFO  c.b.transfer.service.AccountService - Account created successfully with ID: 2
2026-06-19 10:33:30 [http-nio-8080-exec-7] INFO  c.b.transfer.aspect.LoggingAspect - [AOP] Exiting AccountService.createAccount - Execution time: 65ms
2026-06-19 10:33:35 [http-nio-8080-exec-9] INFO  c.b.transfer.aspect.LoggingAspect - [AOP] Entering AccountService.login
2026-06-19 10:33:35 [http-nio-8080-exec-9] INFO  c.b.transfer.service.AccountService - Login attempt for username: Kartikey
2026-06-19 10:33:35 [http-nio-8080-exec-9] INFO  c.b.transfer.service.AccountService - Login successful for username: Kartikey
2026-06-19 10:33:35 [http-nio-8080-exec-9] INFO  c.b.transfer.aspect.LoggingAspect - [AOP] Exiting AccountService.login - Execution time: 65ms
2026-06-19 10:33:35 [http-nio-8080-exec-3] INFO  c.b.transfer.aspect.LoggingAspect - [AOP] Entering AccountService.getAccountResponse
2026-06-19 10:33:35 [http-nio-8080-exec-1] INFO  c.b.transfer.aspect.LoggingAspect - [AOP] Entering RewardService.getRewardSummary
2026-06-19 10:33:35 [http-nio-8080-exec-3] INFO  c.b.transfer.aspect.LoggingAspect - [AOP] Exiting AccountService.getAccountResponse - Execution time: 6ms
2026-06-19 10:33:35 [http-nio-8080-exec-1] INFO  c.b.transfer.aspect.LoggingAspect - [AOP] Exiting RewardService.getRewardSummary - Execution time: 15ms
2026-06-19 10:33:36 [http-nio-8080-exec-2] INFO  c.b.transfer.aspect.LoggingAspect - [AOP] Entering RewardService.getRewardSummary
2026-06-19 10:33:36 [http-nio-8080-exec-2] INFO  c.b.transfer.aspect.LoggingAspect - [AOP] Exiting RewardService.getRewardSummary - Execution time: 3ms
2026-06-19 10:33:52 [http-nio-8080-exec-4] INFO  c.b.transfer.aspect.LoggingAspect - [AOP] Entering TransferService.transfer
2026-06-19 10:33:52 [http-nio-8080-exec-4] INFO  c.b.transfer.service.TransferService - Processing transfer from 1 to 2 for total amount ₹1000. Reward redemption: false
2026-06-19 10:33:52 [http-nio-8080-exec-4] INFO  c.b.transfer.aspect.LoggingAspect - [AOP] Entering RewardService.processReward
2026-06-19 10:33:52 [http-nio-8080-exec-4] INFO  c.b.transfer.service.RewardService - Reward granted: 10 points to account 1 based on cash spend of ₹1000
2026-06-19 10:33:52 [http-nio-8080-exec-4] INFO  c.b.transfer.aspect.LoggingAspect - [AOP] Exiting RewardService.processReward - Execution time: 8ms
2026-06-19 10:33:52 [http-nio-8080-exec-4] INFO  c.b.transfer.aspect.LoggingAspect - [AOP] Exiting TransferService.transfer - Execution time: 27ms
2026-06-19 10:33:54 [http-nio-8080-exec-6] INFO  c.b.transfer.aspect.LoggingAspect - [AOP] Entering RewardService.getRewardSummary
2026-06-19 10:33:54 [http-nio-8080-exec-5] INFO  c.b.transfer.aspect.LoggingAspect - [AOP] Entering AccountService.getAccountResponse
2026-06-19 10:33:54 [http-nio-8080-exec-5] INFO  c.b.transfer.aspect.LoggingAspect - [AOP] Exiting AccountService.getAccountResponse - Execution time: 1ms
2026-06-19 10:33:54 [http-nio-8080-exec-6] INFO  c.b.transfer.aspect.LoggingAspect - [AOP] Exiting RewardService.getRewardSummary - Execution time: 5ms
2026-06-19 10:33:55 [http-nio-8080-exec-7] INFO  c.b.transfer.aspect.LoggingAspect - [AOP] Entering RewardService.getRewardSummary
2026-06-19 10:33:55 [http-nio-8080-exec-7] INFO  c.b.transfer.aspect.LoggingAspect - [AOP] Exiting RewardService.getRewardSummary - Execution time: 4ms
2026-06-19 10:33:55 [http-nio-8080-exec-8] INFO  c.b.transfer.aspect.LoggingAspect - [AOP] Entering AccountService.getAccountResponse
2026-06-19 10:33:55 [http-nio-8080-exec-8] INFO  c.b.transfer.aspect.LoggingAspect - [AOP] Exiting AccountService.getAccountResponse - Execution time: 1ms
2026-06-19 10:33:55 [http-nio-8080-exec-9] INFO  c.b.transfer.aspect.LoggingAspect - [AOP] Entering RewardService.getRewardSummary
2026-06-19 10:33:55 [http-nio-8080-exec-9] INFO  c.b.transfer.aspect.LoggingAspect - [AOP] Exiting RewardService.getRewardSummary - Execution time: 3ms
2026-06-19 10:33:57 [http-nio-8080-exec-10] INFO  c.b.transfer.aspect.LoggingAspect - [AOP] Entering RewardService.getRewardSummary
2026-06-19 10:33:57 [http-nio-8080-exec-10] INFO  c.b.transfer.aspect.LoggingAspect - [AOP] Exiting RewardService.getRewardSummary - Execution time: 3ms
2026-06-19 10:33:59 [http-nio-8080-exec-1] INFO  c.b.transfer.aspect.LoggingAspect - [AOP] Entering RewardService.getRewardSummary
2026-06-19 10:33:59 [http-nio-8080-exec-3] INFO  c.b.transfer.aspect.LoggingAspect - [AOP] Entering AccountService.getAccountResponse
2026-06-19 10:33:59 [http-nio-8080-exec-3] INFO  c.b.transfer.aspect.LoggingAspect - [AOP] Exiting AccountService.getAccountResponse - Execution time: 2ms
2026-06-19 10:33:59 [http-nio-8080-exec-1] INFO  c.b.transfer.aspect.LoggingAspect - [AOP] Exiting RewardService.getRewardSummary - Execution time: 3ms
2026-06-19 10:34:00 [http-nio-8080-exec-2] INFO  c.b.transfer.aspect.LoggingAspect - [AOP] Entering AccountService.getTransactions
2026-06-19 10:34:00 [http-nio-8080-exec-2] INFO  c.b.transfer.aspect.LoggingAspect - [AOP] Exiting AccountService.getTransactions - Execution time: 6ms
2026-06-19 10:34:01 [http-nio-8080-exec-4] INFO  c.b.transfer.aspect.LoggingAspect - [AOP] Entering AccountService.getAccountResponse
2026-06-19 10:34:01 [http-nio-8080-exec-5] INFO  c.b.transfer.aspect.LoggingAspect - [AOP] Entering RewardService.getRewardSummary
2026-06-19 10:34:01 [http-nio-8080-exec-4] INFO  c.b.transfer.aspect.LoggingAspect - [AOP] Exiting AccountService.getAccountResponse - Execution time: 1ms
2026-06-19 10:34:01 [http-nio-8080-exec-5] INFO  c.b.transfer.aspect.LoggingAspect - [AOP] Exiting RewardService.getRewardSummary - Execution time: 2ms
2026-06-19 10:34:02 [http-nio-8080-exec-6] INFO  c.b.transfer.aspect.LoggingAspect - [AOP] Entering RewardService.getRewardSummary
2026-06-19 10:34:02 [http-nio-8080-exec-6] INFO  c.b.transfer.aspect.LoggingAspect - [AOP] Exiting RewardService.getRewardSummary - Execution time: 3ms
2026-06-19 10:36:03 [http-nio-8080-exec-10] INFO  c.b.transfer.aspect.LoggingAspect - [AOP] Entering RewardService.getRewardSummary
2026-06-19 10:36:03 [http-nio-8080-exec-10] INFO  c.b.transfer.aspect.LoggingAspect - [AOP] Exiting RewardService.getRewardSummary - Execution time: 4ms
2026-06-19 10:36:20 [http-nio-8080-exec-3] INFO  c.b.transfer.aspect.LoggingAspect - [AOP] Entering TransferService.transfer
2026-06-19 10:36:20 [http-nio-8080-exec-3] INFO  c.b.transfer.service.TransferService - Processing transfer from 1 to 2 for total amount ₹1. Reward redemption: true
2026-06-19 10:36:20 [http-nio-8080-exec-3] INFO  c.b.transfer.aspect.LoggingAspect - [AOP] Entering RewardService.getRewardSummary
2026-06-19 10:36:20 [http-nio-8080-exec-3] INFO  c.b.transfer.aspect.LoggingAspect - [AOP] Exiting RewardService.getRewardSummary - Execution time: 2ms
2026-06-19 10:36:20 [http-nio-8080-exec-3] INFO  c.b.transfer.aspect.LoggingAspect - [AOP] Entering RewardService.redeemPoints
2026-06-19 10:36:20 [http-nio-8080-exec-3] INFO  c.b.transfer.service.RewardService - Redeeming 10 reward points from account 1 for transaction e535e636-cc16-479a-bb54-51240dc489f8
2026-06-19 10:36:20 [http-nio-8080-exec-3] INFO  c.b.transfer.aspect.LoggingAspect - [AOP] Exiting RewardService.redeemPoints - Execution time: 3ms
2026-06-19 10:36:20 [http-nio-8080-exec-3] INFO  c.b.transfer.aspect.LoggingAspect - [AOP] Entering RewardService.processReward
2026-06-19 10:36:20 [http-nio-8080-exec-3] WARN  c.b.transfer.service.RewardService - Reward ledger entry already exists for transaction e535e636-cc16-479a-bb54-51240dc489f8. Skipping processing.
2026-06-19 10:36:20 [http-nio-8080-exec-3] INFO  c.b.transfer.aspect.LoggingAspect - [AOP] Exiting RewardService.processReward - Execution time: 3ms
2026-06-19 10:36:20 [http-nio-8080-exec-3] INFO  c.b.transfer.aspect.LoggingAspect - [AOP] Exiting TransferService.transfer - Execution time: 14ms
2026-06-19 10:36:22 [http-nio-8080-exec-1] INFO  c.b.transfer.aspect.LoggingAspect - [AOP] Entering AccountService.getAccountResponse
2026-06-19 10:36:22 [http-nio-8080-exec-1] INFO  c.b.transfer.aspect.LoggingAspect - [AOP] Exiting AccountService.getAccountResponse - Execution time: 2ms
2026-06-19 10:36:22 [http-nio-8080-exec-2] INFO  c.b.transfer.aspect.LoggingAspect - [AOP] Entering RewardService.getRewardSummary
2026-06-19 10:36:22 [http-nio-8080-exec-2] INFO  c.b.transfer.aspect.LoggingAspect - [AOP] Exiting RewardService.getRewardSummary - Execution time: 4ms
2026-06-19 10:36:24 [http-nio-8080-exec-5] INFO  c.b.transfer.aspect.LoggingAspect - [AOP] Entering RewardService.getRewardSummary
2026-06-19 10:36:24 [http-nio-8080-exec-5] INFO  c.b.transfer.aspect.LoggingAspect - [AOP] Exiting RewardService.getRewardSummary - Execution time: 2ms
2026-06-19 10:36:26 [http-nio-8080-exec-6] INFO  c.b.transfer.aspect.LoggingAspect - [AOP] Entering RewardService.getRewardSummary
2026-06-19 10:36:26 [http-nio-8080-exec-6] INFO  c.b.transfer.aspect.LoggingAspect - [AOP] Exiting RewardService.getRewardSummary - Execution time: 4ms
2026-06-19 10:36:26 [http-nio-8080-exec-4] INFO  c.b.transfer.aspect.LoggingAspect - [AOP] Entering AccountService.getAccountResponse
2026-06-19 10:36:26 [http-nio-8080-exec-4] INFO  c.b.transfer.aspect.LoggingAspect - [AOP] Exiting AccountService.getAccountResponse - Execution time: 1ms
2026-06-19 10:36:34 [http-nio-8080-exec-7] INFO  c.b.transfer.aspect.LoggingAspect - [AOP] Entering AccountService.login
2026-06-19 10:36:34 [http-nio-8080-exec-7] INFO  c.b.transfer.service.AccountService - Login attempt for username: KSI
2026-06-19 10:36:34 [http-nio-8080-exec-7] INFO  c.b.transfer.service.AccountService - Login successful for username: KSI
2026-06-19 10:36:34 [http-nio-8080-exec-7] INFO  c.b.transfer.aspect.LoggingAspect - [AOP] Exiting AccountService.login - Execution time: 62ms
2026-06-19 10:36:34 [http-nio-8080-exec-3] INFO  c.b.transfer.aspect.LoggingAspect - [AOP] Entering AccountService.getAccountResponse
2026-06-19 10:36:34 [http-nio-8080-exec-10] INFO  c.b.transfer.aspect.LoggingAspect - [AOP] Entering RewardService.getRewardSummary
2026-06-19 10:36:34 [http-nio-8080-exec-3] INFO  c.b.transfer.aspect.LoggingAspect - [AOP] Exiting AccountService.getAccountResponse - Execution time: 1ms
2026-06-19 10:36:34 [http-nio-8080-exec-10] INFO  c.b.transfer.aspect.LoggingAspect - [AOP] Exiting RewardService.getRewardSummary - Execution time: 2ms
2026-06-19 10:36:37 [http-nio-8080-exec-1] INFO  c.b.transfer.aspect.LoggingAspect - [AOP] Entering AccountService.getTransactions
2026-06-19 10:36:37 [http-nio-8080-exec-1] INFO  c.b.transfer.aspect.LoggingAspect - [AOP] Exiting AccountService.getTransactions - Execution time: 4ms
2026-06-19 10:36:38 [http-nio-8080-exec-5] INFO  c.b.transfer.aspect.LoggingAspect - [AOP] Entering RewardService.getRewardSummary
2026-06-19 10:36:38 [http-nio-8080-exec-2] INFO  c.b.transfer.aspect.LoggingAspect - [AOP] Entering AccountService.getAccountResponse
2026-06-19 10:36:38 [http-nio-8080-exec-2] INFO  c.b.transfer.aspect.LoggingAspect - [AOP] Exiting AccountService.getAccountResponse - Execution time: 1ms
2026-06-19 10:36:38 [http-nio-8080-exec-5] INFO  c.b.transfer.aspect.LoggingAspect - [AOP] Exiting RewardService.getRewardSummary - Execution time: 2ms
2026-06-19 10:36:39 [http-nio-8080-exec-6] INFO  c.b.transfer.aspect.LoggingAspect - [AOP] Entering RewardService.getRewardSummary
2026-06-19 10:36:39 [http-nio-8080-exec-6] INFO  c.b.transfer.aspect.LoggingAspect - [AOP] Exiting RewardService.getRewardSummary - Execution time: 2ms
2026-06-19 10:36:40 [http-nio-8080-exec-7] INFO  c.b.transfer.aspect.LoggingAspect - [AOP] Entering RewardService.getRewardSummary
2026-06-19 10:36:40 [http-nio-8080-exec-4] INFO  c.b.transfer.aspect.LoggingAspect - [AOP] Entering AccountService.getAccountResponse
2026-06-19 10:36:40 [http-nio-8080-exec-4] INFO  c.b.transfer.aspect.LoggingAspect - [AOP] Exiting AccountService.getAccountResponse - Execution time: 2ms
2026-06-19 10:36:40 [http-nio-8080-exec-7] INFO  c.b.transfer.aspect.LoggingAspect - [AOP] Exiting RewardService.getRewardSummary - Execution time: 2ms
2026-06-19 10:36:41 [http-nio-8080-exec-9] INFO  c.b.transfer.aspect.LoggingAspect - [AOP] Entering RewardService.getRewardSummary
2026-06-19 10:36:41 [http-nio-8080-exec-9] INFO  c.b.transfer.aspect.LoggingAspect - [AOP] Exiting RewardService.getRewardSummary - Execution time: 3ms
2026-06-19 10:36:48 [http-nio-8080-exec-8] INFO  c.b.transfer.aspect.LoggingAspect - [AOP] Entering TransferService.transfer
2026-06-19 10:36:48 [http-nio-8080-exec-8] INFO  c.b.transfer.service.TransferService - Processing transfer from 2 to 1 for total amount ₹1000. Reward redemption: false
2026-06-19 10:36:48 [http-nio-8080-exec-8] INFO  c.b.transfer.aspect.LoggingAspect - [AOP] Entering RewardService.processReward
2026-06-19 10:36:48 [http-nio-8080-exec-8] INFO  c.b.transfer.service.RewardService - Reward granted: 10 points to account 2 based on cash spend of ₹1000
2026-06-19 10:36:48 [http-nio-8080-exec-8] INFO  c.b.transfer.aspect.LoggingAspect - [AOP] Exiting RewardService.processReward - Execution time: 2ms
2026-06-19 10:36:48 [http-nio-8080-exec-8] INFO  c.b.transfer.aspect.LoggingAspect - [AOP] Exiting TransferService.transfer - Execution time: 5ms
2026-06-19 10:36:51 [http-nio-8080-exec-3] INFO  c.b.transfer.aspect.LoggingAspect - [AOP] Entering AccountService.getAccountResponse
2026-06-19 10:36:51 [http-nio-8080-exec-3] INFO  c.b.transfer.aspect.LoggingAspect - [AOP] Exiting AccountService.getAccountResponse - Execution time: 2ms
2026-06-19 10:36:51 [http-nio-8080-exec-10] INFO  c.b.transfer.aspect.LoggingAspect - [AOP] Entering RewardService.getRewardSummary
2026-06-19 10:36:51 [http-nio-8080-exec-10] INFO  c.b.transfer.aspect.LoggingAspect - [AOP] Exiting RewardService.getRewardSummary - Execution time: 2ms
2026-06-19 10:36:55 [http-nio-8080-exec-1] INFO  c.b.transfer.aspect.LoggingAspect - [AOP] Entering RewardService.getRewardSummary
2026-06-19 10:36:55 [http-nio-8080-exec-1] INFO  c.b.transfer.aspect.LoggingAspect - [AOP] Exiting RewardService.getRewardSummary - Execution time: 3ms
2026-06-19 10:37:05 [http-nio-8080-exec-5] INFO  c.b.transfer.aspect.LoggingAspect - [AOP] Entering TransferService.transfer
2026-06-19 10:37:05 [http-nio-8080-exec-5] INFO  c.b.transfer.service.TransferService - Processing transfer from 2 to 1 for total amount ₹2. Reward redemption: false
2026-06-19 10:37:05 [http-nio-8080-exec-5] ERROR c.b.transfer.aspect.LoggingAspect - [AOP] Exception in TransferService.transfer after 3ms: Insufficient account balance to cover the remaining cash total of ₹2
2026-06-19 10:37:05 [http-nio-8080-exec-5] ERROR c.b.t.e.GlobalExceptionHandler - Insufficient balance: Insufficient account balance to cover the remaining cash total of ₹2
2026-06-19 10:37:08 [http-nio-8080-exec-2] INFO  c.b.transfer.aspect.LoggingAspect - [AOP] Entering TransferService.transfer
2026-06-19 10:37:08 [http-nio-8080-exec-2] INFO  c.b.transfer.service.TransferService - Processing transfer from 2 to 1 for total amount ₹2. Reward redemption: true
2026-06-19 10:37:08 [http-nio-8080-exec-2] INFO  c.b.transfer.aspect.LoggingAspect - [AOP] Entering RewardService.getRewardSummary
2026-06-19 10:37:08 [http-nio-8080-exec-2] INFO  c.b.transfer.aspect.LoggingAspect - [AOP] Exiting RewardService.getRewardSummary - Execution time: 2ms
2026-06-19 10:37:08 [http-nio-8080-exec-2] INFO  c.b.transfer.aspect.LoggingAspect - [AOP] Entering RewardService.redeemPoints
2026-06-19 10:37:08 [http-nio-8080-exec-2] INFO  c.b.transfer.service.RewardService - Redeeming 10 reward points from account 2 for transaction 4735e0ee-b575-4561-8d9f-26e29258dfe0
2026-06-19 10:37:08 [http-nio-8080-exec-2] INFO  c.b.transfer.aspect.LoggingAspect - [AOP] Exiting RewardService.redeemPoints - Execution time: 2ms
2026-06-19 10:37:08 [http-nio-8080-exec-2] INFO  c.b.transfer.aspect.LoggingAspect - [AOP] Entering RewardService.processReward
2026-06-19 10:37:08 [http-nio-8080-exec-2] WARN  c.b.transfer.service.RewardService - Reward ledger entry already exists for transaction 4735e0ee-b575-4561-8d9f-26e29258dfe0. Skipping processing.
2026-06-19 10:37:08 [http-nio-8080-exec-2] INFO  c.b.transfer.aspect.LoggingAspect - [AOP] Exiting RewardService.processReward - Execution time: 0ms
2026-06-19 10:37:08 [http-nio-8080-exec-2] INFO  c.b.transfer.aspect.LoggingAspect - [AOP] Exiting TransferService.transfer - Execution time: 8ms
2026-06-19 10:37:10 [http-nio-8080-exec-4] INFO  c.b.transfer.aspect.LoggingAspect - [AOP] Entering RewardService.getRewardSummary
2026-06-19 10:37:10 [http-nio-8080-exec-4] INFO  c.b.transfer.aspect.LoggingAspect - [AOP] Exiting RewardService.getRewardSummary - Execution time: 4ms
2026-06-19 10:37:10 [http-nio-8080-exec-6] INFO  c.b.transfer.aspect.LoggingAspect - [AOP] Entering AccountService.getAccountResponse
2026-06-19 10:37:10 [http-nio-8080-exec-6] INFO  c.b.transfer.aspect.LoggingAspect - [AOP] Exiting AccountService.getAccountResponse - Execution time: 1ms
2026-06-19 10:37:15 [http-nio-8080-exec-7] INFO  c.b.transfer.aspect.LoggingAspect - [AOP] Entering AccountService.login
2026-06-19 10:37:15 [http-nio-8080-exec-7] INFO  c.b.transfer.service.AccountService - Login attempt for username: Kartikey
2026-06-19 10:37:15 [http-nio-8080-exec-7] INFO  c.b.transfer.service.AccountService - Login successful for username: Kartikey
2026-06-19 10:37:15 [http-nio-8080-exec-7] INFO  c.b.transfer.aspect.LoggingAspect - [AOP] Exiting AccountService.login - Execution time: 62ms
2026-06-19 10:37:15 [http-nio-8080-exec-9] INFO  c.b.transfer.aspect.LoggingAspect - [AOP] Entering AccountService.getAccountResponse
2026-06-19 10:37:15 [http-nio-8080-exec-8] INFO  c.b.transfer.aspect.LoggingAspect - [AOP] Entering RewardService.getRewardSummary
2026-06-19 10:37:15 [http-nio-8080-exec-9] INFO  c.b.transfer.aspect.LoggingAspect - [AOP] Exiting AccountService.getAccountResponse - Execution time: 2ms
2026-06-19 10:37:15 [http-nio-8080-exec-8] INFO  c.b.transfer.aspect.LoggingAspect - [AOP] Exiting RewardService.getRewardSummary - Execution time: 4ms
2026-06-19 10:37:17 [http-nio-8080-exec-3] INFO  c.b.transfer.aspect.LoggingAspect - [AOP] Entering RewardService.getRewardSummary
2026-06-19 10:37:17 [http-nio-8080-exec-3] INFO  c.b.transfer.aspect.LoggingAspect - [AOP] Exiting RewardService.getRewardSummary - Execution time: 2ms
2026-06-19 10:37:18 [http-nio-8080-exec-10] INFO  c.b.transfer.aspect.LoggingAspect - [AOP] Entering AccountService.getAccountResponse
2026-06-19 10:37:18 [http-nio-8080-exec-1] INFO  c.b.transfer.aspect.LoggingAspect - [AOP] Entering RewardService.getRewardSummary
2026-06-19 10:37:18 [http-nio-8080-exec-10] INFO  c.b.transfer.aspect.LoggingAspect - [AOP] Exiting AccountService.getAccountResponse - Execution time: 1ms
2026-06-19 10:37:18 [http-nio-8080-exec-1] INFO  c.b.transfer.aspect.LoggingAspect - [AOP] Exiting RewardService.getRewardSummary - Execution time: 2ms
2026-06-19 10:37:20 [http-nio-8080-exec-5] INFO  c.b.transfer.aspect.LoggingAspect - [AOP] Entering RewardService.getRewardSummary
2026-06-19 10:37:20 [http-nio-8080-exec-5] INFO  c.b.transfer.aspect.LoggingAspect - [AOP] Exiting RewardService.getRewardSummary - Execution time: 3ms
2026-06-19 10:37:24 [http-nio-8080-exec-2] INFO  c.b.transfer.aspect.LoggingAspect - [AOP] Entering AccountService.getAccountResponse
2026-06-19 10:37:24 [http-nio-8080-exec-4] INFO  c.b.transfer.aspect.LoggingAspect - [AOP] Entering RewardService.getRewardSummary
2026-06-19 10:37:24 [http-nio-8080-exec-2] INFO  c.b.transfer.aspect.LoggingAspect - [AOP] Exiting AccountService.getAccountResponse - Execution time: 2ms
2026-06-19 10:37:24 [http-nio-8080-exec-4] INFO  c.b.transfer.aspect.LoggingAspect - [AOP] Exiting RewardService.getRewardSummary - Execution time: 2ms
2026-06-19 10:40:29 [http-nio-8080-exec-9] INFO  c.b.transfer.aspect.LoggingAspect - [AOP] Entering RewardService.getRewardSummary
2026-06-19 10:40:29 [http-nio-8080-exec-9] INFO  c.b.transfer.aspect.LoggingAspect - [AOP] Exiting RewardService.getRewardSummary - Execution time: 3ms
2026-06-19 10:40:43 [http-nio-8080-exec-8] INFO  c.b.transfer.aspect.LoggingAspect - [AOP] Entering TransferService.transfer
2026-06-19 10:40:43 [http-nio-8080-exec-8] INFO  c.b.transfer.service.TransferService - Processing transfer from 1 to 2 for total amount ₹10000. Reward redemption: false
2026-06-19 10:40:43 [http-nio-8080-exec-8] INFO  c.b.transfer.aspect.LoggingAspect - [AOP] Entering RewardService.processReward
2026-06-19 10:40:43 [http-nio-8080-exec-8] INFO  c.b.transfer.service.RewardService - Reward granted: 100 points to account 1 based on cash spend of ₹10000
2026-06-19 10:40:43 [http-nio-8080-exec-8] INFO  c.b.transfer.aspect.LoggingAspect - [AOP] Exiting RewardService.processReward - Execution time: 2ms
2026-06-19 10:40:43 [http-nio-8080-exec-8] INFO  c.b.transfer.aspect.LoggingAspect - [AOP] Exiting TransferService.transfer - Execution time: 7ms
2026-06-19 10:40:45 [http-nio-8080-exec-3] INFO  c.b.transfer.aspect.LoggingAspect - [AOP] Entering AccountService.getAccountResponse
2026-06-19 10:40:45 [http-nio-8080-exec-3] INFO  c.b.transfer.aspect.LoggingAspect - [AOP] Exiting AccountService.getAccountResponse - Execution time: 1ms
2026-06-19 10:40:45 [http-nio-8080-exec-10] INFO  c.b.transfer.aspect.LoggingAspect - [AOP] Entering RewardService.getRewardSummary
2026-06-19 10:40:45 [http-nio-8080-exec-10] INFO  c.b.transfer.aspect.LoggingAspect - [AOP] Exiting RewardService.getRewardSummary - Execution time: 2ms
2026-06-19 10:42:41 [http-nio-8080-exec-4] INFO  c.b.transfer.aspect.LoggingAspect - [AOP] Entering RewardService.getRewardSummary
2026-06-19 10:42:41 [http-nio-8080-exec-4] INFO  c.b.transfer.aspect.LoggingAspect - [AOP] Exiting RewardService.getRewardSummary - Execution time: 3ms
2026-06-19 10:49:56 [http-nio-8080-exec-7] INFO  c.b.transfer.aspect.LoggingAspect - [AOP] Entering RewardService.getRewardSummary
2026-06-19 10:49:56 [http-nio-8080-exec-7] INFO  c.b.transfer.aspect.LoggingAspect - [AOP] Exiting RewardService.getRewardSummary - Execution time: 3ms
2026-06-19 10:51:52 [http-nio-8080-exec-9] INFO  c.b.transfer.aspect.LoggingAspect - [AOP] Entering RewardService.getRewardSummary
2026-06-19 10:51:52 [http-nio-8080-exec-9] INFO  c.b.transfer.aspect.LoggingAspect - [AOP] Exiting RewardService.getRewardSummary - Execution time: 4ms
2026-06-19 10:52:13 [http-nio-8080-exec-8] INFO  c.b.transfer.aspect.LoggingAspect - [AOP] Entering AccountService.getAccountResponse
2026-06-19 10:52:13 [http-nio-8080-exec-3] INFO  c.b.transfer.aspect.LoggingAspect - [AOP] Entering RewardService.getRewardSummary
2026-06-19 10:52:13 [http-nio-8080-exec-8] INFO  c.b.transfer.aspect.LoggingAspect - [AOP] Exiting AccountService.getAccountResponse - Execution time: 1ms
2026-06-19 10:52:13 [http-nio-8080-exec-3] INFO  c.b.transfer.aspect.LoggingAspect - [AOP] Exiting RewardService.getRewardSummary - Execution time: 2ms
2026-06-19 10:52:16 [http-nio-8080-exec-10] INFO  c.b.transfer.aspect.LoggingAspect - [AOP] Entering RewardService.getRewardSummary
2026-06-19 10:52:16 [http-nio-8080-exec-10] INFO  c.b.transfer.aspect.LoggingAspect - [AOP] Exiting RewardService.getRewardSummary - Execution time: 2ms
2026-06-19 10:52:21 [http-nio-8080-exec-1] INFO  c.b.transfer.aspect.LoggingAspect - [AOP] Entering AccountService.login
2026-06-19 10:52:21 [http-nio-8080-exec-1] INFO  c.b.transfer.service.AccountService - Login attempt for username: KSI
2026-06-19 10:52:21 [http-nio-8080-exec-1] INFO  c.b.transfer.service.AccountService - Login successful for username: KSI
2026-06-19 10:52:21 [http-nio-8080-exec-1] INFO  c.b.transfer.aspect.LoggingAspect - [AOP] Exiting AccountService.login - Execution time: 60ms
2026-06-19 10:52:21 [http-nio-8080-exec-5] INFO  c.b.transfer.aspect.LoggingAspect - [AOP] Entering AccountService.getAccountResponse
2026-06-19 10:52:21 [http-nio-8080-exec-5] INFO  c.b.transfer.aspect.LoggingAspect - [AOP] Exiting AccountService.getAccountResponse - Execution time: 1ms
2026-06-19 10:52:21 [http-nio-8080-exec-4] INFO  c.b.transfer.aspect.LoggingAspect - [AOP] Entering RewardService.getRewardSummary
2026-06-19 10:52:21 [http-nio-8080-exec-4] INFO  c.b.transfer.aspect.LoggingAspect - [AOP] Exiting RewardService.getRewardSummary - Execution time: 2ms
2026-06-19 10:52:23 [http-nio-8080-exec-2] INFO  c.b.transfer.aspect.LoggingAspect - [AOP] Entering RewardService.getRewardSummary
2026-06-19 10:52:23 [http-nio-8080-exec-2] INFO  c.b.transfer.aspect.LoggingAspect - [AOP] Exiting RewardService.getRewardSummary - Execution time: 3ms
2026-06-19 10:52:25 [http-nio-8080-exec-6] INFO  c.b.transfer.aspect.LoggingAspect - [AOP] Entering RewardService.getRewardSummary
2026-06-19 10:52:25 [http-nio-8080-exec-7] INFO  c.b.transfer.aspect.LoggingAspect - [AOP] Entering AccountService.getAccountResponse
2026-06-19 10:52:25 [http-nio-8080-exec-6] INFO  c.b.transfer.aspect.LoggingAspect - [AOP] Exiting RewardService.getRewardSummary - Execution time: 3ms
2026-06-19 10:52:25 [http-nio-8080-exec-7] INFO  c.b.transfer.aspect.LoggingAspect - [AOP] Exiting AccountService.getAccountResponse - Execution time: 1ms
2026-06-19 10:52:31 [http-nio-8080-exec-9] INFO  c.b.transfer.aspect.LoggingAspect - [AOP] Entering AccountService.login
2026-06-19 10:52:31 [http-nio-8080-exec-9] INFO  c.b.transfer.service.AccountService - Login attempt for username: Kartikey
2026-06-19 10:52:31 [http-nio-8080-exec-9] INFO  c.b.transfer.service.AccountService - Login successful for username: Kartikey
2026-06-19 10:52:31 [http-nio-8080-exec-9] INFO  c.b.transfer.aspect.LoggingAspect - [AOP] Exiting AccountService.login - Execution time: 61ms
2026-06-19 10:52:31 [http-nio-8080-exec-8] INFO  c.b.transfer.aspect.LoggingAspect - [AOP] Entering AccountService.getAccountResponse
2026-06-19 10:52:31 [http-nio-8080-exec-3] INFO  c.b.transfer.aspect.LoggingAspect - [AOP] Entering RewardService.getRewardSummary
2026-06-19 10:52:31 [http-nio-8080-exec-8] INFO  c.b.transfer.aspect.LoggingAspect - [AOP] Exiting AccountService.getAccountResponse - Execution time: 1ms
2026-06-19 10:52:31 [http-nio-8080-exec-3] INFO  c.b.transfer.aspect.LoggingAspect - [AOP] Exiting RewardService.getRewardSummary - Execution time: 2ms
2026-06-19 10:52:33 [http-nio-8080-exec-10] INFO  c.b.transfer.aspect.LoggingAspect - [AOP] Entering RewardService.getRewardSummary
2026-06-19 10:52:33 [http-nio-8080-exec-10] INFO  c.b.transfer.aspect.LoggingAspect - [AOP] Exiting RewardService.getRewardSummary - Execution time: 3ms
2026-06-19 10:52:45 [http-nio-8080-exec-1] INFO  c.b.transfer.aspect.LoggingAspect - [AOP] Entering TransferService.transfer
2026-06-19 10:52:45 [http-nio-8080-exec-1] INFO  c.b.transfer.service.TransferService - Processing transfer from 1 to 2 for total amount ₹102. Reward redemption: true
2026-06-19 10:52:45 [http-nio-8080-exec-1] INFO  c.b.transfer.aspect.LoggingAspect - [AOP] Entering RewardService.getRewardSummary
2026-06-19 10:52:45 [http-nio-8080-exec-1] INFO  c.b.transfer.aspect.LoggingAspect - [AOP] Exiting RewardService.getRewardSummary - Execution time: 2ms
2026-06-19 10:52:45 [http-nio-8080-exec-1] ERROR c.b.transfer.aspect.LoggingAspect - [AOP] Exception in TransferService.transfer after 4ms: Insufficient account balance to cover the remaining cash total of ₹92
2026-06-19 10:52:45 [http-nio-8080-exec-1] ERROR c.b.t.e.GlobalExceptionHandler - Insufficient balance: Insufficient account balance to cover the remaining cash total of ₹92
2026-06-19 10:52:59 [http-nio-8080-exec-5] INFO  c.b.transfer.aspect.LoggingAspect - [AOP] Entering AccountService.getAccountResponse
2026-06-19 10:52:59 [http-nio-8080-exec-4] INFO  c.b.transfer.aspect.LoggingAspect - [AOP] Entering RewardService.getRewardSummary
2026-06-19 10:52:59 [http-nio-8080-exec-5] INFO  c.b.transfer.aspect.LoggingAspect - [AOP] Exiting AccountService.getAccountResponse - Execution time: 1ms
2026-06-19 10:52:59 [http-nio-8080-exec-4] INFO  c.b.transfer.aspect.LoggingAspect - [AOP] Exiting RewardService.getRewardSummary - Execution time: 3ms
2026-06-19 10:53:01 [http-nio-8080-exec-2] INFO  c.b.transfer.aspect.LoggingAspect - [AOP] Entering RewardService.getRewardSummary
2026-06-19 10:53:01 [http-nio-8080-exec-2] INFO  c.b.transfer.aspect.LoggingAspect - [AOP] Exiting RewardService.getRewardSummary - Execution time: 2ms
2026-06-19 10:54:06 [SpringApplicationShutdownHook] INFO  o.s.o.j.LocalContainerEntityManagerFactoryBean - Closing JPA EntityManagerFactory for persistence unit 'default'
2026-06-19 10:54:06 [SpringApplicationShutdownHook] INFO  com.zaxxer.hikari.HikariDataSource - HikariPool-1 - Shutdown initiated...
2026-06-19 10:54:06 [SpringApplicationShutdownHook] INFO  com.zaxxer.hikari.HikariDataSource - HikariPool-1 - Shutdown completed.
