2026-06-18 09:54:58 [http-nio-8080-exec-8] INFO  c.b.transfer.aspect.LoggingAspect - [AOP] Entering AccountService.login
2026-06-18 09:54:58 [http-nio-8080-exec-8] INFO  c.b.transfer.service.AccountService - Login attempt for username: Kartikey
2026-06-18 09:54:58 [http-nio-8080-exec-8] INFO  c.b.transfer.service.AccountService - Login successful for username: Kartikey
2026-06-18 09:54:58 [http-nio-8080-exec-8] INFO  c.b.transfer.aspect.LoggingAspect - [AOP] Exiting AccountService.login - Execution time: 67ms
2026-06-18 09:54:58 [http-nio-8080-exec-1] INFO  c.b.transfer.aspect.LoggingAspect - [AOP] Entering AccountService.getAccountResponse
2026-06-18 09:54:58 [http-nio-8080-exec-10] INFO  c.b.transfer.aspect.LoggingAspect - [AOP] Entering RewardService.getRewardSummary
2026-06-18 09:54:58 [http-nio-8080-exec-1] INFO  c.b.transfer.aspect.LoggingAspect - [AOP] Exiting AccountService.getAccountResponse - Execution time: 1ms
2026-06-18 09:54:58 [http-nio-8080-exec-10] INFO  c.b.transfer.aspect.LoggingAspect - [AOP] Exiting RewardService.getRewardSummary - Execution time: 3ms
2026-06-18 09:55:03 [http-nio-8080-exec-2] INFO  c.b.transfer.aspect.LoggingAspect - [AOP] Entering AccountService.getTransactions
2026-06-18 09:55:03 [http-nio-8080-exec-2] INFO  c.b.transfer.aspect.LoggingAspect - [AOP] Exiting AccountService.getTransactions - Execution time: 2ms
2026-06-18 09:55:05 [http-nio-8080-exec-9] INFO  c.b.transfer.aspect.LoggingAspect - [AOP] Entering AccountService.getAccountResponse
2026-06-18 09:55:05 [http-nio-8080-exec-4] INFO  c.b.transfer.aspect.LoggingAspect - [AOP] Entering RewardService.getRewardSummary
2026-06-18 09:55:05 [http-nio-8080-exec-9] INFO  c.b.transfer.aspect.LoggingAspect - [AOP] Exiting AccountService.getAccountResponse - Execution time: 0ms
2026-06-18 09:55:05 [http-nio-8080-exec-4] INFO  c.b.transfer.aspect.LoggingAspect - [AOP] Exiting RewardService.getRewardSummary - Execution time: 1ms
2026-06-18 09:55:06 [http-nio-8080-exec-3] INFO  c.b.transfer.aspect.LoggingAspect - [AOP] Entering RewardService.getRewardSummary
2026-06-18 09:55:06 [http-nio-8080-exec-3] INFO  c.b.transfer.aspect.LoggingAspect - [AOP] Exiting RewardService.getRewardSummary - Execution time: 68ms
2026-06-18 09:55:07 [http-nio-8080-exec-8] INFO  c.b.transfer.aspect.LoggingAspect - [AOP] Entering AccountService.getAccountResponse
2026-06-18 09:55:07 [http-nio-8080-exec-8] INFO  c.b.transfer.aspect.LoggingAspect - [AOP] Exiting AccountService.getAccountResponse - Execution time: 0ms
2026-06-18 09:55:07 [http-nio-8080-exec-5] INFO  c.b.transfer.aspect.LoggingAspect - [AOP] Entering RewardService.getRewardSummary
2026-06-18 09:55:07 [http-nio-8080-exec-5] INFO  c.b.transfer.aspect.LoggingAspect - [AOP] Exiting RewardService.getRewardSummary - Execution time: 2ms
2026-06-18 09:55:09 [http-nio-8080-exec-6] INFO  c.b.transfer.aspect.LoggingAspect - [AOP] Entering AccountService.getAccountResponse
2026-06-18 09:55:09 [http-nio-8080-exec-1] INFO  c.b.transfer.aspect.LoggingAspect - [AOP] Entering RewardService.getRewardSummary
2026-06-18 09:55:09 [http-nio-8080-exec-6] INFO  c.b.transfer.aspect.LoggingAspect - [AOP] Exiting AccountService.getAccountResponse - Execution time: 0ms
2026-06-18 09:55:09 [http-nio-8080-exec-1] INFO  c.b.transfer.aspect.LoggingAspect - [AOP] Exiting RewardService.getRewardSummary - Execution time: 2ms
2026-06-18 10:52:39 [http-nio-8080-exec-9] INFO  c.b.transfer.aspect.LoggingAspect - [AOP] Entering AccountService.login
2026-06-18 10:52:39 [http-nio-8080-exec-9] INFO  c.b.transfer.service.AccountService - Login attempt for username: Kartikey
2026-06-18 10:52:39 [http-nio-8080-exec-9] INFO  c.b.transfer.service.AccountService - Login successful for username: Kartikey
2026-06-18 10:52:39 [http-nio-8080-exec-9] INFO  c.b.transfer.aspect.LoggingAspect - [AOP] Exiting AccountService.login - Execution time: 62ms
2026-06-18 10:52:39 [http-nio-8080-exec-5] INFO  c.b.transfer.aspect.LoggingAspect - [AOP] Entering RewardService.getRewardSummary
2026-06-18 10:52:39 [http-nio-8080-exec-8] INFO  c.b.transfer.aspect.LoggingAspect - [AOP] Entering AccountService.getAccountResponse
2026-06-18 10:52:39 [http-nio-8080-exec-8] INFO  c.b.transfer.aspect.LoggingAspect - [AOP] Exiting AccountService.getAccountResponse - Execution time: 1ms
2026-06-18 10:52:39 [http-nio-8080-exec-5] INFO  c.b.transfer.aspect.LoggingAspect - [AOP] Exiting RewardService.getRewardSummary - Execution time: 3ms
2026-06-18 10:52:44 [http-nio-8080-exec-1] INFO  c.b.transfer.aspect.LoggingAspect - [AOP] Entering RewardService.getRewardSummary
2026-06-18 10:52:44 [http-nio-8080-exec-6] INFO  c.b.transfer.aspect.LoggingAspect - [AOP] Entering AccountService.getAccountResponse
2026-06-18 10:52:44 [http-nio-8080-exec-6] INFO  c.b.transfer.aspect.LoggingAspect - [AOP] Exiting AccountService.getAccountResponse - Execution time: 1ms
2026-06-18 10:52:44 [http-nio-8080-exec-1] INFO  c.b.transfer.aspect.LoggingAspect - [AOP] Exiting RewardService.getRewardSummary - Execution time: 2ms
2026-06-18 10:52:52 [http-nio-8080-exec-7] INFO  c.b.transfer.aspect.LoggingAspect - [AOP] Entering AccountService.getAccountResponse
2026-06-18 10:52:52 [http-nio-8080-exec-7] INFO  c.b.transfer.aspect.LoggingAspect - [AOP] Exiting AccountService.getAccountResponse - Execution time: 0ms
2026-06-18 10:52:52 [http-nio-8080-exec-10] INFO  c.b.transfer.aspect.LoggingAspect - [AOP] Entering RewardService.getRewardSummary
2026-06-18 10:52:52 [http-nio-8080-exec-10] INFO  c.b.transfer.aspect.LoggingAspect - [AOP] Exiting RewardService.getRewardSummary - Execution time: 1ms
2026-06-18 10:52:55 [http-nio-8080-exec-9] INFO  c.b.transfer.aspect.LoggingAspect - [AOP] Entering AccountService.getTransactions
2026-06-18 10:52:55 [http-nio-8080-exec-9] INFO  c.b.transfer.aspect.LoggingAspect - [AOP] Exiting AccountService.getTransactions - Execution time: 2ms
2026-06-18 10:52:57 [http-nio-8080-exec-4] INFO  c.b.transfer.aspect.LoggingAspect - [AOP] Entering AccountService.getAccountResponse
2026-06-18 10:52:57 [http-nio-8080-exec-4] INFO  c.b.transfer.aspect.LoggingAspect - [AOP] Exiting AccountService.getAccountResponse - Execution time: 1ms
2026-06-18 10:52:57 [http-nio-8080-exec-3] INFO  c.b.transfer.aspect.LoggingAspect - [AOP] Entering RewardService.getRewardSummary
2026-06-18 10:52:57 [http-nio-8080-exec-3] INFO  c.b.transfer.aspect.LoggingAspect - [AOP] Exiting RewardService.getRewardSummary - Execution time: 2ms
2026-06-18 10:53:02 [http-nio-8080-exec-8] INFO  c.b.transfer.aspect.LoggingAspect - [AOP] Entering AccountService.getAccountResponse
2026-06-18 10:53:02 [http-nio-8080-exec-5] INFO  c.b.transfer.aspect.LoggingAspect - [AOP] Entering RewardService.getRewardSummary
2026-06-18 10:53:02 [http-nio-8080-exec-8] INFO  c.b.transfer.aspect.LoggingAspect - [AOP] Exiting AccountService.getAccountResponse - Execution time: 1ms
2026-06-18 10:53:02 [http-nio-8080-exec-5] INFO  c.b.transfer.aspect.LoggingAspect - [AOP] Exiting RewardService.getRewardSummary - Execution time: 1ms
2026-06-18 10:53:03 [http-nio-8080-exec-6] INFO  c.b.transfer.aspect.LoggingAspect - [AOP] Entering RewardService.getRewardSummary
2026-06-18 10:53:03 [http-nio-8080-exec-6] INFO  c.b.transfer.aspect.LoggingAspect - [AOP] Exiting RewardService.getRewardSummary - Execution time: 2ms
2026-06-18 10:53:13 [http-nio-8080-exec-1] INFO  c.b.transfer.aspect.LoggingAspect - [AOP] Entering AccountService.getAccountResponse
2026-06-18 10:53:13 [http-nio-8080-exec-1] INFO  c.b.transfer.aspect.LoggingAspect - [AOP] Exiting AccountService.getAccountResponse - Execution time: 0ms
2026-06-18 10:53:13 [http-nio-8080-exec-7] INFO  c.b.transfer.aspect.LoggingAspect - [AOP] Entering RewardService.getRewardSummary
2026-06-18 10:53:13 [http-nio-8080-exec-7] INFO  c.b.transfer.aspect.LoggingAspect - [AOP] Exiting RewardService.getRewardSummary - Execution time: 2ms
2026-06-18 10:53:37 [http-nio-8080-exec-10] INFO  c.b.transfer.aspect.LoggingAspect - [AOP] Entering RewardService.getRewardSummary
2026-06-18 10:53:37 [http-nio-8080-exec-10] INFO  c.b.transfer.aspect.LoggingAspect - [AOP] Exiting RewardService.getRewardSummary - Execution time: 1ms
2026-06-18 10:53:50 [http-nio-8080-exec-2] INFO  c.b.transfer.aspect.LoggingAspect - [AOP] Entering AccountService.getAccountResponse
2026-06-18 10:53:50 [http-nio-8080-exec-9] INFO  c.b.transfer.aspect.LoggingAspect - [AOP] Entering RewardService.getRewardSummary
2026-06-18 10:53:50 [http-nio-8080-exec-2] INFO  c.b.transfer.aspect.LoggingAspect - [AOP] Exiting AccountService.getAccountResponse - Execution time: 1ms
2026-06-18 10:53:50 [http-nio-8080-exec-9] INFO  c.b.transfer.aspect.LoggingAspect - [AOP] Exiting RewardService.getRewardSummary - Execution time: 3ms
2026-06-18 10:53:50 [http-nio-8080-exec-4] INFO  c.b.transfer.aspect.LoggingAspect - [AOP] Entering AccountService.getTransactions
2026-06-18 10:53:50 [http-nio-8080-exec-4] INFO  c.b.transfer.aspect.LoggingAspect - [AOP] Exiting AccountService.getTransactions - Execution time: 2ms
2026-06-18 10:53:55 [http-nio-8080-exec-3] INFO  c.b.transfer.aspect.LoggingAspect - [AOP] Entering AccountService.getAccountResponse
2026-06-18 10:53:55 [http-nio-8080-exec-8] INFO  c.b.transfer.aspect.LoggingAspect - [AOP] Entering RewardService.getRewardSummary
2026-06-18 10:53:55 [http-nio-8080-exec-3] INFO  c.b.transfer.aspect.LoggingAspect - [AOP] Exiting AccountService.getAccountResponse - Execution time: 0ms
2026-06-18 10:53:55 [http-nio-8080-exec-8] INFO  c.b.transfer.aspect.LoggingAspect - [AOP] Exiting RewardService.getRewardSummary - Execution time: 1ms
2026-06-18 10:54:23 [http-nio-8080-exec-5] INFO  c.b.transfer.aspect.LoggingAspect - [AOP] Entering AccountService.getAccountResponse
2026-06-18 10:54:23 [http-nio-8080-exec-6] INFO  c.b.transfer.aspect.LoggingAspect - [AOP] Entering RewardService.getRewardSummary
2026-06-18 10:54:23 [http-nio-8080-exec-5] INFO  c.b.transfer.aspect.LoggingAspect - [AOP] Exiting AccountService.getAccountResponse - Execution time: 1ms
2026-06-18 10:54:23 [http-nio-8080-exec-6] INFO  c.b.transfer.aspect.LoggingAspect - [AOP] Exiting RewardService.getRewardSummary - Execution time: 1ms
2026-06-18 10:54:24 [http-nio-8080-exec-1] INFO  c.b.transfer.aspect.LoggingAspect - [AOP] Entering AccountService.getTransactions
2026-06-18 10:54:24 [http-nio-8080-exec-1] INFO  c.b.transfer.aspect.LoggingAspect - [AOP] Exiting AccountService.getTransactions - Execution time: 1ms
2026-06-18 10:54:25 [http-nio-8080-exec-7] INFO  c.b.transfer.aspect.LoggingAspect - [AOP] Entering AccountService.getAccountResponse
2026-06-18 10:54:25 [http-nio-8080-exec-10] INFO  c.b.transfer.aspect.LoggingAspect - [AOP] Entering RewardService.getRewardSummary
2026-06-18 10:54:25 [http-nio-8080-exec-7] INFO  c.b.transfer.aspect.LoggingAspect - [AOP] Exiting AccountService.getAccountResponse - Execution time: 0ms
2026-06-18 10:54:25 [http-nio-8080-exec-10] INFO  c.b.transfer.aspect.LoggingAspect - [AOP] Exiting RewardService.getRewardSummary - Execution time: 1ms
2026-06-18 10:54:26 [http-nio-8080-exec-2] INFO  c.b.transfer.aspect.LoggingAspect - [AOP] Entering RewardService.getRewardSummary
2026-06-18 10:54:26 [http-nio-8080-exec-2] INFO  c.b.transfer.aspect.LoggingAspect - [AOP] Exiting RewardService.getRewardSummary - Execution time: 2ms
2026-06-18 10:54:27 [http-nio-8080-exec-4] INFO  c.b.transfer.aspect.LoggingAspect - [AOP] Entering RewardService.getRewardSummary
2026-06-18 10:54:27 [http-nio-8080-exec-9] INFO  c.b.transfer.aspect.LoggingAspect - [AOP] Entering AccountService.getAccountResponse
2026-06-18 10:54:27 [http-nio-8080-exec-9] INFO  c.b.transfer.aspect.LoggingAspect - [AOP] Exiting AccountService.getAccountResponse - Execution time: 0ms
2026-06-18 10:54:27 [http-nio-8080-exec-4] INFO  c.b.transfer.aspect.LoggingAspect - [AOP] Exiting RewardService.getRewardSummary - Execution time: 2ms
2026-06-18 10:57:08 [http-nio-8080-exec-6] INFO  c.b.transfer.aspect.LoggingAspect - [AOP] Entering RewardService.getRewardSummary
2026-06-18 10:57:08 [http-nio-8080-exec-5] INFO  c.b.transfer.aspect.LoggingAspect - [AOP] Entering AccountService.getAccountResponse
2026-06-18 10:57:08 [http-nio-8080-exec-5] INFO  c.b.transfer.aspect.LoggingAspect - [AOP] Exiting AccountService.getAccountResponse - Execution time: 1ms
2026-06-18 10:57:08 [http-nio-8080-exec-6] INFO  c.b.transfer.aspect.LoggingAspect - [AOP] Exiting RewardService.getRewardSummary - Execution time: 1ms
2026-06-18 10:57:12 [http-nio-8080-exec-1] INFO  c.b.transfer.aspect.LoggingAspect - [AOP] Entering AccountService.login
2026-06-18 10:57:12 [http-nio-8080-exec-1] INFO  c.b.transfer.service.AccountService - Login attempt for username: Kartikey
2026-06-18 10:57:12 [http-nio-8080-exec-1] INFO  c.b.transfer.service.AccountService - Login successful for username: Kartikey
2026-06-18 10:57:12 [http-nio-8080-exec-1] INFO  c.b.transfer.aspect.LoggingAspect - [AOP] Exiting AccountService.login - Execution time: 65ms
2026-06-18 10:57:12 [http-nio-8080-exec-10] INFO  c.b.transfer.aspect.LoggingAspect - [AOP] Entering RewardService.getRewardSummary
2026-06-18 10:57:12 [http-nio-8080-exec-7] INFO  c.b.transfer.aspect.LoggingAspect - [AOP] Entering AccountService.getAccountResponse
2026-06-18 10:57:12 [http-nio-8080-exec-7] INFO  c.b.transfer.aspect.LoggingAspect - [AOP] Exiting AccountService.getAccountResponse - Execution time: 1ms
2026-06-18 10:57:12 [http-nio-8080-exec-10] INFO  c.b.transfer.aspect.LoggingAspect - [AOP] Exiting RewardService.getRewardSummary - Execution time: 2ms
2026-06-18 10:57:13 [http-nio-8080-exec-2] INFO  c.b.transfer.aspect.LoggingAspect - [AOP] Entering RewardService.getRewardSummary
2026-06-18 10:57:13 [http-nio-8080-exec-2] INFO  c.b.transfer.aspect.LoggingAspect - [AOP] Exiting RewardService.getRewardSummary - Execution time: 2ms
2026-06-18 10:57:15 [http-nio-8080-exec-9] INFO  c.b.transfer.aspect.LoggingAspect - [AOP] Entering AccountService.getAccountResponse
2026-06-18 10:57:15 [http-nio-8080-exec-9] INFO  c.b.transfer.aspect.LoggingAspect - [AOP] Exiting AccountService.getAccountResponse - Execution time: 0ms
2026-06-18 10:57:15 [http-nio-8080-exec-4] INFO  c.b.transfer.aspect.LoggingAspect - [AOP] Entering RewardService.getRewardSummary
2026-06-18 10:57:15 [http-nio-8080-exec-4] INFO  c.b.transfer.aspect.LoggingAspect - [AOP] Exiting RewardService.getRewardSummary - Execution time: 2ms
2026-06-18 10:57:16 [http-nio-8080-exec-3] INFO  c.b.transfer.aspect.LoggingAspect - [AOP] Entering AccountService.getTransactions
2026-06-18 10:57:16 [http-nio-8080-exec-3] INFO  c.b.transfer.aspect.LoggingAspect - [AOP] Exiting AccountService.getTransactions - Execution time: 2ms
2026-06-18 10:57:17 [http-nio-8080-exec-8] INFO  c.b.transfer.aspect.LoggingAspect - [AOP] Entering AccountService.getAccountResponse
2026-06-18 10:57:17 [http-nio-8080-exec-8] INFO  c.b.transfer.aspect.LoggingAspect - [AOP] Exiting AccountService.getAccountResponse - Execution time: 1ms
2026-06-18 10:57:17 [http-nio-8080-exec-6] INFO  c.b.transfer.aspect.LoggingAspect - [AOP] Entering RewardService.getRewardSummary
2026-06-18 10:57:17 [http-nio-8080-exec-6] INFO  c.b.transfer.aspect.LoggingAspect - [AOP] Exiting RewardService.getRewardSummary - Execution time: 2ms
2026-06-18 11:01:25 [http-nio-8080-exec-7] INFO  c.b.transfer.aspect.LoggingAspect - [AOP] Entering AccountService.getAccountResponse
2026-06-18 11:01:25 [http-nio-8080-exec-10] INFO  c.b.transfer.aspect.LoggingAspect - [AOP] Entering RewardService.getRewardSummary
2026-06-18 11:01:25 [http-nio-8080-exec-7] INFO  c.b.transfer.aspect.LoggingAspect - [AOP] Exiting AccountService.getAccountResponse - Execution time: 2ms
2026-06-18 11:01:25 [http-nio-8080-exec-10] INFO  c.b.transfer.aspect.LoggingAspect - [AOP] Exiting RewardService.getRewardSummary - Execution time: 2ms
2026-06-18 11:01:32 [http-nio-8080-exec-2] INFO  c.b.transfer.aspect.LoggingAspect - [AOP] Entering AccountService.getAccountResponse
2026-06-18 11:01:32 [http-nio-8080-exec-9] INFO  c.b.transfer.aspect.LoggingAspect - [AOP] Entering RewardService.getRewardSummary
2026-06-18 11:01:32 [http-nio-8080-exec-2] INFO  c.b.transfer.aspect.LoggingAspect - [AOP] Exiting AccountService.getAccountResponse - Execution time: 1ms
2026-06-18 11:01:32 [http-nio-8080-exec-9] INFO  c.b.transfer.aspect.LoggingAspect - [AOP] Exiting RewardService.getRewardSummary - Execution time: 1ms
2026-06-18 11:01:48 [http-nio-8080-exec-4] INFO  c.b.transfer.aspect.LoggingAspect - [AOP] Entering AccountService.getAccountResponse
2026-06-18 11:01:48 [http-nio-8080-exec-3] INFO  c.b.transfer.aspect.LoggingAspect - [AOP] Entering RewardService.getRewardSummary
2026-06-18 11:01:48 [http-nio-8080-exec-4] INFO  c.b.transfer.aspect.LoggingAspect - [AOP] Exiting AccountService.getAccountResponse - Execution time: 0ms
2026-06-18 11:01:48 [http-nio-8080-exec-3] INFO  c.b.transfer.aspect.LoggingAspect - [AOP] Exiting RewardService.getRewardSummary - Execution time: 1ms
2026-06-18 11:01:53 [http-nio-8080-exec-6] INFO  c.b.transfer.aspect.LoggingAspect - [AOP] Entering RewardService.getRewardSummary
2026-06-18 11:01:53 [http-nio-8080-exec-8] INFO  c.b.transfer.aspect.LoggingAspect - [AOP] Entering AccountService.getAccountResponse
2026-06-18 11:01:53 [http-nio-8080-exec-8] INFO  c.b.transfer.aspect.LoggingAspect - [AOP] Exiting AccountService.getAccountResponse - Execution time: 1ms
2026-06-18 11:01:53 [http-nio-8080-exec-6] INFO  c.b.transfer.aspect.LoggingAspect - [AOP] Exiting RewardService.getRewardSummary - Execution time: 2ms
2026-06-18 11:02:56 [http-nio-8080-exec-10] INFO  c.b.transfer.aspect.LoggingAspect - [AOP] Entering TransferService.transfer
2026-06-18 11:02:56 [http-nio-8080-exec-10] INFO  c.b.transfer.service.TransferService - Processing transfer from 1 to 2 for amount 200
2026-06-18 11:02:56 [http-nio-8080-exec-10] INFO  c.b.transfer.aspect.LoggingAspect - [AOP] Entering RewardService.processReward
2026-06-18 11:02:56 [http-nio-8080-exec-10] INFO  c.b.transfer.service.RewardService - Reward granted: 2 points to account 1 for transaction b6a8ae4e-f7fa-42bc-b78b-0129dbb6e08f
2026-06-18 11:02:56 [http-nio-8080-exec-10] INFO  c.b.transfer.aspect.LoggingAspect - [AOP] Exiting RewardService.processReward - Execution time: 3ms
2026-06-18 11:02:56 [http-nio-8080-exec-10] INFO  c.b.transfer.service.TransferService - Transfer completed successfully. Transaction ID: b6a8ae4e-f7fa-42bc-b78b-0129dbb6e08f
2026-06-18 11:02:56 [http-nio-8080-exec-10] INFO  c.b.transfer.aspect.LoggingAspect - [AOP] Exiting TransferService.transfer - Execution time: 5ms
2026-06-18 11:02:58 [http-nio-8080-exec-9] INFO  c.b.transfer.aspect.LoggingAspect - [AOP] Entering RewardService.getRewardSummary
2026-06-18 11:02:58 [http-nio-8080-exec-9] INFO  c.b.transfer.aspect.LoggingAspect - [AOP] Exiting RewardService.getRewardSummary - Execution time: 2ms
2026-06-18 11:02:58 [http-nio-8080-exec-2] INFO  c.b.transfer.aspect.LoggingAspect - [AOP] Entering AccountService.getAccountResponse
2026-06-18 11:02:58 [http-nio-8080-exec-2] INFO  c.b.transfer.aspect.LoggingAspect - [AOP] Exiting AccountService.getAccountResponse - Execution time: 0ms
2026-06-18 11:03:22 [http-nio-8080-exec-4] INFO  c.b.transfer.aspect.LoggingAspect - [AOP] Entering AccountService.getTransactions
2026-06-18 11:03:22 [http-nio-8080-exec-4] INFO  c.b.transfer.aspect.LoggingAspect - [AOP] Exiting AccountService.getTransactions - Execution time: 2ms
2026-06-18 11:03:24 [http-nio-8080-exec-3] INFO  c.b.transfer.aspect.LoggingAspect - [AOP] Entering AccountService.getAccountResponse
2026-06-18 11:03:24 [http-nio-8080-exec-3] INFO  c.b.transfer.aspect.LoggingAspect - [AOP] Exiting AccountService.getAccountResponse - Execution time: 0ms
2026-06-18 11:03:24 [http-nio-8080-exec-6] INFO  c.b.transfer.aspect.LoggingAspect - [AOP] Entering RewardService.getRewardSummary
2026-06-18 11:03:24 [http-nio-8080-exec-6] INFO  c.b.transfer.aspect.LoggingAspect - [AOP] Exiting RewardService.getRewardSummary - Execution time: 2ms
2026-06-18 11:03:25 [http-nio-8080-exec-8] INFO  c.b.transfer.aspect.LoggingAspect - [AOP] Entering RewardService.getRewardSummary
2026-06-18 11:03:25 [http-nio-8080-exec-8] INFO  c.b.transfer.aspect.LoggingAspect - [AOP] Exiting RewardService.getRewardSummary - Execution time: 1ms
2026-06-18 11:03:27 [http-nio-8080-exec-1] INFO  c.b.transfer.aspect.LoggingAspect - [AOP] Entering RewardService.getRewardSummary
2026-06-18 11:03:27 [http-nio-8080-exec-5] INFO  c.b.transfer.aspect.LoggingAspect - [AOP] Entering AccountService.getAccountResponse
2026-06-18 11:03:27 [http-nio-8080-exec-5] INFO  c.b.transfer.aspect.LoggingAspect - [AOP] Exiting AccountService.getAccountResponse - Execution time: 0ms
2026-06-18 11:03:27 [http-nio-8080-exec-1] INFO  c.b.transfer.aspect.LoggingAspect - [AOP] Exiting RewardService.getRewardSummary - Execution time: 1ms
2026-06-18 11:04:40 [http-nio-8080-exec-2] INFO  c.b.transfer.aspect.LoggingAspect - [AOP] Entering RewardService.getRewardSummary
2026-06-18 11:04:40 [http-nio-8080-exec-9] INFO  c.b.transfer.aspect.LoggingAspect - [AOP] Entering AccountService.getAccountResponse
2026-06-18 11:04:40 [http-nio-8080-exec-9] INFO  c.b.transfer.aspect.LoggingAspect - [AOP] Exiting AccountService.getAccountResponse - Execution time: 1ms
2026-06-18 11:04:40 [http-nio-8080-exec-2] INFO  c.b.transfer.aspect.LoggingAspect - [AOP] Exiting RewardService.getRewardSummary - Execution time: 2ms
2026-06-18 11:04:41 [http-nio-8080-exec-4] INFO  c.b.transfer.aspect.LoggingAspect - [AOP] Entering AccountService.getTransactions
2026-06-18 11:04:41 [http-nio-8080-exec-4] INFO  c.b.transfer.aspect.LoggingAspect - [AOP] Exiting AccountService.getTransactions - Execution time: 2ms
2026-06-18 11:04:42 [http-nio-8080-exec-6] INFO  c.b.transfer.aspect.LoggingAspect - [AOP] Entering RewardService.getRewardSummary
2026-06-18 11:04:42 [http-nio-8080-exec-6] INFO  c.b.transfer.aspect.LoggingAspect - [AOP] Exiting RewardService.getRewardSummary - Execution time: 1ms
2026-06-18 11:04:42 [http-nio-8080-exec-3] INFO  c.b.transfer.aspect.LoggingAspect - [AOP] Entering AccountService.getAccountResponse
2026-06-18 11:04:42 [http-nio-8080-exec-3] INFO  c.b.transfer.aspect.LoggingAspect - [AOP] Exiting AccountService.getAccountResponse - Execution time: 1ms
2026-06-18 11:07:30 [http-nio-8080-exec-7] INFO  c.b.transfer.aspect.LoggingAspect - [AOP] Entering RewardService.getRewardSummary
2026-06-18 11:07:30 [http-nio-8080-exec-1] INFO  c.b.transfer.aspect.LoggingAspect - [AOP] Entering AccountService.getAccountResponse
2026-06-18 11:07:30 [http-nio-8080-exec-1] INFO  c.b.transfer.aspect.LoggingAspect - [AOP] Exiting AccountService.getAccountResponse - Execution time: 1ms
2026-06-18 11:07:30 [http-nio-8080-exec-7] INFO  c.b.transfer.aspect.LoggingAspect - [AOP] Exiting RewardService.getRewardSummary - Execution time: 2ms
2026-06-18 11:07:36 [http-nio-8080-exec-9] INFO  c.b.transfer.aspect.LoggingAspect - [AOP] Entering RewardService.getRewardSummary
2026-06-18 11:07:36 [http-nio-8080-exec-10] INFO  c.b.transfer.aspect.LoggingAspect - [AOP] Entering AccountService.getAccountResponse
2026-06-18 11:07:36 [http-nio-8080-exec-10] INFO  c.b.transfer.aspect.LoggingAspect - [AOP] Exiting AccountService.getAccountResponse - Execution time: 1ms
2026-06-18 11:07:36 [http-nio-8080-exec-9] INFO  c.b.transfer.aspect.LoggingAspect - [AOP] Exiting RewardService.getRewardSummary - Execution time: 2ms
2026-06-18 11:07:40 [http-nio-8080-exec-2] INFO  c.b.transfer.aspect.LoggingAspect - [AOP] Entering AccountService.getTransactions
2026-06-18 11:07:40 [http-nio-8080-exec-2] INFO  c.b.transfer.aspect.LoggingAspect - [AOP] Exiting AccountService.getTransactions - Execution time: 2ms
2026-06-18 11:07:42 [http-nio-8080-exec-4] INFO  c.b.transfer.aspect.LoggingAspect - [AOP] Entering AccountService.getAccountResponse
2026-06-18 11:07:42 [http-nio-8080-exec-6] INFO  c.b.transfer.aspect.LoggingAspect - [AOP] Entering RewardService.getRewardSummary
2026-06-18 11:07:42 [http-nio-8080-exec-4] INFO  c.b.transfer.aspect.LoggingAspect - [AOP] Exiting AccountService.getAccountResponse - Execution time: 1ms
2026-06-18 11:07:42 [http-nio-8080-exec-6] INFO  c.b.transfer.aspect.LoggingAspect - [AOP] Exiting RewardService.getRewardSummary - Execution time: 2ms
2026-06-18 11:07:43 [http-nio-8080-exec-3] INFO  c.b.transfer.aspect.LoggingAspect - [AOP] Entering AccountService.getTransactions
2026-06-18 11:07:43 [http-nio-8080-exec-3] INFO  c.b.transfer.aspect.LoggingAspect - [AOP] Exiting AccountService.getTransactions - Execution time: 1ms
2026-06-18 11:07:44 [http-nio-8080-exec-5] INFO  c.b.transfer.aspect.LoggingAspect - [AOP] Entering AccountService.getAccountResponse
2026-06-18 11:07:44 [http-nio-8080-exec-8] INFO  c.b.transfer.aspect.LoggingAspect - [AOP] Entering RewardService.getRewardSummary
2026-06-18 11:07:44 [http-nio-8080-exec-5] INFO  c.b.transfer.aspect.LoggingAspect - [AOP] Exiting AccountService.getAccountResponse - Execution time: 0ms
2026-06-18 11:07:44 [http-nio-8080-exec-8] INFO  c.b.transfer.aspect.LoggingAspect - [AOP] Exiting RewardService.getRewardSummary - Execution time: 2ms
2026-06-18 11:07:47 [http-nio-8080-exec-1] INFO  c.b.transfer.aspect.LoggingAspect - [AOP] Entering RewardService.getRewardSummary
2026-06-18 11:07:47 [http-nio-8080-exec-1] INFO  c.b.transfer.aspect.LoggingAspect - [AOP] Exiting RewardService.getRewardSummary - Execution time: 1ms
2026-06-18 11:07:48 [http-nio-8080-exec-7] INFO  c.b.transfer.aspect.LoggingAspect - [AOP] Entering AccountService.getAccountResponse
2026-06-18 11:07:48 [http-nio-8080-exec-10] INFO  c.b.transfer.aspect.LoggingAspect - [AOP] Entering RewardService.getRewardSummary
2026-06-18 11:07:48 [http-nio-8080-exec-7] INFO  c.b.transfer.aspect.LoggingAspect - [AOP] Exiting AccountService.getAccountResponse - Execution time: 1ms
2026-06-18 11:07:48 [http-nio-8080-exec-10] INFO  c.b.transfer.aspect.LoggingAspect - [AOP] Exiting RewardService.getRewardSummary - Execution time: 1ms
2026-06-18 11:07:49 [http-nio-8080-exec-9] INFO  c.b.transfer.aspect.LoggingAspect - [AOP] Entering AccountService.getTransactions
2026-06-18 11:07:49 [http-nio-8080-exec-9] INFO  c.b.transfer.aspect.LoggingAspect - [AOP] Exiting AccountService.getTransactions - Execution time: 1ms
2026-06-18 11:07:51 [http-nio-8080-exec-2] INFO  c.b.transfer.aspect.LoggingAspect - [AOP] Entering AccountService.getAccountResponse
2026-06-18 11:07:51 [http-nio-8080-exec-6] INFO  c.b.transfer.aspect.LoggingAspect - [AOP] Entering RewardService.getRewardSummary
2026-06-18 11:07:51 [http-nio-8080-exec-2] INFO  c.b.transfer.aspect.LoggingAspect - [AOP] Exiting AccountService.getAccountResponse - Execution time: 1ms
2026-06-18 11:07:51 [http-nio-8080-exec-6] INFO  c.b.transfer.aspect.LoggingAspect - [AOP] Exiting RewardService.getRewardSummary - Execution time: 1ms
2026-06-18 11:08:14 [http-nio-8080-exec-4] INFO  c.b.transfer.aspect.LoggingAspect - [AOP] Entering AccountService.getAccountResponse
2026-06-18 11:08:14 [http-nio-8080-exec-3] INFO  c.b.transfer.aspect.LoggingAspect - [AOP] Entering RewardService.getRewardSummary
2026-06-18 11:08:14 [http-nio-8080-exec-4] INFO  c.b.transfer.aspect.LoggingAspect - [AOP] Exiting AccountService.getAccountResponse - Execution time: 1ms
2026-06-18 11:08:14 [http-nio-8080-exec-3] INFO  c.b.transfer.aspect.LoggingAspect - [AOP] Exiting RewardService.getRewardSummary - Execution time: 1ms
2026-06-18 11:08:22 [http-nio-8080-exec-5] INFO  c.b.transfer.aspect.LoggingAspect - [AOP] Entering RewardService.getRewardSummary
2026-06-18 11:08:22 [http-nio-8080-exec-5] INFO  c.b.transfer.aspect.LoggingAspect - [AOP] Exiting RewardService.getRewardSummary - Execution time: 2ms
2026-06-18 11:08:30 [http-nio-8080-exec-8] INFO  c.b.transfer.aspect.LoggingAspect - [AOP] Entering AccountService.getAccountResponse
2026-06-18 11:08:30 [http-nio-8080-exec-8] INFO  c.b.transfer.aspect.LoggingAspect - [AOP] Exiting AccountService.getAccountResponse - Execution time: 1ms
2026-06-18 11:08:30 [http-nio-8080-exec-1] INFO  c.b.transfer.aspect.LoggingAspect - [AOP] Entering RewardService.getRewardSummary
2026-06-18 11:08:30 [http-nio-8080-exec-1] INFO  c.b.transfer.aspect.LoggingAspect - [AOP] Exiting RewardService.getRewardSummary - Execution time: 1ms
2026-06-18 11:08:58 [http-nio-8080-exec-7] INFO  c.b.transfer.aspect.LoggingAspect - [AOP] Entering AccountService.getAccountResponse
2026-06-18 11:08:58 [http-nio-8080-exec-10] INFO  c.b.transfer.aspect.LoggingAspect - [AOP] Entering RewardService.getRewardSummary
2026-06-18 11:08:58 [http-nio-8080-exec-7] INFO  c.b.transfer.aspect.LoggingAspect - [AOP] Exiting AccountService.getAccountResponse - Execution time: 0ms
2026-06-18 11:08:58 [http-nio-8080-exec-10] INFO  c.b.transfer.aspect.LoggingAspect - [AOP] Exiting RewardService.getRewardSummary - Execution time: 1ms
2026-06-18 11:09:02 [http-nio-8080-exec-9] INFO  c.b.transfer.aspect.LoggingAspect - [AOP] Entering AccountService.getTransactions
2026-06-18 11:09:02 [http-nio-8080-exec-9] INFO  c.b.transfer.aspect.LoggingAspect - [AOP] Exiting AccountService.getTransactions - Execution time: 1ms
2026-06-18 11:09:03 [http-nio-8080-exec-6] INFO  c.b.transfer.aspect.LoggingAspect - [AOP] Entering RewardService.getRewardSummary
2026-06-18 11:09:03 [http-nio-8080-exec-2] INFO  c.b.transfer.aspect.LoggingAspect - [AOP] Entering AccountService.getAccountResponse
2026-06-18 11:09:03 [http-nio-8080-exec-2] INFO  c.b.transfer.aspect.LoggingAspect - [AOP] Exiting AccountService.getAccountResponse - Execution time: 1ms
2026-06-18 11:09:03 [http-nio-8080-exec-6] INFO  c.b.transfer.aspect.LoggingAspect - [AOP] Exiting RewardService.getRewardSummary - Execution time: 2ms
2026-06-18 11:09:04 [http-nio-8080-exec-3] INFO  c.b.transfer.aspect.LoggingAspect - [AOP] Entering RewardService.getRewardSummary
2026-06-18 11:09:04 [http-nio-8080-exec-3] INFO  c.b.transfer.aspect.LoggingAspect - [AOP] Exiting RewardService.getRewardSummary - Execution time: 1ms
2026-06-18 11:09:21 [http-nio-8080-exec-4] INFO  c.b.transfer.aspect.LoggingAspect - [AOP] Entering AccountService.getAccountResponse
2026-06-18 11:09:21 [http-nio-8080-exec-5] INFO  c.b.transfer.aspect.LoggingAspect - [AOP] Entering RewardService.getRewardSummary
2026-06-18 11:09:21 [http-nio-8080-exec-4] INFO  c.b.transfer.aspect.LoggingAspect - [AOP] Exiting AccountService.getAccountResponse - Execution time: 0ms
2026-06-18 11:09:21 [http-nio-8080-exec-5] INFO  c.b.transfer.aspect.LoggingAspect - [AOP] Exiting RewardService.getRewardSummary - Execution time: 2ms
2026-06-18 11:09:25 [http-nio-8080-exec-1] INFO  c.b.transfer.aspect.LoggingAspect - [AOP] Entering RewardService.getRewardSummary
2026-06-18 11:09:25 [http-nio-8080-exec-8] INFO  c.b.transfer.aspect.LoggingAspect - [AOP] Entering AccountService.getAccountResponse
2026-06-18 11:09:25 [http-nio-8080-exec-8] INFO  c.b.transfer.aspect.LoggingAspect - [AOP] Exiting AccountService.getAccountResponse - Execution time: 1ms
2026-06-18 11:09:25 [http-nio-8080-exec-1] INFO  c.b.transfer.aspect.LoggingAspect - [AOP] Exiting RewardService.getRewardSummary - Execution time: 1ms
2026-06-18 11:09:43 [http-nio-8080-exec-10] INFO  c.b.transfer.aspect.LoggingAspect - [AOP] Entering TransferService.transfer
2026-06-18 11:09:43 [http-nio-8080-exec-10] INFO  c.b.transfer.service.TransferService - Processing transfer from 1 to 2 for amount 1
2026-06-18 11:09:43 [http-nio-8080-exec-10] INFO  c.b.transfer.aspect.LoggingAspect - [AOP] Entering RewardService.processReward
2026-06-18 11:09:43 [http-nio-8080-exec-10] INFO  c.b.transfer.aspect.LoggingAspect - [AOP] Exiting RewardService.processReward - Execution time: 1ms
2026-06-18 11:09:43 [http-nio-8080-exec-10] INFO  c.b.transfer.service.TransferService - Transfer completed successfully. Transaction ID: 0213009e-b751-4598-8420-56e044c08fda
2026-06-18 11:09:43 [http-nio-8080-exec-10] INFO  c.b.transfer.aspect.LoggingAspect - [AOP] Exiting TransferService.transfer - Execution time: 3ms
2026-06-18 11:09:45 [http-nio-8080-exec-9] INFO  c.b.transfer.aspect.LoggingAspect - [AOP] Entering RewardService.getRewardSummary
2026-06-18 11:09:45 [http-nio-8080-exec-9] INFO  c.b.transfer.aspect.LoggingAspect - [AOP] Exiting RewardService.getRewardSummary - Execution time: 1ms
2026-06-18 11:09:45 [http-nio-8080-exec-7] INFO  c.b.transfer.aspect.LoggingAspect - [AOP] Entering AccountService.getAccountResponse
2026-06-18 11:09:45 [http-nio-8080-exec-7] INFO  c.b.transfer.aspect.LoggingAspect - [AOP] Exiting AccountService.getAccountResponse - Execution time: 0ms
2026-06-18 11:09:50 [http-nio-8080-exec-2] INFO  c.b.transfer.aspect.LoggingAspect - [AOP] Entering RewardService.getRewardSummary
2026-06-18 11:09:50 [http-nio-8080-exec-2] INFO  c.b.transfer.aspect.LoggingAspect - [AOP] Exiting RewardService.getRewardSummary - Execution time: 1ms
2026-06-18 11:09:55 [http-nio-8080-exec-3] INFO  c.b.transfer.aspect.LoggingAspect - [AOP] Entering RewardService.getRewardSummary
2026-06-18 11:09:55 [http-nio-8080-exec-3] INFO  c.b.transfer.aspect.LoggingAspect - [AOP] Exiting RewardService.getRewardSummary - Execution time: 2ms
2026-06-18 11:09:55 [http-nio-8080-exec-6] INFO  c.b.transfer.aspect.LoggingAspect - [AOP] Entering AccountService.getAccountResponse
2026-06-18 11:09:55 [http-nio-8080-exec-6] INFO  c.b.transfer.aspect.LoggingAspect - [AOP] Exiting AccountService.getAccountResponse - Execution time: 0ms
2026-06-18 11:10:01 [http-nio-8080-exec-4] INFO  c.b.transfer.aspect.LoggingAspect - [AOP] Entering AccountService.login
2026-06-18 11:10:01 [http-nio-8080-exec-4] INFO  c.b.transfer.service.AccountService - Login attempt for username: Keerti
2026-06-18 11:10:01 [http-nio-8080-exec-4] INFO  c.b.transfer.service.AccountService - Login successful for username: Keerti
2026-06-18 11:10:01 [http-nio-8080-exec-4] INFO  c.b.transfer.aspect.LoggingAspect - [AOP] Exiting AccountService.login - Execution time: 63ms
2026-06-18 11:10:01 [http-nio-8080-exec-10] INFO  c.b.transfer.aspect.LoggingAspect - [AOP] Entering RewardService.getRewardSummary
2026-06-18 11:10:01 [http-nio-8080-exec-1] INFO  c.b.transfer.aspect.LoggingAspect - [AOP] Entering AccountService.getAccountResponse
2026-06-18 11:10:01 [http-nio-8080-exec-1] INFO  c.b.transfer.aspect.LoggingAspect - [AOP] Exiting AccountService.getAccountResponse - Execution time: 0ms
2026-06-18 11:10:01 [http-nio-8080-exec-10] INFO  c.b.transfer.aspect.LoggingAspect - [AOP] Exiting RewardService.getRewardSummary - Execution time: 1ms
2026-06-18 11:10:05 [http-nio-8080-exec-9] INFO  c.b.transfer.aspect.LoggingAspect - [AOP] Entering RewardService.getRewardSummary
2026-06-18 11:10:05 [http-nio-8080-exec-9] INFO  c.b.transfer.aspect.LoggingAspect - [AOP] Exiting RewardService.getRewardSummary - Execution time: 2ms
2026-06-18 11:10:06 [http-nio-8080-exec-2] INFO  c.b.transfer.aspect.LoggingAspect - [AOP] Entering RewardService.getRewardSummary
2026-06-18 11:10:06 [http-nio-8080-exec-7] INFO  c.b.transfer.aspect.LoggingAspect - [AOP] Entering AccountService.getAccountResponse
2026-06-18 11:10:06 [http-nio-8080-exec-7] INFO  c.b.transfer.aspect.LoggingAspect - [AOP] Exiting AccountService.getAccountResponse - Execution time: 1ms
2026-06-18 11:10:06 [http-nio-8080-exec-2] INFO  c.b.transfer.aspect.LoggingAspect - [AOP] Exiting RewardService.getRewardSummary - Execution time: 1ms
2026-06-18 11:10:07 [http-nio-8080-exec-6] INFO  c.b.transfer.aspect.LoggingAspect - [AOP] Entering AccountService.getTransactions
2026-06-18 11:10:07 [http-nio-8080-exec-6] INFO  c.b.transfer.aspect.LoggingAspect - [AOP] Exiting AccountService.getTransactions - Execution time: 2ms
2026-06-18 11:10:16 [http-nio-8080-exec-4] INFO  c.b.transfer.aspect.LoggingAspect - [AOP] Entering AccountService.getAccountResponse
2026-06-18 11:10:16 [http-nio-8080-exec-4] INFO  c.b.transfer.aspect.LoggingAspect - [AOP] Exiting AccountService.getAccountResponse - Execution time: 0ms
2026-06-18 11:10:16 [http-nio-8080-exec-5] INFO  c.b.transfer.aspect.LoggingAspect - [AOP] Entering RewardService.getRewardSummary
2026-06-18 11:10:16 [http-nio-8080-exec-5] INFO  c.b.transfer.aspect.LoggingAspect - [AOP] Exiting RewardService.getRewardSummary - Execution time: 1ms
2026-06-18 11:10:26 [http-nio-8080-exec-8] INFO  c.b.transfer.aspect.LoggingAspect - [AOP] Entering AccountService.getAccountResponse
2026-06-18 11:10:26 [http-nio-8080-exec-8] INFO  c.b.transfer.aspect.LoggingAspect - [AOP] Exiting AccountService.getAccountResponse - Execution time: 1ms
2026-06-18 11:10:26 [http-nio-8080-exec-1] INFO  c.b.transfer.aspect.LoggingAspect - [AOP] Entering RewardService.getRewardSummary
2026-06-18 11:10:26 [http-nio-8080-exec-1] INFO  c.b.transfer.aspect.LoggingAspect - [AOP] Exiting RewardService.getRewardSummary - Execution time: 1ms
2026-06-18 11:11:40 [http-nio-8080-exec-7] INFO  c.b.transfer.aspect.LoggingAspect - [AOP] Entering AccountService.getAccountResponse
2026-06-18 11:11:40 [http-nio-8080-exec-2] INFO  c.b.transfer.aspect.LoggingAspect - [AOP] Entering RewardService.getRewardSummary
2026-06-18 11:11:40 [http-nio-8080-exec-7] INFO  c.b.transfer.aspect.LoggingAspect - [AOP] Exiting AccountService.getAccountResponse - Execution time: 1ms
2026-06-18 11:11:40 [http-nio-8080-exec-2] INFO  c.b.transfer.aspect.LoggingAspect - [AOP] Exiting RewardService.getRewardSummary - Execution time: 2ms
2026-06-18 11:12:08 [http-nio-8080-exec-6] INFO  c.b.transfer.aspect.LoggingAspect - [AOP] Entering RewardService.getRewardSummary
2026-06-18 11:12:08 [http-nio-8080-exec-3] INFO  c.b.transfer.aspect.LoggingAspect - [AOP] Entering AccountService.getAccountResponse
2026-06-18 11:12:08 [http-nio-8080-exec-3] INFO  c.b.transfer.aspect.LoggingAspect - [AOP] Exiting AccountService.getAccountResponse - Execution time: 1ms
2026-06-18 11:12:08 [http-nio-8080-exec-6] INFO  c.b.transfer.aspect.LoggingAspect - [AOP] Exiting RewardService.getRewardSummary - Execution time: 2ms
2026-06-18 11:12:23 [http-nio-8080-exec-4] INFO  c.b.transfer.aspect.LoggingAspect - [AOP] Entering RewardService.getRewardSummary
2026-06-18 11:12:23 [http-nio-8080-exec-4] INFO  c.b.transfer.aspect.LoggingAspect - [AOP] Exiting RewardService.getRewardSummary - Execution time: 2ms
2026-06-18 11:12:38 [http-nio-8080-exec-5] INFO  c.b.transfer.aspect.LoggingAspect - [AOP] Entering AccountService.getAccountResponse
2026-06-18 11:12:38 [http-nio-8080-exec-5] INFO  c.b.transfer.aspect.LoggingAspect - [AOP] Exiting AccountService.getAccountResponse - Execution time: 0ms
2026-06-18 11:12:38 [http-nio-8080-exec-8] INFO  c.b.transfer.aspect.LoggingAspect - [AOP] Entering RewardService.getRewardSummary
2026-06-18 11:12:38 [http-nio-8080-exec-8] INFO  c.b.transfer.aspect.LoggingAspect - [AOP] Exiting RewardService.getRewardSummary - Execution time: 1ms
2026-06-18 11:12:51 [http-nio-8080-exec-1] INFO  c.b.transfer.aspect.LoggingAspect - [AOP] Entering TransferService.transfer
2026-06-18 11:12:51 [http-nio-8080-exec-1] INFO  c.b.transfer.service.TransferService - Processing transfer from 2 to 1 for amount 1
2026-06-18 11:12:51 [http-nio-8080-exec-1] INFO  c.b.transfer.aspect.LoggingAspect - [AOP] Entering RewardService.processReward
2026-06-18 11:12:51 [http-nio-8080-exec-1] INFO  c.b.transfer.aspect.LoggingAspect - [AOP] Exiting RewardService.processReward - Execution time: 1ms
2026-06-18 11:12:51 [http-nio-8080-exec-1] INFO  c.b.transfer.service.TransferService - Transfer completed successfully. Transaction ID: 28800fdd-1057-4500-ac16-0dc8699fb2ad
2026-06-18 11:12:51 [http-nio-8080-exec-1] INFO  c.b.transfer.aspect.LoggingAspect - [AOP] Exiting TransferService.transfer - Execution time: 3ms
2026-06-18 11:12:53 [http-nio-8080-exec-10] INFO  c.b.transfer.aspect.LoggingAspect - [AOP] Entering AccountService.getAccountResponse
2026-06-18 11:12:53 [http-nio-8080-exec-10] INFO  c.b.transfer.aspect.LoggingAspect - [AOP] Exiting AccountService.getAccountResponse - Execution time: 1ms
2026-06-18 11:12:53 [http-nio-8080-exec-9] INFO  c.b.transfer.aspect.LoggingAspect - [AOP] Entering RewardService.getRewardSummary
2026-06-18 11:12:53 [http-nio-8080-exec-9] INFO  c.b.transfer.aspect.LoggingAspect - [AOP] Exiting RewardService.getRewardSummary - Execution time: 2ms
2026-06-18 11:17:53 [http-nio-8080-exec-6] INFO  c.b.transfer.aspect.LoggingAspect - [AOP] Entering RewardService.getRewardSummary
2026-06-18 11:17:53 [http-nio-8080-exec-3] INFO  c.b.transfer.aspect.LoggingAspect - [AOP] Entering AccountService.getAccountResponse
2026-06-18 11:17:53 [http-nio-8080-exec-3] INFO  c.b.transfer.aspect.LoggingAspect - [AOP] Exiting AccountService.getAccountResponse - Execution time: 1ms
2026-06-18 11:17:53 [http-nio-8080-exec-6] INFO  c.b.transfer.aspect.LoggingAspect - [AOP] Exiting RewardService.getRewardSummary - Execution time: 2ms
2026-06-18 11:18:46 [http-nio-8080-exec-1] INFO  c.b.transfer.aspect.LoggingAspect - [AOP] Entering RewardService.getRewardSummary
2026-06-18 11:18:46 [http-nio-8080-exec-8] INFO  c.b.transfer.aspect.LoggingAspect - [AOP] Entering AccountService.getAccountResponse
2026-06-18 11:18:46 [http-nio-8080-exec-1] INFO  c.b.transfer.aspect.LoggingAspect - [AOP] Exiting RewardService.getRewardSummary - Execution time: 14ms
2026-06-18 11:18:46 [http-nio-8080-exec-8] INFO  c.b.transfer.aspect.LoggingAspect - [AOP] Exiting AccountService.getAccountResponse - Execution time: 9ms
2026-06-18 11:18:48 [http-nio-8080-exec-9] INFO  c.b.transfer.aspect.LoggingAspect - [AOP] Entering RewardService.getRewardSummary
2026-06-18 11:18:48 [http-nio-8080-exec-10] INFO  c.b.transfer.aspect.LoggingAspect - [AOP] Entering AccountService.getAccountResponse
2026-06-18 11:18:48 [http-nio-8080-exec-10] INFO  c.b.transfer.aspect.LoggingAspect - [AOP] Exiting AccountService.getAccountResponse - Execution time: 1ms
2026-06-18 11:18:48 [http-nio-8080-exec-9] INFO  c.b.transfer.aspect.LoggingAspect - [AOP] Exiting RewardService.getRewardSummary - Execution time: 1ms
2026-06-18 11:18:59 [http-nio-8080-exec-7] INFO  c.b.transfer.aspect.LoggingAspect - [AOP] Entering RewardService.getRewardSummary
2026-06-18 11:18:59 [http-nio-8080-exec-2] INFO  c.b.transfer.aspect.LoggingAspect - [AOP] Entering AccountService.getAccountResponse
2026-06-18 11:18:59 [http-nio-8080-exec-2] INFO  c.b.transfer.aspect.LoggingAspect - [AOP] Exiting AccountService.getAccountResponse - Execution time: 1ms
2026-06-18 11:18:59 [http-nio-8080-exec-7] INFO  c.b.transfer.aspect.LoggingAspect - [AOP] Exiting RewardService.getRewardSummary - Execution time: 1ms
2026-06-18 11:19:01 [http-nio-8080-exec-6] INFO  c.b.transfer.aspect.LoggingAspect - [AOP] Entering RewardService.getRewardSummary
2026-06-18 11:19:01 [http-nio-8080-exec-3] INFO  c.b.transfer.aspect.LoggingAspect - [AOP] Entering AccountService.getAccountResponse
2026-06-18 11:19:01 [http-nio-8080-exec-3] INFO  c.b.transfer.aspect.LoggingAspect - [AOP] Exiting AccountService.getAccountResponse - Execution time: 1ms
2026-06-18 11:19:01 [http-nio-8080-exec-6] INFO  c.b.transfer.aspect.LoggingAspect - [AOP] Exiting RewardService.getRewardSummary - Execution time: 1ms
2026-06-18 11:19:01 [http-nio-8080-exec-5] INFO  c.b.transfer.aspect.LoggingAspect - [AOP] Entering AccountService.getTransactions
2026-06-18 11:19:01 [http-nio-8080-exec-5] INFO  c.b.transfer.aspect.LoggingAspect - [AOP] Exiting AccountService.getTransactions - Execution time: 2ms
2026-06-18 11:19:02 [http-nio-8080-exec-1] INFO  c.b.transfer.aspect.LoggingAspect - [AOP] Entering RewardService.getRewardSummary
2026-06-18 11:19:02 [http-nio-8080-exec-4] INFO  c.b.transfer.aspect.LoggingAspect - [AOP] Entering AccountService.getAccountResponse
2026-06-18 11:19:02 [http-nio-8080-exec-4] INFO  c.b.transfer.aspect.LoggingAspect - [AOP] Exiting AccountService.getAccountResponse - Execution time: 1ms
2026-06-18 11:19:02 [http-nio-8080-exec-1] INFO  c.b.transfer.aspect.LoggingAspect - [AOP] Exiting RewardService.getRewardSummary - Execution time: 1ms
2026-06-18 11:19:03 [http-nio-8080-exec-8] INFO  c.b.transfer.aspect.LoggingAspect - [AOP] Entering RewardService.getRewardSummary
2026-06-18 11:19:03 [http-nio-8080-exec-8] INFO  c.b.transfer.aspect.LoggingAspect - [AOP] Exiting RewardService.getRewardSummary - Execution time: 1ms
2026-06-18 11:19:04 [http-nio-8080-exec-10] INFO  c.b.transfer.aspect.LoggingAspect - [AOP] Entering AccountService.getAccountResponse
2026-06-18 11:19:04 [http-nio-8080-exec-10] INFO  c.b.transfer.aspect.LoggingAspect - [AOP] Exiting AccountService.getAccountResponse - Execution time: 1ms
2026-06-18 11:19:04 [http-nio-8080-exec-9] INFO  c.b.transfer.aspect.LoggingAspect - [AOP] Entering RewardService.getRewardSummary
2026-06-18 11:19:04 [http-nio-8080-exec-9] INFO  c.b.transfer.aspect.LoggingAspect - [AOP] Exiting RewardService.getRewardSummary - Execution time: 1ms
2026-06-18 11:19:31 [http-nio-8080-exec-2] INFO  c.b.transfer.aspect.LoggingAspect - [AOP] Entering AccountService.getAccountResponse
2026-06-18 11:19:31 [http-nio-8080-exec-2] INFO  c.b.transfer.aspect.LoggingAspect - [AOP] Exiting AccountService.getAccountResponse - Execution time: 1ms
2026-06-18 11:19:31 [http-nio-8080-exec-7] INFO  c.b.transfer.aspect.LoggingAspect - [AOP] Entering RewardService.getRewardSummary
2026-06-18 11:19:31 [http-nio-8080-exec-7] INFO  c.b.transfer.aspect.LoggingAspect - [AOP] Exiting RewardService.getRewardSummary - Execution time: 1ms
2026-06-18 11:19:32 [http-nio-8080-exec-3] INFO  c.b.transfer.aspect.LoggingAspect - [AOP] Entering AccountService.getAccountResponse
2026-06-18 11:19:32 [http-nio-8080-exec-3] INFO  c.b.transfer.aspect.LoggingAspect - [AOP] Exiting AccountService.getAccountResponse - Execution time: 1ms
2026-06-18 11:19:32 [http-nio-8080-exec-6] INFO  c.b.transfer.aspect.LoggingAspect - [AOP] Entering RewardService.getRewardSummary
2026-06-18 11:19:32 [http-nio-8080-exec-6] INFO  c.b.transfer.aspect.LoggingAspect - [AOP] Exiting RewardService.getRewardSummary - Execution time: 1ms
2026-06-18 11:19:33 [http-nio-8080-exec-5] INFO  c.b.transfer.aspect.LoggingAspect - [AOP] Entering AccountService.getTransactions
2026-06-18 11:19:33 [http-nio-8080-exec-5] INFO  c.b.transfer.aspect.LoggingAspect - [AOP] Exiting AccountService.getTransactions - Execution time: 1ms
2026-06-18 11:19:34 [http-nio-8080-exec-4] INFO  c.b.transfer.aspect.LoggingAspect - [AOP] Entering AccountService.getAccountResponse
2026-06-18 11:19:34 [http-nio-8080-exec-1] INFO  c.b.transfer.aspect.LoggingAspect - [AOP] Entering RewardService.getRewardSummary
2026-06-18 11:19:34 [http-nio-8080-exec-4] INFO  c.b.transfer.aspect.LoggingAspect - [AOP] Exiting AccountService.getAccountResponse - Execution time: 1ms
2026-06-18 11:19:34 [http-nio-8080-exec-1] INFO  c.b.transfer.aspect.LoggingAspect - [AOP] Exiting RewardService.getRewardSummary - Execution time: 1ms
2026-06-18 11:19:44 [http-nio-8080-exec-8] INFO  c.b.transfer.aspect.LoggingAspect - [AOP] Entering AccountService.getAccountResponse
2026-06-18 11:19:44 [http-nio-8080-exec-8] INFO  c.b.transfer.aspect.LoggingAspect - [AOP] Exiting AccountService.getAccountResponse - Execution time: 0ms
2026-06-18 11:19:44 [http-nio-8080-exec-10] INFO  c.b.transfer.aspect.LoggingAspect - [AOP] Entering RewardService.getRewardSummary
2026-06-18 11:19:44 [http-nio-8080-exec-10] INFO  c.b.transfer.aspect.LoggingAspect - [AOP] Exiting RewardService.getRewardSummary - Execution time: 2ms
2026-06-18 11:19:45 [http-nio-8080-exec-9] INFO  c.b.transfer.aspect.LoggingAspect - [AOP] Entering RewardService.getRewardSummary
2026-06-18 11:19:45 [http-nio-8080-exec-9] INFO  c.b.transfer.aspect.LoggingAspect - [AOP] Exiting RewardService.getRewardSummary - Execution time: 2ms
2026-06-18 11:19:46 [http-nio-8080-exec-7] INFO  c.b.transfer.aspect.LoggingAspect - [AOP] Entering RewardService.getRewardSummary
2026-06-18 11:19:46 [http-nio-8080-exec-2] INFO  c.b.transfer.aspect.LoggingAspect - [AOP] Entering AccountService.getAccountResponse
2026-06-18 11:19:46 [http-nio-8080-exec-2] INFO  c.b.transfer.aspect.LoggingAspect - [AOP] Exiting AccountService.getAccountResponse - Execution time: 0ms
2026-06-18 11:19:46 [http-nio-8080-exec-7] INFO  c.b.transfer.aspect.LoggingAspect - [AOP] Exiting RewardService.getRewardSummary - Execution time: 2ms
2026-06-18 11:19:46 [http-nio-8080-exec-3] INFO  c.b.transfer.aspect.LoggingAspect - [AOP] Entering AccountService.getTransactions
2026-06-18 11:19:46 [http-nio-8080-exec-3] INFO  c.b.transfer.aspect.LoggingAspect - [AOP] Exiting AccountService.getTransactions - Execution time: 1ms
2026-06-18 11:19:47 [http-nio-8080-exec-6] INFO  c.b.transfer.aspect.LoggingAspect - [AOP] Entering AccountService.getAccountResponse
2026-06-18 11:19:47 [http-nio-8080-exec-5] INFO  c.b.transfer.aspect.LoggingAspect - [AOP] Entering RewardService.getRewardSummary
2026-06-18 11:19:47 [http-nio-8080-exec-6] INFO  c.b.transfer.aspect.LoggingAspect - [AOP] Exiting AccountService.getAccountResponse - Execution time: 1ms
2026-06-18 11:19:47 [http-nio-8080-exec-5] INFO  c.b.transfer.aspect.LoggingAspect - [AOP] Exiting RewardService.getRewardSummary - Execution time: 2ms
2026-06-18 11:27:43 [http-nio-8080-exec-10] INFO  c.b.transfer.aspect.LoggingAspect - [AOP] Entering RewardService.getRewardSummary
2026-06-18 11:27:43 [http-nio-8080-exec-8] INFO  c.b.transfer.aspect.LoggingAspect - [AOP] Entering AccountService.getAccountResponse
2026-06-18 11:27:43 [http-nio-8080-exec-8] INFO  c.b.transfer.aspect.LoggingAspect - [AOP] Exiting AccountService.getAccountResponse - Execution time: 1ms
2026-06-18 11:27:43 [http-nio-8080-exec-10] INFO  c.b.transfer.aspect.LoggingAspect - [AOP] Exiting RewardService.getRewardSummary - Execution time: 1ms
2026-06-18 11:27:46 [http-nio-8080-exec-9] INFO  c.b.transfer.aspect.LoggingAspect - [AOP] Entering AccountService.getTransactions
2026-06-18 11:27:46 [http-nio-8080-exec-9] INFO  c.b.transfer.aspect.LoggingAspect - [AOP] Exiting AccountService.getTransactions - Execution time: 1ms
2026-06-18 11:28:19 [http-nio-8080-exec-2] INFO  c.b.transfer.aspect.LoggingAspect - [AOP] Entering AccountService.getTransactions
2026-06-18 11:28:19 [http-nio-8080-exec-2] INFO  c.b.transfer.aspect.LoggingAspect - [AOP] Exiting AccountService.getTransactions - Execution time: 1ms
2026-06-18 11:28:27 [http-nio-8080-exec-7] INFO  c.b.transfer.aspect.LoggingAspect - [AOP] Entering RewardService.getRewardSummary
2026-06-18 11:28:27 [http-nio-8080-exec-7] INFO  c.b.transfer.aspect.LoggingAspect - [AOP] Exiting RewardService.getRewardSummary - Execution time: 1ms
2026-06-18 11:28:28 [http-nio-8080-exec-3] INFO  c.b.transfer.aspect.LoggingAspect - [AOP] Entering AccountService.getAccountResponse
2026-06-18 11:28:28 [http-nio-8080-exec-6] INFO  c.b.transfer.aspect.LoggingAspect - [AOP] Entering RewardService.getRewardSummary
2026-06-18 11:28:28 [http-nio-8080-exec-3] INFO  c.b.transfer.aspect.LoggingAspect - [AOP] Exiting AccountService.getAccountResponse - Execution time: 1ms
2026-06-18 11:28:28 [http-nio-8080-exec-6] INFO  c.b.transfer.aspect.LoggingAspect - [AOP] Exiting RewardService.getRewardSummary - Execution time: 1ms
2026-06-18 11:29:44 [http-nio-8080-exec-8] INFO  c.b.transfer.aspect.LoggingAspect - [AOP] Entering RewardService.getRewardSummary
2026-06-18 11:29:44 [http-nio-8080-exec-4] INFO  c.b.transfer.aspect.LoggingAspect - [AOP] Entering AccountService.getAccountResponse
2026-06-18 11:29:44 [http-nio-8080-exec-4] INFO  c.b.transfer.aspect.LoggingAspect - [AOP] Exiting AccountService.getAccountResponse - Execution time: 1ms
2026-06-18 11:29:44 [http-nio-8080-exec-8] INFO  c.b.transfer.aspect.LoggingAspect - [AOP] Exiting RewardService.getRewardSummary - Execution time: 1ms
2026-06-18 11:29:54 [http-nio-8080-exec-9] INFO  c.b.transfer.aspect.LoggingAspect - [AOP] Entering AccountService.login
2026-06-18 11:29:54 [http-nio-8080-exec-9] INFO  c.b.transfer.service.AccountService - Login attempt for username: Kartikey
2026-06-18 11:29:54 [http-nio-8080-exec-9] INFO  c.b.transfer.service.AccountService - Login successful for username: Kartikey
2026-06-18 11:29:54 [http-nio-8080-exec-9] INFO  c.b.transfer.aspect.LoggingAspect - [AOP] Exiting AccountService.login - Execution time: 60ms
2026-06-18 11:29:54 [http-nio-8080-exec-3] INFO  c.b.transfer.aspect.LoggingAspect - [AOP] Entering RewardService.getRewardSummary
2026-06-18 11:29:54 [http-nio-8080-exec-6] INFO  c.b.transfer.aspect.LoggingAspect - [AOP] Entering AccountService.getAccountResponse
2026-06-18 11:29:54 [http-nio-8080-exec-3] INFO  c.b.transfer.aspect.LoggingAspect - [AOP] Exiting RewardService.getRewardSummary - Execution time: 1ms
2026-06-18 11:29:54 [http-nio-8080-exec-6] INFO  c.b.transfer.aspect.LoggingAspect - [AOP] Exiting AccountService.getAccountResponse - Execution time: 0ms
2026-06-18 11:30:09 [http-nio-8080-exec-1] INFO  c.b.transfer.aspect.LoggingAspect - [AOP] Entering RewardService.getRewardSummary
2026-06-18 11:30:09 [http-nio-8080-exec-5] INFO  c.b.transfer.aspect.LoggingAspect - [AOP] Entering AccountService.getAccountResponse
2026-06-18 11:30:09 [http-nio-8080-exec-1] INFO  c.b.transfer.aspect.LoggingAspect - [AOP] Exiting RewardService.getRewardSummary - Execution time: 2ms
2026-06-18 11:30:09 [http-nio-8080-exec-5] INFO  c.b.transfer.aspect.LoggingAspect - [AOP] Exiting AccountService.getAccountResponse - Execution time: 0ms
2026-06-18 11:30:11 [http-nio-8080-exec-8] INFO  c.b.transfer.aspect.LoggingAspect - [AOP] Entering AccountService.getTransactions
2026-06-18 11:30:11 [http-nio-8080-exec-8] INFO  c.b.transfer.aspect.LoggingAspect - [AOP] Exiting AccountService.getTransactions - Execution time: 1ms
2026-06-18 11:30:12 [http-nio-8080-exec-10] INFO  c.b.transfer.aspect.LoggingAspect - [AOP] Entering RewardService.getRewardSummary
2026-06-18 11:30:12 [http-nio-8080-exec-10] INFO  c.b.transfer.aspect.LoggingAspect - [AOP] Exiting RewardService.getRewardSummary - Execution time: 2ms
2026-06-18 11:30:13 [http-nio-8080-exec-9] INFO  c.b.transfer.aspect.LoggingAspect - [AOP] Entering AccountService.getAccountResponse
2026-06-18 11:30:13 [http-nio-8080-exec-7] INFO  c.b.transfer.aspect.LoggingAspect - [AOP] Entering RewardService.getRewardSummary
2026-06-18 11:30:13 [http-nio-8080-exec-9] INFO  c.b.transfer.aspect.LoggingAspect - [AOP] Exiting AccountService.getAccountResponse - Execution time: 1ms
2026-06-18 11:30:13 [http-nio-8080-exec-7] INFO  c.b.transfer.aspect.LoggingAspect - [AOP] Exiting RewardService.getRewardSummary - Execution time: 1ms
2026-06-18 11:30:15 [http-nio-8080-exec-3] INFO  c.b.transfer.aspect.LoggingAspect - [AOP] Entering RewardService.getRewardSummary
2026-06-18 11:30:15 [http-nio-8080-exec-2] INFO  c.b.transfer.aspect.LoggingAspect - [AOP] Entering AccountService.getAccountResponse
2026-06-18 11:30:15 [http-nio-8080-exec-2] INFO  c.b.transfer.aspect.LoggingAspect - [AOP] Exiting AccountService.getAccountResponse - Execution time: 0ms
2026-06-18 11:30:15 [http-nio-8080-exec-3] INFO  c.b.transfer.aspect.LoggingAspect - [AOP] Exiting RewardService.getRewardSummary - Execution time: 1ms
2026-06-18 11:32:01 [http-nio-8080-exec-1] INFO  c.b.transfer.aspect.LoggingAspect - [AOP] Entering AccountService.getAccountResponse
2026-06-18 11:32:01 [http-nio-8080-exec-4] INFO  c.b.transfer.aspect.LoggingAspect - [AOP] Entering RewardService.getRewardSummary
2026-06-18 11:32:01 [http-nio-8080-exec-1] INFO  c.b.transfer.aspect.LoggingAspect - [AOP] Exiting AccountService.getAccountResponse - Execution time: 0ms
2026-06-18 11:32:01 [http-nio-8080-exec-4] INFO  c.b.transfer.aspect.LoggingAspect - [AOP] Exiting RewardService.getRewardSummary - Execution time: 2ms
2026-06-18 11:32:15 [http-nio-8080-exec-10] INFO  c.b.transfer.aspect.LoggingAspect - [AOP] Entering RewardService.getRewardSummary
2026-06-18 11:32:15 [http-nio-8080-exec-8] INFO  c.b.transfer.aspect.LoggingAspect - [AOP] Entering AccountService.getAccountResponse
2026-06-18 11:32:15 [http-nio-8080-exec-8] INFO  c.b.transfer.aspect.LoggingAspect - [AOP] Exiting AccountService.getAccountResponse - Execution time: 1ms
2026-06-18 11:32:15 [http-nio-8080-exec-10] INFO  c.b.transfer.aspect.LoggingAspect - [AOP] Exiting RewardService.getRewardSummary - Execution time: 1ms
2026-06-18 11:32:20 [http-nio-8080-exec-9] INFO  c.b.transfer.aspect.LoggingAspect - [AOP] Entering AccountService.getAccountResponse
2026-06-18 11:32:20 [http-nio-8080-exec-7] INFO  c.b.transfer.aspect.LoggingAspect - [AOP] Entering RewardService.getRewardSummary
2026-06-18 11:32:20 [http-nio-8080-exec-9] INFO  c.b.transfer.aspect.LoggingAspect - [AOP] Exiting AccountService.getAccountResponse - Execution time: 1ms
2026-06-18 11:32:20 [http-nio-8080-exec-7] INFO  c.b.transfer.aspect.LoggingAspect - [AOP] Exiting RewardService.getRewardSummary - Execution time: 1ms
2026-06-18 11:32:27 [http-nio-8080-exec-2] INFO  c.b.transfer.aspect.LoggingAspect - [AOP] Entering AccountService.getAccountResponse
2026-06-18 11:32:27 [http-nio-8080-exec-3] INFO  c.b.transfer.aspect.LoggingAspect - [AOP] Entering RewardService.getRewardSummary
2026-06-18 11:32:27 [http-nio-8080-exec-2] INFO  c.b.transfer.aspect.LoggingAspect - [AOP] Exiting AccountService.getAccountResponse - Execution time: 1ms
2026-06-18 11:32:27 [http-nio-8080-exec-3] INFO  c.b.transfer.aspect.LoggingAspect - [AOP] Exiting RewardService.getRewardSummary - Execution time: 2ms
2026-06-18 11:32:28 [http-nio-8080-exec-5] INFO  c.b.transfer.aspect.LoggingAspect - [AOP] Entering AccountService.getTransactions
2026-06-18 11:32:28 [http-nio-8080-exec-5] INFO  c.b.transfer.aspect.LoggingAspect - [AOP] Exiting AccountService.getTransactions - Execution time: 2ms
2026-06-18 11:32:29 [http-nio-8080-exec-1] INFO  c.b.transfer.aspect.LoggingAspect - [AOP] Entering RewardService.getRewardSummary
2026-06-18 11:32:29 [http-nio-8080-exec-6] INFO  c.b.transfer.aspect.LoggingAspect - [AOP] Entering AccountService.getAccountResponse
2026-06-18 11:32:29 [http-nio-8080-exec-6] INFO  c.b.transfer.aspect.LoggingAspect - [AOP] Exiting AccountService.getAccountResponse - Execution time: 0ms
2026-06-18 11:32:29 [http-nio-8080-exec-1] INFO  c.b.transfer.aspect.LoggingAspect - [AOP] Exiting RewardService.getRewardSummary - Execution time: 1ms
2026-06-18 11:32:29 [http-nio-8080-exec-4] INFO  c.b.transfer.aspect.LoggingAspect - [AOP] Entering RewardService.getRewardSummary
2026-06-18 11:32:29 [http-nio-8080-exec-4] INFO  c.b.transfer.aspect.LoggingAspect - [AOP] Exiting RewardService.getRewardSummary - Execution time: 2ms
2026-06-18 11:32:31 [http-nio-8080-exec-10] INFO  c.b.transfer.aspect.LoggingAspect - [AOP] Entering AccountService.getAccountResponse
2026-06-18 11:32:31 [http-nio-8080-exec-10] INFO  c.b.transfer.aspect.LoggingAspect - [AOP] Exiting AccountService.getAccountResponse - Execution time: 1ms
2026-06-18 11:32:31 [http-nio-8080-exec-8] INFO  c.b.transfer.aspect.LoggingAspect - [AOP] Entering RewardService.getRewardSummary
2026-06-18 11:32:31 [http-nio-8080-exec-8] INFO  c.b.transfer.aspect.LoggingAspect - [AOP] Exiting RewardService.getRewardSummary - Execution time: 1ms
2026-06-18 11:32:51 [http-nio-8080-exec-9] INFO  c.b.transfer.aspect.LoggingAspect - [AOP] Entering AccountService.getAccountResponse
2026-06-18 11:32:51 [http-nio-8080-exec-7] INFO  c.b.transfer.aspect.LoggingAspect - [AOP] Entering RewardService.getRewardSummary
2026-06-18 11:32:51 [http-nio-8080-exec-9] INFO  c.b.transfer.aspect.LoggingAspect - [AOP] Exiting AccountService.getAccountResponse - Execution time: 1ms
2026-06-18 11:32:51 [http-nio-8080-exec-7] INFO  c.b.transfer.aspect.LoggingAspect - [AOP] Exiting RewardService.getRewardSummary - Execution time: 2ms
2026-06-18 11:33:59 [http-nio-8080-exec-5] INFO  c.b.transfer.aspect.LoggingAspect - [AOP] Entering AccountService.getTransactions
2026-06-18 11:33:59 [http-nio-8080-exec-5] INFO  c.b.transfer.aspect.LoggingAspect - [AOP] Exiting AccountService.getTransactions - Execution time: 2ms
2026-06-18 11:34:00 [http-nio-8080-exec-6] INFO  c.b.transfer.aspect.LoggingAspect - [AOP] Entering RewardService.getRewardSummary
2026-06-18 11:34:00 [http-nio-8080-exec-6] INFO  c.b.transfer.aspect.LoggingAspect - [AOP] Exiting RewardService.getRewardSummary - Execution time: 2ms
2026-06-18 11:34:01 [http-nio-8080-exec-1] INFO  c.b.transfer.aspect.LoggingAspect - [AOP] Entering AccountService.getTransactions
2026-06-18 11:34:01 [http-nio-8080-exec-1] INFO  c.b.transfer.aspect.LoggingAspect - [AOP] Exiting AccountService.getTransactions - Execution time: 1ms
2026-06-18 11:34:03 [http-nio-8080-exec-4] INFO  c.b.transfer.aspect.LoggingAspect - [AOP] Entering AccountService.getAccountResponse
2026-06-18 11:34:03 [http-nio-8080-exec-4] INFO  c.b.transfer.aspect.LoggingAspect - [AOP] Exiting AccountService.getAccountResponse - Execution time: 1ms
2026-06-18 11:34:03 [http-nio-8080-exec-10] INFO  c.b.transfer.aspect.LoggingAspect - [AOP] Entering RewardService.getRewardSummary
2026-06-18 11:34:03 [http-nio-8080-exec-10] INFO  c.b.transfer.aspect.LoggingAspect - [AOP] Exiting RewardService.getRewardSummary - Execution time: 2ms
2026-06-18 11:34:06 [http-nio-8080-exec-8] INFO  c.b.transfer.aspect.LoggingAspect - [AOP] Entering AccountService.getTransactions
2026-06-18 11:34:06 [http-nio-8080-exec-8] INFO  c.b.transfer.aspect.LoggingAspect - [AOP] Exiting AccountService.getTransactions - Execution time: 2ms
2026-06-18 11:34:07 [http-nio-8080-exec-9] INFO  c.b.transfer.aspect.LoggingAspect - [AOP] Entering AccountService.getAccountResponse
2026-06-18 11:34:07 [http-nio-8080-exec-9] INFO  c.b.transfer.aspect.LoggingAspect - [AOP] Exiting AccountService.getAccountResponse - Execution time: 0ms
2026-06-18 11:34:07 [http-nio-8080-exec-7] INFO  c.b.transfer.aspect.LoggingAspect - [AOP] Entering RewardService.getRewardSummary
2026-06-18 11:34:07 [http-nio-8080-exec-7] INFO  c.b.transfer.aspect.LoggingAspect - [AOP] Exiting RewardService.getRewardSummary - Execution time: 1ms
2026-06-18 11:34:24 [http-nio-8080-exec-3] INFO  c.b.transfer.aspect.LoggingAspect - [AOP] Entering AccountService.getAccountResponse
2026-06-18 11:34:24 [http-nio-8080-exec-3] INFO  c.b.transfer.aspect.LoggingAspect - [AOP] Exiting AccountService.getAccountResponse - Execution time: 1ms
2026-06-18 11:34:24 [http-nio-8080-exec-2] INFO  c.b.transfer.aspect.LoggingAspect - [AOP] Entering RewardService.getRewardSummary
2026-06-18 11:34:24 [http-nio-8080-exec-2] INFO  c.b.transfer.aspect.LoggingAspect - [AOP] Exiting RewardService.getRewardSummary - Execution time: 1ms
2026-06-18 11:34:43 [http-nio-8080-exec-6] INFO  c.b.transfer.aspect.LoggingAspect - [AOP] Entering RewardService.getRewardSummary
2026-06-18 11:34:43 [http-nio-8080-exec-5] INFO  c.b.transfer.aspect.LoggingAspect - [AOP] Entering AccountService.getAccountResponse
2026-06-18 11:34:43 [http-nio-8080-exec-5] INFO  c.b.transfer.aspect.LoggingAspect - [AOP] Exiting AccountService.getAccountResponse - Execution time: 1ms
2026-06-18 11:34:43 [http-nio-8080-exec-6] INFO  c.b.transfer.aspect.LoggingAspect - [AOP] Exiting RewardService.getRewardSummary - Execution time: 1ms
2026-06-18 11:35:15 [http-nio-8080-exec-4] INFO  c.b.transfer.aspect.LoggingAspect - [AOP] Entering RewardService.getRewardSummary
2026-06-18 11:35:15 [http-nio-8080-exec-4] INFO  c.b.transfer.aspect.LoggingAspect - [AOP] Exiting RewardService.getRewardSummary - Execution time: 2ms
2026-06-18 11:35:15 [http-nio-8080-exec-1] INFO  c.b.transfer.aspect.LoggingAspect - [AOP] Entering AccountService.getAccountResponse
2026-06-18 11:35:15 [http-nio-8080-exec-1] INFO  c.b.transfer.aspect.LoggingAspect - [AOP] Exiting AccountService.getAccountResponse - Execution time: 0ms
2026-06-18 11:35:19 [http-nio-8080-exec-10] INFO  c.b.transfer.aspect.LoggingAspect - [AOP] Entering AccountService.getTransactions
2026-06-18 11:35:19 [http-nio-8080-exec-10] INFO  c.b.transfer.aspect.LoggingAspect - [AOP] Exiting AccountService.getTransactions - Execution time: 1ms
2026-06-18 11:35:20 [http-nio-8080-exec-8] INFO  c.b.transfer.aspect.LoggingAspect - [AOP] Entering RewardService.getRewardSummary
2026-06-18 11:35:20 [http-nio-8080-exec-8] INFO  c.b.transfer.aspect.LoggingAspect - [AOP] Exiting RewardService.getRewardSummary - Execution time: 2ms
2026-06-18 11:36:20 [http-nio-8080-exec-3] INFO  c.b.transfer.aspect.LoggingAspect - [AOP] Entering AccountService.getTransactions
2026-06-18 11:36:20 [http-nio-8080-exec-3] INFO  c.b.transfer.aspect.LoggingAspect - [AOP] Exiting AccountService.getTransactions - Execution time: 1ms
2026-06-18 11:36:22 [http-nio-8080-exec-6] INFO  c.b.transfer.aspect.LoggingAspect - [AOP] Entering RewardService.getRewardSummary
2026-06-18 11:36:22 [http-nio-8080-exec-2] INFO  c.b.transfer.aspect.LoggingAspect - [AOP] Entering AccountService.getAccountResponse
2026-06-18 11:36:22 [http-nio-8080-exec-2] INFO  c.b.transfer.aspect.LoggingAspect - [AOP] Exiting AccountService.getAccountResponse - Execution time: 0ms
2026-06-18 11:36:22 [http-nio-8080-exec-6] INFO  c.b.transfer.aspect.LoggingAspect - [AOP] Exiting RewardService.getRewardSummary - Execution time: 3ms
2026-06-18 11:37:26 [http-nio-8080-exec-1] INFO  c.b.transfer.aspect.LoggingAspect - [AOP] Entering AccountService.login
2026-06-18 11:37:26 [http-nio-8080-exec-1] INFO  c.b.transfer.service.AccountService - Login attempt for username: Kartikey
2026-06-18 11:37:26 [http-nio-8080-exec-1] INFO  c.b.transfer.service.AccountService - Login successful for username: Kartikey
2026-06-18 11:37:26 [http-nio-8080-exec-1] INFO  c.b.transfer.aspect.LoggingAspect - [AOP] Exiting AccountService.login - Execution time: 61ms
2026-06-18 11:37:26 [http-nio-8080-exec-10] INFO  c.b.transfer.aspect.LoggingAspect - [AOP] Entering AccountService.getAccountResponse
2026-06-18 11:37:26 [http-nio-8080-exec-10] INFO  c.b.transfer.aspect.LoggingAspect - [AOP] Exiting AccountService.getAccountResponse - Execution time: 1ms
2026-06-18 11:37:26 [http-nio-8080-exec-8] INFO  c.b.transfer.aspect.LoggingAspect - [AOP] Entering RewardService.getRewardSummary
2026-06-18 11:37:26 [http-nio-8080-exec-8] INFO  c.b.transfer.aspect.LoggingAspect - [AOP] Exiting RewardService.getRewardSummary - Execution time: 1ms
2026-06-18 11:37:38 [http-nio-8080-exec-9] INFO  c.b.transfer.aspect.LoggingAspect - [AOP] Entering AccountService.getTransactions
2026-06-18 11:37:38 [http-nio-8080-exec-9] INFO  c.b.transfer.aspect.LoggingAspect - [AOP] Exiting AccountService.getTransactions - Execution time: 1ms
2026-06-18 11:37:47 [http-nio-8080-exec-3] INFO  c.b.transfer.aspect.LoggingAspect - [AOP] Entering RewardService.getRewardSummary
2026-06-18 11:37:47 [http-nio-8080-exec-7] INFO  c.b.transfer.aspect.LoggingAspect - [AOP] Entering AccountService.getAccountResponse
2026-06-18 11:37:47 [http-nio-8080-exec-7] INFO  c.b.transfer.aspect.LoggingAspect - [AOP] Exiting AccountService.getAccountResponse - Execution time: 0ms
2026-06-18 11:37:47 [http-nio-8080-exec-3] INFO  c.b.transfer.aspect.LoggingAspect - [AOP] Exiting RewardService.getRewardSummary - Execution time: 2ms
2026-06-18 11:42:19 [http-nio-8080-exec-4] INFO  c.b.transfer.aspect.LoggingAspect - [AOP] Entering AccountService.login
2026-06-18 11:42:19 [http-nio-8080-exec-4] INFO  c.b.transfer.service.AccountService - Login attempt for username: Kartikey
2026-06-18 11:42:19 [http-nio-8080-exec-4] INFO  c.b.transfer.service.AccountService - Login successful for username: Kartikey
2026-06-18 11:42:19 [http-nio-8080-exec-4] INFO  c.b.transfer.aspect.LoggingAspect - [AOP] Exiting AccountService.login - Execution time: 60ms
2026-06-18 11:42:19 [http-nio-8080-exec-1] INFO  c.b.transfer.aspect.LoggingAspect - [AOP] Entering RewardService.getRewardSummary
2026-06-18 11:42:19 [http-nio-8080-exec-1] INFO  c.b.transfer.aspect.LoggingAspect - [AOP] Exiting RewardService.getRewardSummary - Execution time: 1ms
2026-06-18 11:42:19 [http-nio-8080-exec-5] INFO  c.b.transfer.aspect.LoggingAspect - [AOP] Entering AccountService.getAccountResponse
2026-06-18 11:42:19 [http-nio-8080-exec-5] INFO  c.b.transfer.aspect.LoggingAspect - [AOP] Exiting AccountService.getAccountResponse - Execution time: 0ms
2026-06-18 11:42:21 [http-nio-8080-exec-10] INFO  c.b.transfer.aspect.LoggingAspect - [AOP] Entering AccountService.getTransactions
2026-06-18 11:42:21 [http-nio-8080-exec-10] INFO  c.b.transfer.aspect.LoggingAspect - [AOP] Exiting AccountService.getTransactions - Execution time: 1ms
2026-06-18 11:42:22 [http-nio-8080-exec-9] INFO  c.b.transfer.aspect.LoggingAspect - [AOP] Entering RewardService.getRewardSummary
2026-06-18 11:42:22 [http-nio-8080-exec-8] INFO  c.b.transfer.aspect.LoggingAspect - [AOP] Entering AccountService.getAccountResponse
2026-06-18 11:42:22 [http-nio-8080-exec-8] INFO  c.b.transfer.aspect.LoggingAspect - [AOP] Exiting AccountService.getAccountResponse - Execution time: 1ms
2026-06-18 11:42:22 [http-nio-8080-exec-9] INFO  c.b.transfer.aspect.LoggingAspect - [AOP] Exiting RewardService.getRewardSummary - Execution time: 1ms
2026-06-18 11:42:23 [http-nio-8080-exec-7] INFO  c.b.transfer.aspect.LoggingAspect - [AOP] Entering RewardService.getRewardSummary
2026-06-18 11:42:23 [http-nio-8080-exec-7] INFO  c.b.transfer.aspect.LoggingAspect - [AOP] Exiting RewardService.getRewardSummary - Execution time: 1ms
2026-06-18 11:42:26 [http-nio-8080-exec-3] INFO  c.b.transfer.aspect.LoggingAspect - [AOP] Entering AccountService.getTransactions
2026-06-18 11:42:26 [http-nio-8080-exec-3] INFO  c.b.transfer.aspect.LoggingAspect - [AOP] Exiting AccountService.getTransactions - Execution time: 3ms
2026-06-18 11:42:27 [http-nio-8080-exec-2] INFO  c.b.transfer.aspect.LoggingAspect - [AOP] Entering RewardService.getRewardSummary
2026-06-18 11:42:27 [http-nio-8080-exec-6] INFO  c.b.transfer.aspect.LoggingAspect - [AOP] Entering AccountService.getAccountResponse
2026-06-18 11:42:27 [http-nio-8080-exec-6] INFO  c.b.transfer.aspect.LoggingAspect - [AOP] Exiting AccountService.getAccountResponse - Execution time: 1ms
2026-06-18 11:42:27 [http-nio-8080-exec-2] INFO  c.b.transfer.aspect.LoggingAspect - [AOP] Exiting RewardService.getRewardSummary - Execution time: 3ms
2026-06-18 11:42:27 [http-nio-8080-exec-4] INFO  c.b.transfer.aspect.LoggingAspect - [AOP] Entering AccountService.getTransactions
2026-06-18 11:42:27 [http-nio-8080-exec-4] INFO  c.b.transfer.aspect.LoggingAspect - [AOP] Exiting AccountService.getTransactions - Execution time: 2ms
2026-06-18 11:42:30 [http-nio-8080-exec-5] INFO  c.b.transfer.aspect.LoggingAspect - [AOP] Entering RewardService.getRewardSummary
2026-06-18 11:42:30 [http-nio-8080-exec-5] INFO  c.b.transfer.aspect.LoggingAspect - [AOP] Exiting RewardService.getRewardSummary - Execution time: 2ms
2026-06-18 11:42:30 [http-nio-8080-exec-1] INFO  c.b.transfer.aspect.LoggingAspect - [AOP] Entering AccountService.getAccountResponse
2026-06-18 11:42:30 [http-nio-8080-exec-1] INFO  c.b.transfer.aspect.LoggingAspect - [AOP] Exiting AccountService.getAccountResponse - Execution time: 1ms
2026-06-18 11:44:43 [http-nio-8080-exec-7] INFO  c.b.transfer.aspect.LoggingAspect - [AOP] Entering RewardService.getRewardSummary
2026-06-18 11:44:43 [http-nio-8080-exec-8] INFO  c.b.transfer.aspect.LoggingAspect - [AOP] Entering AccountService.getAccountResponse
2026-06-18 11:44:43 [http-nio-8080-exec-8] INFO  c.b.transfer.aspect.LoggingAspect - [AOP] Exiting AccountService.getAccountResponse - Execution time: 1ms
2026-06-18 11:44:43 [http-nio-8080-exec-7] INFO  c.b.transfer.aspect.LoggingAspect - [AOP] Exiting RewardService.getRewardSummary - Execution time: 2ms
2026-06-18 11:46:02 [http-nio-8080-exec-2] INFO  c.b.transfer.aspect.LoggingAspect - [AOP] Entering AccountService.getAccountResponse
2026-06-18 11:46:02 [http-nio-8080-exec-4] INFO  c.b.transfer.aspect.LoggingAspect - [AOP] Entering RewardService.getRewardSummary
2026-06-18 11:46:02 [http-nio-8080-exec-2] INFO  c.b.transfer.aspect.LoggingAspect - [AOP] Exiting AccountService.getAccountResponse - Execution time: 1ms
2026-06-18 11:46:02 [http-nio-8080-exec-4] INFO  c.b.transfer.aspect.LoggingAspect - [AOP] Exiting RewardService.getRewardSummary - Execution time: 2ms
2026-06-18 11:46:28 [http-nio-8080-exec-5] INFO  c.b.transfer.aspect.LoggingAspect - [AOP] Entering AccountService.getTransactions
2026-06-18 11:46:28 [http-nio-8080-exec-5] INFO  c.b.transfer.aspect.LoggingAspect - [AOP] Exiting AccountService.getTransactions - Execution time: 1ms
2026-06-18 11:46:29 [http-nio-8080-exec-1] INFO  c.b.transfer.aspect.LoggingAspect - [AOP] Entering RewardService.getRewardSummary
2026-06-18 11:46:29 [http-nio-8080-exec-1] INFO  c.b.transfer.aspect.LoggingAspect - [AOP] Exiting RewardService.getRewardSummary - Execution time: 2ms
2026-06-18 11:46:32 [http-nio-8080-exec-10] INFO  c.b.transfer.aspect.LoggingAspect - [AOP] Entering RewardService.getRewardSummary
2026-06-18 11:46:32 [http-nio-8080-exec-9] INFO  c.b.transfer.aspect.LoggingAspect - [AOP] Entering AccountService.getAccountResponse
2026-06-18 11:46:32 [http-nio-8080-exec-9] INFO  c.b.transfer.aspect.LoggingAspect - [AOP] Exiting AccountService.getAccountResponse - Execution time: 1ms
2026-06-18 11:46:32 [http-nio-8080-exec-10] INFO  c.b.transfer.aspect.LoggingAspect - [AOP] Exiting RewardService.getRewardSummary - Execution time: 1ms
2026-06-18 11:46:33 [http-nio-8080-exec-8] INFO  c.b.transfer.aspect.LoggingAspect - [AOP] Entering AccountService.getTransactions
2026-06-18 11:46:33 [http-nio-8080-exec-8] INFO  c.b.transfer.aspect.LoggingAspect - [AOP] Exiting AccountService.getTransactions - Execution time: 2ms
2026-06-18 11:46:34 [http-nio-8080-exec-7] INFO  c.b.transfer.aspect.LoggingAspect - [AOP] Entering RewardService.getRewardSummary
2026-06-18 11:46:34 [http-nio-8080-exec-7] INFO  c.b.transfer.aspect.LoggingAspect - [AOP] Exiting RewardService.getRewardSummary - Execution time: 1ms
2026-06-18 11:46:35 [http-nio-8080-exec-6] INFO  c.b.transfer.aspect.LoggingAspect - [AOP] Entering AccountService.getTransactions
2026-06-18 11:46:35 [http-nio-8080-exec-6] INFO  c.b.transfer.aspect.LoggingAspect - [AOP] Exiting AccountService.getTransactions - Execution time: 1ms
2026-06-18 11:46:36 [http-nio-8080-exec-3] INFO  c.b.transfer.aspect.LoggingAspect - [AOP] Entering AccountService.getAccountResponse
2026-06-18 11:46:36 [http-nio-8080-exec-2] INFO  c.b.transfer.aspect.LoggingAspect - [AOP] Entering RewardService.getRewardSummary
2026-06-18 11:46:36 [http-nio-8080-exec-3] INFO  c.b.transfer.aspect.LoggingAspect - [AOP] Exiting AccountService.getAccountResponse - Execution time: 1ms
2026-06-18 11:46:36 [http-nio-8080-exec-2] INFO  c.b.transfer.aspect.LoggingAspect - [AOP] Exiting RewardService.getRewardSummary - Execution time: 1ms
2026-06-18 11:46:38 [http-nio-8080-exec-4] INFO  c.b.transfer.aspect.LoggingAspect - [AOP] Entering AccountService.getTransactions
2026-06-18 11:46:38 [http-nio-8080-exec-4] INFO  c.b.transfer.aspect.LoggingAspect - [AOP] Exiting AccountService.getTransactions - Execution time: 1ms
2026-06-18 11:51:06 [http-nio-8080-exec-10] INFO  c.b.transfer.aspect.LoggingAspect - [AOP] Entering RewardService.getRewardSummary
2026-06-18 11:51:06 [http-nio-8080-exec-9] INFO  c.b.transfer.aspect.LoggingAspect - [AOP] Entering AccountService.getAccountResponse
2026-06-18 11:51:06 [http-nio-8080-exec-9] INFO  c.b.transfer.aspect.LoggingAspect - [AOP] Exiting AccountService.getAccountResponse - Execution time: 1ms
2026-06-18 11:51:06 [http-nio-8080-exec-10] INFO  c.b.transfer.aspect.LoggingAspect - [AOP] Exiting RewardService.getRewardSummary - Execution time: 1ms
2026-06-18 12:05:34 [http-nio-8080-exec-2] INFO  c.b.transfer.aspect.LoggingAspect - [AOP] Entering AccountService.getAccountResponse
2026-06-18 12:05:34 [http-nio-8080-exec-2] INFO  c.b.transfer.aspect.LoggingAspect - [AOP] Exiting AccountService.getAccountResponse - Execution time: 2ms
2026-06-18 12:05:34 [http-nio-8080-exec-4] INFO  c.b.transfer.aspect.LoggingAspect - [AOP] Entering RewardService.getRewardSummary
2026-06-18 12:05:34 [http-nio-8080-exec-4] INFO  c.b.transfer.aspect.LoggingAspect - [AOP] Exiting RewardService.getRewardSummary - Execution time: 2ms
2026-06-18 12:10:01 [http-nio-8080-exec-10] INFO  c.b.transfer.aspect.LoggingAspect - [AOP] Entering RewardService.getRewardSummary
2026-06-18 12:10:01 [http-nio-8080-exec-9] INFO  c.b.transfer.aspect.LoggingAspect - [AOP] Entering AccountService.getAccountResponse
2026-06-18 12:10:01 [http-nio-8080-exec-9] INFO  c.b.transfer.aspect.LoggingAspect - [AOP] Exiting AccountService.getAccountResponse - Execution time: 1ms
2026-06-18 12:10:01 [http-nio-8080-exec-10] INFO  c.b.transfer.aspect.LoggingAspect - [AOP] Exiting RewardService.getRewardSummary - Execution time: 3ms
2026-06-18 12:13:35 [http-nio-8080-exec-3] INFO  c.b.transfer.aspect.LoggingAspect - [AOP] Entering RewardService.getRewardSummary
2026-06-18 12:13:35 [http-nio-8080-exec-6] INFO  c.b.transfer.aspect.LoggingAspect - [AOP] Entering AccountService.getAccountResponse
2026-06-18 12:13:35 [http-nio-8080-exec-6] INFO  c.b.transfer.aspect.LoggingAspect - [AOP] Exiting AccountService.getAccountResponse - Execution time: 0ms
2026-06-18 12:13:35 [http-nio-8080-exec-3] INFO  c.b.transfer.aspect.LoggingAspect - [AOP] Exiting RewardService.getRewardSummary - Execution time: 1ms
2026-06-18 12:13:39 [http-nio-8080-exec-2] INFO  c.b.transfer.aspect.LoggingAspect - [AOP] Entering RewardService.getRewardSummary
2026-06-18 12:13:39 [http-nio-8080-exec-2] INFO  c.b.transfer.aspect.LoggingAspect - [AOP] Exiting RewardService.getRewardSummary - Execution time: 1ms
2026-06-18 12:19:50 [SpringApplicationShutdownHook] INFO  o.s.o.j.LocalContainerEntityManagerFactoryBean - Closing JPA EntityManagerFactory for persistence unit 'default'
2026-06-18 12:19:50 [SpringApplicationShutdownHook] INFO  com.zaxxer.hikari.HikariDataSource - HikariPool-1 - Shutdown initiated...
2026-06-18 12:19:50 [SpringApplicationShutdownHook] INFO  com.zaxxer.hikari.HikariDataSource - HikariPool-1 - Shutdown completed.
2026-06-18 12:21:45 [background-preinit] INFO  o.h.validator.internal.util.Version - HV000001: Hibernate Validator 8.0.1.Final
2026-06-18 12:21:45 [main] INFO  c.b.t.MoneyTransferSystemApplication - Starting MoneyTransferSystemApplication using Java 17.0.12 with PID 6540 (C:\Users\user\Desktop\projects\mts\target\classes started by user in C:\Users\user\Desktop\projects\mts)
2026-06-18 12:21:45 [main] INFO  c.b.t.MoneyTransferSystemApplication - No active profile set, falling back to 1 default profile: "default"
2026-06-18 12:21:46 [main] INFO  o.s.d.r.c.RepositoryConfigurationDelegate - Bootstrapping Spring Data JPA repositories in DEFAULT mode.
2026-06-18 12:21:46 [main] INFO  o.s.d.r.c.RepositoryConfigurationDelegate - Finished Spring Data repository scanning in 29 ms. Found 3 JPA repository interfaces.
2026-06-18 12:21:46 [main] INFO  o.s.b.w.e.tomcat.TomcatWebServer - Tomcat initialized with port 8080 (http)
2026-06-18 12:21:46 [main] INFO  o.a.coyote.http11.Http11NioProtocol - Initializing ProtocolHandler ["http-nio-8080"]
2026-06-18 12:21:46 [main] INFO  o.a.catalina.core.StandardService - Starting service [Tomcat]
2026-06-18 12:21:46 [main] INFO  o.a.catalina.core.StandardEngine - Starting Servlet engine: [Apache Tomcat/10.1.18]
2026-06-18 12:21:46 [main] INFO  o.a.c.c.C.[Tomcat].[localhost].[/] - Initializing Spring embedded WebApplicationContext
2026-06-18 12:21:46 [main] INFO  o.s.b.w.s.c.ServletWebServerApplicationContext - Root WebApplicationContext: initialization completed in 1144 ms
2026-06-18 12:21:46 [main] INFO  com.zaxxer.hikari.HikariDataSource - HikariPool-1 - Starting...
2026-06-18 12:21:46 [main] INFO  com.zaxxer.hikari.pool.HikariPool - HikariPool-1 - Added connection conn0: url=jdbc:h2:mem:transferdb user=SA
2026-06-18 12:21:46 [main] INFO  com.zaxxer.hikari.HikariDataSource - HikariPool-1 - Start completed.
2026-06-18 12:21:46 [main] INFO  o.s.b.a.h.H2ConsoleAutoConfiguration - H2 console available at '/h2-console'. Database available at 'jdbc:h2:mem:transferdb'
2026-06-18 12:21:47 [main] INFO  o.h.jpa.internal.util.LogHelper - HHH000204: Processing PersistenceUnitInfo [name: default]
2026-06-18 12:21:47 [main] INFO  org.hibernate.Version - HHH000412: Hibernate ORM core version 6.4.1.Final
2026-06-18 12:21:47 [main] INFO  o.h.c.i.RegionFactoryInitiator - HHH000026: Second-level cache disabled
2026-06-18 12:21:47 [main] INFO  o.s.o.j.p.SpringPersistenceUnitInfo - No LoadTimeWeaver setup: ignoring JPA class transformer
2026-06-18 12:21:47 [main] WARN  org.hibernate.orm.deprecation - HHH90000025: H2Dialect does not need to be specified explicitly using 'hibernate.dialect' (remove the property setting and it will be selected by default)
2026-06-18 12:21:47 [main] INFO  o.h.e.t.j.p.i.JtaPlatformInitiator - HHH000489: No JTA platform available (set 'hibernate.transaction.jta.platform' to enable JTA platform integration)
2026-06-18 12:21:47 [main] INFO  o.s.o.j.LocalContainerEntityManagerFactoryBean - Initialized JPA EntityManagerFactory for persistence unit 'default'
2026-06-18 12:21:48 [main] INFO  o.s.d.j.r.query.QueryEnhancerFactory - Hibernate is in classpath; If applicable, HQL parser will be used.
2026-06-18 12:21:48 [main] WARN  o.s.b.a.o.j.JpaBaseConfiguration$JpaWebConfiguration - spring.jpa.open-in-view is enabled by default. Therefore, database queries may be performed during view rendering. Explicitly configure spring.jpa.open-in-view to disable this warning
2026-06-18 12:21:48 [main] INFO  o.s.b.a.e.web.EndpointLinksResolver - Exposing 1 endpoint(s) beneath base path '/actuator'
2026-06-18 12:21:48 [main] INFO  o.s.s.web.DefaultSecurityFilterChain - Will secure any request with [org.springframework.security.web.session.DisableEncodeUrlFilter@64b1d0ab, org.springframework.security.web.context.request.async.WebAsyncManagerIntegrationFilter@4758158f, org.springframework.security.web.context.SecurityContextHolderFilter@735beda7, org.springframework.security.web.header.HeaderWriterFilter@fafbc63, org.springframework.web.filter.CorsFilter@15364d8b, org.springframework.web.filter.CorsFilter@7a680b69, org.springframework.security.web.authentication.logout.LogoutFilter@3d63becf, org.springframework.security.web.authentication.www.BasicAuthenticationFilter@2fc8e9b8, org.springframework.security.web.savedrequest.RequestCacheAwareFilter@79a68d19, org.springframework.security.web.servletapi.SecurityContextHolderAwareRequestFilter@58435220, org.springframework.security.web.authentication.AnonymousAuthenticationFilter@10b6a807, org.springframework.security.web.access.ExceptionTranslationFilter@465b16bb, org.springframework.security.web.access.intercept.AuthorizationFilter@16bc97b9]
2026-06-18 12:21:49 [main] INFO  o.a.coyote.http11.Http11NioProtocol - Starting ProtocolHandler ["http-nio-8080"]
2026-06-18 12:21:49 [main] INFO  o.s.b.w.e.tomcat.TomcatWebServer - Tomcat started on port 8080 (http) with context path ''
2026-06-18 12:21:49 [main] INFO  c.b.t.MoneyTransferSystemApplication - Started MoneyTransferSystemApplication in 4.189 seconds (process running for 4.453)
2026-06-18 12:22:16 [http-nio-8080-exec-1] INFO  o.a.c.c.C.[Tomcat].[localhost].[/] - Initializing Spring DispatcherServlet 'dispatcherServlet'
2026-06-18 12:22:16 [http-nio-8080-exec-1] INFO  o.s.web.servlet.DispatcherServlet - Initializing Servlet 'dispatcherServlet'
2026-06-18 12:22:16 [http-nio-8080-exec-1] INFO  o.s.web.servlet.DispatcherServlet - Completed initialization in 1 ms
2026-06-18 12:22:17 [http-nio-8080-exec-2] INFO  c.b.transfer.aspect.LoggingAspect - [AOP] Entering AccountService.createAccount
2026-06-18 12:22:17 [http-nio-8080-exec-2] INFO  c.b.transfer.service.AccountService - Creating account for username: KSI
2026-06-18 12:22:17 [http-nio-8080-exec-2] INFO  c.b.transfer.service.AccountService - Account created successfully with ID: 1
2026-06-18 12:22:17 [http-nio-8080-exec-2] INFO  c.b.transfer.aspect.LoggingAspect - [AOP] Exiting AccountService.createAccount - Execution time: 195ms
2026-06-18 12:22:33 [http-nio-8080-exec-4] INFO  c.b.transfer.aspect.LoggingAspect - [AOP] Entering AccountService.createAccount
2026-06-18 12:22:33 [http-nio-8080-exec-4] INFO  c.b.transfer.service.AccountService - Creating account for username: Kartikey
2026-06-18 12:22:33 [http-nio-8080-exec-4] INFO  c.b.transfer.service.AccountService - Account created successfully with ID: 2
2026-06-18 12:22:33 [http-nio-8080-exec-4] INFO  c.b.transfer.aspect.LoggingAspect - [AOP] Exiting AccountService.createAccount - Execution time: 64ms
2026-06-18 12:22:41 [http-nio-8080-exec-5] INFO  c.b.transfer.aspect.LoggingAspect - [AOP] Entering AccountService.login
2026-06-18 12:22:41 [http-nio-8080-exec-5] INFO  c.b.transfer.service.AccountService - Login attempt for username: KSI
2026-06-18 12:22:41 [http-nio-8080-exec-5] INFO  c.b.transfer.service.AccountService - Login successful for username: KSI
2026-06-18 12:22:41 [http-nio-8080-exec-5] INFO  c.b.transfer.aspect.LoggingAspect - [AOP] Exiting AccountService.login - Execution time: 74ms
2026-06-18 12:22:41 [http-nio-8080-exec-3] INFO  c.b.transfer.aspect.LoggingAspect - [AOP] Entering RewardService.getRewardSummary
2026-06-18 12:22:41 [http-nio-8080-exec-6] INFO  c.b.transfer.aspect.LoggingAspect - [AOP] Entering AccountService.getAccountResponse
2026-06-18 12:22:41 [http-nio-8080-exec-6] INFO  c.b.transfer.aspect.LoggingAspect - [AOP] Exiting AccountService.getAccountResponse - Execution time: 12ms
2026-06-18 12:22:41 [http-nio-8080-exec-3] INFO  c.b.transfer.aspect.LoggingAspect - [AOP] Exiting RewardService.getRewardSummary - Execution time: 24ms
2026-06-18 12:22:46 [http-nio-8080-exec-8] INFO  c.b.transfer.aspect.LoggingAspect - [AOP] Entering RewardService.getRewardSummary
2026-06-18 12:22:46 [http-nio-8080-exec-8] INFO  c.b.transfer.aspect.LoggingAspect - [AOP] Exiting RewardService.getRewardSummary - Execution time: 3ms
2026-06-18 12:23:21 [http-nio-8080-exec-10] INFO  c.b.transfer.aspect.LoggingAspect - [AOP] Entering TransferService.transfer
2026-06-18 12:23:21 [http-nio-8080-exec-10] INFO  c.b.transfer.service.TransferService - Processing transfer from 1 to 2 for amount 500000 via ACCOUNT
2026-06-18 12:23:21 [http-nio-8080-exec-10] INFO  c.b.transfer.aspect.LoggingAspect - [AOP] Entering RewardService.processReward
2026-06-18 12:23:21 [http-nio-8080-exec-10] INFO  c.b.transfer.service.RewardService - Reward granted: 5000 points to account 1 for transaction 44d34468-a565-4960-9c1b-3af762a54e82
2026-06-18 12:23:21 [http-nio-8080-exec-10] INFO  c.b.transfer.aspect.LoggingAspect - [AOP] Exiting RewardService.processReward - Execution time: 12ms
2026-06-18 12:23:21 [http-nio-8080-exec-10] INFO  c.b.transfer.service.TransferService - Transfer completed successfully. Transaction ID: 44d34468-a565-4960-9c1b-3af762a54e82
2026-06-18 12:23:21 [http-nio-8080-exec-10] INFO  c.b.transfer.aspect.LoggingAspect - [AOP] Exiting TransferService.transfer - Execution time: 20ms
2026-06-18 12:23:23 [http-nio-8080-exec-1] INFO  c.b.transfer.aspect.LoggingAspect - [AOP] Entering AccountService.getAccountResponse
2026-06-18 12:23:23 [http-nio-8080-exec-2] INFO  c.b.transfer.aspect.LoggingAspect - [AOP] Entering RewardService.getRewardSummary
2026-06-18 12:23:23 [http-nio-8080-exec-1] INFO  c.b.transfer.aspect.LoggingAspect - [AOP] Exiting AccountService.getAccountResponse - Execution time: 1ms
2026-06-18 12:23:23 [http-nio-8080-exec-2] INFO  c.b.transfer.aspect.LoggingAspect - [AOP] Exiting RewardService.getRewardSummary - Execution time: 6ms
2026-06-18 12:23:27 [http-nio-8080-exec-4] INFO  c.b.transfer.aspect.LoggingAspect - [AOP] Entering RewardService.getRewardSummary
2026-06-18 12:23:27 [http-nio-8080-exec-4] INFO  c.b.transfer.aspect.LoggingAspect - [AOP] Exiting RewardService.getRewardSummary - Execution time: 3ms
2026-06-18 12:23:29 [http-nio-8080-exec-5] INFO  c.b.transfer.aspect.LoggingAspect - [AOP] Entering RewardService.getRewardSummary
2026-06-18 12:23:29 [http-nio-8080-exec-7] INFO  c.b.transfer.aspect.LoggingAspect - [AOP] Entering AccountService.getAccountResponse
2026-06-18 12:23:29 [http-nio-8080-exec-7] INFO  c.b.transfer.aspect.LoggingAspect - [AOP] Exiting AccountService.getAccountResponse - Execution time: 1ms
2026-06-18 12:23:29 [http-nio-8080-exec-5] INFO  c.b.transfer.aspect.LoggingAspect - [AOP] Exiting RewardService.getRewardSummary - Execution time: 3ms
2026-06-18 12:23:30 [http-nio-8080-exec-6] INFO  c.b.transfer.aspect.LoggingAspect - [AOP] Entering RewardService.getRewardSummary
2026-06-18 12:23:30 [http-nio-8080-exec-6] INFO  c.b.transfer.aspect.LoggingAspect - [AOP] Exiting RewardService.getRewardSummary - Execution time: 3ms
2026-06-18 12:23:41 [http-nio-8080-exec-3] INFO  c.b.transfer.aspect.LoggingAspect - [AOP] Entering TransferService.transfer
2026-06-18 12:23:41 [http-nio-8080-exec-3] INFO  c.b.transfer.service.TransferService - Processing transfer from 1 to 2 for amount 50 via REWARDS
2026-06-18 12:23:41 [http-nio-8080-exec-3] INFO  c.b.transfer.aspect.LoggingAspect - [AOP] Entering RewardService.getRewardSummary
2026-06-18 12:23:41 [http-nio-8080-exec-3] INFO  c.b.transfer.aspect.LoggingAspect - [AOP] Exiting RewardService.getRewardSummary - Execution time: 2ms
2026-06-18 12:23:41 [http-nio-8080-exec-3] INFO  c.b.transfer.aspect.LoggingAspect - [AOP] Entering RewardService.redeemPoints
2026-06-18 12:23:41 [http-nio-8080-exec-3] INFO  c.b.transfer.service.RewardService - Redeeming 5000 reward points from account 1 for transaction 5e347021-b0d5-4c32-a38f-82d390537788
2026-06-18 12:23:41 [http-nio-8080-exec-3] INFO  c.b.transfer.aspect.LoggingAspect - [AOP] Exiting RewardService.redeemPoints - Execution time: 2ms
2026-06-18 12:23:41 [http-nio-8080-exec-3] INFO  c.b.transfer.service.TransferService - Transfer completed successfully. Transaction ID: 5e347021-b0d5-4c32-a38f-82d390537788
2026-06-18 12:23:41 [http-nio-8080-exec-3] INFO  c.b.transfer.aspect.LoggingAspect - [AOP] Exiting TransferService.transfer - Execution time: 8ms
2026-06-18 12:23:43 [http-nio-8080-exec-8] INFO  c.b.transfer.aspect.LoggingAspect - [AOP] Entering AccountService.getAccountResponse
2026-06-18 12:23:43 [http-nio-8080-exec-9] INFO  c.b.transfer.aspect.LoggingAspect - [AOP] Entering RewardService.getRewardSummary
2026-06-18 12:23:43 [http-nio-8080-exec-8] INFO  c.b.transfer.aspect.LoggingAspect - [AOP] Exiting AccountService.getAccountResponse - Execution time: 2ms
2026-06-18 12:23:43 [http-nio-8080-exec-9] INFO  c.b.transfer.aspect.LoggingAspect - [AOP] Exiting RewardService.getRewardSummary - Execution time: 4ms
2026-06-18 12:23:52 [http-nio-8080-exec-10] INFO  c.b.transfer.aspect.LoggingAspect - [AOP] Entering AccountService.login
2026-06-18 12:23:52 [http-nio-8080-exec-10] INFO  c.b.transfer.service.AccountService - Login attempt for username: Kartikey
2026-06-18 12:23:52 [http-nio-8080-exec-10] INFO  c.b.transfer.service.AccountService - Login successful for username: Kartikey
2026-06-18 12:23:52 [http-nio-8080-exec-10] INFO  c.b.transfer.aspect.LoggingAspect - [AOP] Exiting AccountService.login - Execution time: 61ms
2026-06-18 12:23:52 [http-nio-8080-exec-7] INFO  c.b.transfer.aspect.LoggingAspect - [AOP] Entering AccountService.getAccountResponse
2026-06-18 12:23:52 [http-nio-8080-exec-4] INFO  c.b.transfer.aspect.LoggingAspect - [AOP] Entering RewardService.getRewardSummary
2026-06-18 12:23:52 [http-nio-8080-exec-7] INFO  c.b.transfer.aspect.LoggingAspect - [AOP] Exiting AccountService.getAccountResponse - Execution time: 1ms
2026-06-18 12:23:52 [http-nio-8080-exec-4] INFO  c.b.transfer.aspect.LoggingAspect - [AOP] Exiting RewardService.getRewardSummary - Execution time: 2ms
2026-06-18 12:24:04 [http-nio-8080-exec-5] INFO  c.b.transfer.aspect.LoggingAspect - [AOP] Entering RewardService.getRewardSummary
2026-06-18 12:24:04 [http-nio-8080-exec-5] INFO  c.b.transfer.aspect.LoggingAspect - [AOP] Exiting RewardService.getRewardSummary - Execution time: 2ms
2026-06-18 12:24:37 [http-nio-8080-exec-6] INFO  c.b.transfer.aspect.LoggingAspect - [AOP] Entering AccountService.login
2026-06-18 12:24:37 [http-nio-8080-exec-6] INFO  c.b.transfer.service.AccountService - Login attempt for username: KSI
2026-06-18 12:24:37 [http-nio-8080-exec-6] INFO  c.b.transfer.service.AccountService - Login successful for username: KSI
2026-06-18 12:24:37 [http-nio-8080-exec-6] INFO  c.b.transfer.aspect.LoggingAspect - [AOP] Exiting AccountService.login - Execution time: 61ms
2026-06-18 12:24:38 [http-nio-8080-exec-8] INFO  c.b.transfer.aspect.LoggingAspect - [AOP] Entering RewardService.getRewardSummary
2026-06-18 12:24:38 [http-nio-8080-exec-3] INFO  c.b.transfer.aspect.LoggingAspect - [AOP] Entering AccountService.getAccountResponse
2026-06-18 12:24:38 [http-nio-8080-exec-3] INFO  c.b.transfer.aspect.LoggingAspect - [AOP] Exiting AccountService.getAccountResponse - Execution time: 2ms
2026-06-18 12:24:38 [http-nio-8080-exec-8] INFO  c.b.transfer.aspect.LoggingAspect - [AOP] Exiting RewardService.getRewardSummary - Execution time: 3ms
2026-06-18 12:24:41 [http-nio-8080-exec-9] INFO  c.b.transfer.aspect.LoggingAspect - [AOP] Entering RewardService.getRewardSummary
2026-06-18 12:24:41 [http-nio-8080-exec-9] INFO  c.b.transfer.aspect.LoggingAspect - [AOP] Exiting RewardService.getRewardSummary - Execution time: 3ms
2026-06-18 12:24:43 [http-nio-8080-exec-2] INFO  c.b.transfer.aspect.LoggingAspect - [AOP] Entering AccountService.getTransactions
2026-06-18 12:24:43 [http-nio-8080-exec-2] INFO  c.b.transfer.aspect.LoggingAspect - [AOP] Exiting AccountService.getTransactions - Execution time: 6ms
2026-06-18 12:24:44 [http-nio-8080-exec-1] INFO  c.b.transfer.aspect.LoggingAspect - [AOP] Entering RewardService.getRewardSummary
2026-06-18 12:24:44 [http-nio-8080-exec-1] INFO  c.b.transfer.aspect.LoggingAspect - [AOP] Exiting RewardService.getRewardSummary - Execution time: 2ms
2026-06-18 12:25:30 [http-nio-8080-exec-7] INFO  c.b.transfer.aspect.LoggingAspect - [AOP] Entering RewardService.getRewardSummary
2026-06-18 12:25:30 [http-nio-8080-exec-7] INFO  c.b.transfer.aspect.LoggingAspect - [AOP] Exiting RewardService.getRewardSummary - Execution time: 3ms
2026-06-18 12:25:34 [http-nio-8080-exec-4] INFO  c.b.transfer.aspect.LoggingAspect - [AOP] Entering AccountService.getAccountResponse
2026-06-18 12:25:34 [http-nio-8080-exec-5] INFO  c.b.transfer.aspect.LoggingAspect - [AOP] Entering RewardService.getRewardSummary
2026-06-18 12:25:34 [http-nio-8080-exec-4] INFO  c.b.transfer.aspect.LoggingAspect - [AOP] Exiting AccountService.getAccountResponse - Execution time: 1ms
2026-06-18 12:25:34 [http-nio-8080-exec-5] INFO  c.b.transfer.aspect.LoggingAspect - [AOP] Exiting RewardService.getRewardSummary - Execution time: 2ms
2026-06-18 12:25:35 [http-nio-8080-exec-6] INFO  c.b.transfer.aspect.LoggingAspect - [AOP] Entering RewardService.getRewardSummary
2026-06-18 12:25:35 [http-nio-8080-exec-6] INFO  c.b.transfer.aspect.LoggingAspect - [AOP] Exiting RewardService.getRewardSummary - Execution time: 3ms
2026-06-18 12:25:56 [http-nio-8080-exec-8] INFO  c.b.transfer.aspect.LoggingAspect - [AOP] Entering TransferService.transfer
2026-06-18 12:25:56 [http-nio-8080-exec-8] INFO  c.b.transfer.service.TransferService - Processing transfer from 1 to 2 for amount 500000 via ACCOUNT
2026-06-18 12:25:56 [http-nio-8080-exec-8] INFO  c.b.transfer.aspect.LoggingAspect - [AOP] Entering RewardService.processReward
2026-06-18 12:25:56 [http-nio-8080-exec-8] INFO  c.b.transfer.service.RewardService - Reward granted: 5000 points to account 1 for transaction 0a238beb-317e-4af7-92c7-16f467aee179
2026-06-18 12:25:56 [http-nio-8080-exec-8] INFO  c.b.transfer.aspect.LoggingAspect - [AOP] Exiting RewardService.processReward - Execution time: 4ms
2026-06-18 12:25:56 [http-nio-8080-exec-8] INFO  c.b.transfer.service.TransferService - Transfer completed successfully. Transaction ID: 0a238beb-317e-4af7-92c7-16f467aee179
2026-06-18 12:25:56 [http-nio-8080-exec-8] INFO  c.b.transfer.aspect.LoggingAspect - [AOP] Exiting TransferService.transfer - Execution time: 7ms
2026-06-18 12:25:58 [http-nio-8080-exec-9] INFO  c.b.transfer.aspect.LoggingAspect - [AOP] Entering RewardService.getRewardSummary
2026-06-18 12:25:58 [http-nio-8080-exec-3] INFO  c.b.transfer.aspect.LoggingAspect - [AOP] Entering AccountService.getAccountResponse
2026-06-18 12:25:58 [http-nio-8080-exec-3] INFO  c.b.transfer.aspect.LoggingAspect - [AOP] Exiting AccountService.getAccountResponse - Execution time: 1ms
2026-06-18 12:25:58 [http-nio-8080-exec-9] INFO  c.b.transfer.aspect.LoggingAspect - [AOP] Exiting RewardService.getRewardSummary - Execution time: 2ms
2026-06-18 12:26:03 [http-nio-8080-exec-10] INFO  c.b.transfer.aspect.LoggingAspect - [AOP] Entering RewardService.getRewardSummary
2026-06-18 12:26:03 [http-nio-8080-exec-10] INFO  c.b.transfer.aspect.LoggingAspect - [AOP] Exiting RewardService.getRewardSummary - Execution time: 3ms
2026-06-18 12:26:05 [http-nio-8080-exec-1] INFO  c.b.transfer.aspect.LoggingAspect - [AOP] Entering RewardService.getRewardSummary
2026-06-18 12:26:05 [http-nio-8080-exec-2] INFO  c.b.transfer.aspect.LoggingAspect - [AOP] Entering AccountService.getAccountResponse
2026-06-18 12:26:05 [http-nio-8080-exec-2] INFO  c.b.transfer.aspect.LoggingAspect - [AOP] Exiting AccountService.getAccountResponse - Execution time: 1ms
2026-06-18 12:26:05 [http-nio-8080-exec-1] INFO  c.b.transfer.aspect.LoggingAspect - [AOP] Exiting RewardService.getRewardSummary - Execution time: 2ms
2026-06-18 12:27:26 [http-nio-8080-exec-5] INFO  c.b.transfer.aspect.LoggingAspect - [AOP] Entering RewardService.getRewardSummary
2026-06-18 12:27:26 [http-nio-8080-exec-5] INFO  c.b.transfer.aspect.LoggingAspect - [AOP] Exiting RewardService.getRewardSummary - Execution time: 3ms
2026-06-18 12:27:48 [http-nio-8080-exec-8] INFO  c.b.transfer.aspect.LoggingAspect - [AOP] Entering RewardService.getRewardSummary
2026-06-18 12:27:48 [http-nio-8080-exec-6] INFO  c.b.transfer.aspect.LoggingAspect - [AOP] Entering AccountService.getAccountResponse
2026-06-18 12:27:48 [http-nio-8080-exec-6] INFO  c.b.transfer.aspect.LoggingAspect - [AOP] Exiting AccountService.getAccountResponse - Execution time: 1ms
2026-06-18 12:27:48 [http-nio-8080-exec-8] INFO  c.b.transfer.aspect.LoggingAspect - [AOP] Exiting RewardService.getRewardSummary - Execution time: 2ms
2026-06-18 12:27:53 [http-nio-8080-exec-3] INFO  c.b.transfer.aspect.LoggingAspect - [AOP] Entering RewardService.getRewardSummary
2026-06-18 12:27:53 [http-nio-8080-exec-3] INFO  c.b.transfer.aspect.LoggingAspect - [AOP] Exiting RewardService.getRewardSummary - Execution time: 3ms
2026-06-18 12:32:34 [http-nio-8080-exec-1] INFO  c.b.transfer.aspect.LoggingAspect - [AOP] Entering RewardService.getRewardSummary
2026-06-18 12:32:34 [http-nio-8080-exec-2] INFO  c.b.transfer.aspect.LoggingAspect - [AOP] Entering AccountService.getAccountResponse
2026-06-18 12:32:34 [http-nio-8080-exec-2] INFO  c.b.transfer.aspect.LoggingAspect - [AOP] Exiting AccountService.getAccountResponse - Execution time: 1ms
2026-06-18 12:32:34 [http-nio-8080-exec-1] INFO  c.b.transfer.aspect.LoggingAspect - [AOP] Exiting RewardService.getRewardSummary - Execution time: 2ms
2026-06-18 12:32:44 [http-nio-8080-exec-7] INFO  c.b.transfer.aspect.LoggingAspect - [AOP] Entering RewardService.getRewardSummary
2026-06-18 12:32:44 [http-nio-8080-exec-7] INFO  c.b.transfer.aspect.LoggingAspect - [AOP] Exiting RewardService.getRewardSummary - Execution time: 2ms
2026-06-18 12:32:44 [http-nio-8080-exec-4] INFO  c.b.transfer.aspect.LoggingAspect - [AOP] Entering AccountService.getTransactions
2026-06-18 12:32:44 [http-nio-8080-exec-4] INFO  c.b.transfer.aspect.LoggingAspect - [AOP] Exiting AccountService.getTransactions - Execution time: 5ms
2026-06-18 12:32:50 [http-nio-8080-exec-5] INFO  c.b.transfer.aspect.LoggingAspect - [AOP] Entering AccountService.getAccountResponse
2026-06-18 12:32:50 [http-nio-8080-exec-6] INFO  c.b.transfer.aspect.LoggingAspect - [AOP] Entering RewardService.getRewardSummary
2026-06-18 12:32:50 [http-nio-8080-exec-5] INFO  c.b.transfer.aspect.LoggingAspect - [AOP] Exiting AccountService.getAccountResponse - Execution time: 1ms
2026-06-18 12:32:50 [http-nio-8080-exec-6] INFO  c.b.transfer.aspect.LoggingAspect - [AOP] Exiting RewardService.getRewardSummary - Execution time: 2ms
2026-06-18 12:33:04 [http-nio-8080-exec-8] INFO  c.b.transfer.aspect.LoggingAspect - [AOP] Entering RewardService.getRewardSummary
2026-06-18 12:33:04 [http-nio-8080-exec-8] INFO  c.b.transfer.aspect.LoggingAspect - [AOP] Exiting RewardService.getRewardSummary - Execution time: 5ms
2026-06-18 12:33:05 [http-nio-8080-exec-3] INFO  c.b.transfer.aspect.LoggingAspect - [AOP] Entering AccountService.getTransactions
2026-06-18 12:33:05 [http-nio-8080-exec-3] INFO  c.b.transfer.aspect.LoggingAspect - [AOP] Exiting AccountService.getTransactions - Execution time: 3ms
2026-06-18 12:33:05 [http-nio-8080-exec-9] INFO  c.b.transfer.aspect.LoggingAspect - [AOP] Entering RewardService.getRewardSummary
2026-06-18 12:33:05 [http-nio-8080-exec-9] INFO  c.b.transfer.aspect.LoggingAspect - [AOP] Exiting RewardService.getRewardSummary - Execution time: 2ms
2026-06-18 12:33:09 [http-nio-8080-exec-2] INFO  c.b.transfer.aspect.LoggingAspect - [AOP] Entering RewardService.getRewardSummary
2026-06-18 12:33:09 [http-nio-8080-exec-10] INFO  c.b.transfer.aspect.LoggingAspect - [AOP] Entering AccountService.getAccountResponse
2026-06-18 12:33:09 [http-nio-8080-exec-10] INFO  c.b.transfer.aspect.LoggingAspect - [AOP] Exiting AccountService.getAccountResponse - Execution time: 1ms
2026-06-18 12:33:09 [http-nio-8080-exec-2] INFO  c.b.transfer.aspect.LoggingAspect - [AOP] Exiting RewardService.getRewardSummary - Execution time: 5ms
2026-06-18 12:33:14 [http-nio-8080-exec-1] INFO  c.b.transfer.aspect.LoggingAspect - [AOP] Entering RewardService.getRewardSummary
2026-06-18 12:33:14 [http-nio-8080-exec-1] INFO  c.b.transfer.aspect.LoggingAspect - [AOP] Exiting RewardService.getRewardSummary - Execution time: 2ms
2026-06-18 12:33:15 [http-nio-8080-exec-7] INFO  c.b.transfer.aspect.LoggingAspect - [AOP] Entering AccountService.getTransactions
2026-06-18 12:33:15 [http-nio-8080-exec-7] INFO  c.b.transfer.aspect.LoggingAspect - [AOP] Exiting AccountService.getTransactions - Execution time: 2ms
2026-06-18 12:33:16 [http-nio-8080-exec-4] INFO  c.b.transfer.aspect.LoggingAspect - [AOP] Entering RewardService.getRewardSummary
2026-06-18 12:33:16 [http-nio-8080-exec-4] INFO  c.b.transfer.aspect.LoggingAspect - [AOP] Exiting RewardService.getRewardSummary - Execution time: 2ms
2026-06-18 12:33:17 [http-nio-8080-exec-6] INFO  c.b.transfer.aspect.LoggingAspect - [AOP] Entering RewardService.getRewardSummary
2026-06-18 12:33:17 [http-nio-8080-exec-5] INFO  c.b.transfer.aspect.LoggingAspect - [AOP] Entering AccountService.getAccountResponse
2026-06-18 12:33:17 [http-nio-8080-exec-5] INFO  c.b.transfer.aspect.LoggingAspect - [AOP] Exiting AccountService.getAccountResponse - Execution time: 2ms
2026-06-18 12:33:17 [http-nio-8080-exec-6] INFO  c.b.transfer.aspect.LoggingAspect - [AOP] Exiting RewardService.getRewardSummary - Execution time: 6ms
2026-06-18 12:33:25 [http-nio-8080-exec-8] INFO  c.b.transfer.aspect.LoggingAspect - [AOP] Entering RewardService.getRewardSummary
2026-06-18 12:33:25 [http-nio-8080-exec-8] INFO  c.b.transfer.aspect.LoggingAspect - [AOP] Exiting RewardService.getRewardSummary - Execution time: 3ms
2026-06-18 12:33:33 [http-nio-8080-exec-3] INFO  c.b.transfer.aspect.LoggingAspect - [AOP] Entering TransferService.transfer
2026-06-18 12:33:33 [http-nio-8080-exec-3] INFO  c.b.transfer.service.TransferService - Processing transfer from 1 to 2 for amount 50 via REWARDS
2026-06-18 12:33:33 [http-nio-8080-exec-3] INFO  c.b.transfer.aspect.LoggingAspect - [AOP] Entering RewardService.getRewardSummary
2026-06-18 12:33:33 [http-nio-8080-exec-3] INFO  c.b.transfer.aspect.LoggingAspect - [AOP] Exiting RewardService.getRewardSummary - Execution time: 2ms
2026-06-18 12:33:33 [http-nio-8080-exec-3] INFO  c.b.transfer.aspect.LoggingAspect - [AOP] Entering RewardService.redeemPoints
2026-06-18 12:33:33 [http-nio-8080-exec-3] INFO  c.b.transfer.service.RewardService - Redeeming 5000 reward points from account 1 for transaction 33754119-b3fd-4c8e-bef7-173548b5540a
2026-06-18 12:33:33 [http-nio-8080-exec-3] INFO  c.b.transfer.aspect.LoggingAspect - [AOP] Exiting RewardService.redeemPoints - Execution time: 1ms
2026-06-18 12:33:33 [http-nio-8080-exec-3] INFO  c.b.transfer.service.TransferService - Transfer completed successfully. Transaction ID: 33754119-b3fd-4c8e-bef7-173548b5540a
2026-06-18 12:33:33 [http-nio-8080-exec-3] INFO  c.b.transfer.aspect.LoggingAspect - [AOP] Exiting TransferService.transfer - Execution time: 7ms
2026-06-18 12:33:35 [http-nio-8080-exec-10] INFO  c.b.transfer.aspect.LoggingAspect - [AOP] Entering RewardService.getRewardSummary
2026-06-18 12:33:35 [http-nio-8080-exec-9] INFO  c.b.transfer.aspect.LoggingAspect - [AOP] Entering AccountService.getAccountResponse
2026-06-18 12:33:35 [http-nio-8080-exec-9] INFO  c.b.transfer.aspect.LoggingAspect - [AOP] Exiting AccountService.getAccountResponse - Execution time: 1ms
2026-06-18 12:33:35 [http-nio-8080-exec-10] INFO  c.b.transfer.aspect.LoggingAspect - [AOP] Exiting RewardService.getRewardSummary - Execution time: 4ms
2026-06-18 12:33:46 [http-nio-8080-exec-2] INFO  c.b.transfer.aspect.LoggingAspect - [AOP] Entering AccountService.login
2026-06-18 12:33:46 [http-nio-8080-exec-2] INFO  c.b.transfer.service.AccountService - Login attempt for username: Kartikey
2026-06-18 12:33:46 [http-nio-8080-exec-2] INFO  c.b.transfer.service.AccountService - Login successful for username: Kartikey
2026-06-18 12:33:46 [http-nio-8080-exec-2] INFO  c.b.transfer.aspect.LoggingAspect - [AOP] Exiting AccountService.login - Execution time: 62ms
2026-06-18 12:33:46 [http-nio-8080-exec-1] INFO  c.b.transfer.aspect.LoggingAspect - [AOP] Entering AccountService.getAccountResponse
2026-06-18 12:33:46 [http-nio-8080-exec-7] INFO  c.b.transfer.aspect.LoggingAspect - [AOP] Entering RewardService.getRewardSummary
2026-06-18 12:33:46 [http-nio-8080-exec-1] INFO  c.b.transfer.aspect.LoggingAspect - [AOP] Exiting AccountService.getAccountResponse - Execution time: 1ms
2026-06-18 12:33:46 [http-nio-8080-exec-7] INFO  c.b.transfer.aspect.LoggingAspect - [AOP] Exiting RewardService.getRewardSummary - Execution time: 5ms
2026-06-18 12:34:18 [http-nio-8080-exec-4] INFO  c.b.transfer.aspect.LoggingAspect - [AOP] Entering RewardService.getRewardSummary
2026-06-18 12:34:18 [http-nio-8080-exec-4] INFO  c.b.transfer.aspect.LoggingAspect - [AOP] Exiting RewardService.getRewardSummary - Execution time: 3ms
2026-06-18 12:34:24 [http-nio-8080-exec-5] INFO  c.b.transfer.aspect.LoggingAspect - [AOP] Entering TransferService.transfer
2026-06-18 12:34:24 [http-nio-8080-exec-5] INFO  c.b.transfer.service.TransferService - Processing transfer from 2 to 1 for amount 1000000 via ACCOUNT
2026-06-18 12:34:24 [http-nio-8080-exec-5] INFO  c.b.transfer.aspect.LoggingAspect - [AOP] Entering RewardService.processReward
2026-06-18 12:34:24 [http-nio-8080-exec-5] INFO  c.b.transfer.service.RewardService - Reward granted: 10000 points to account 2 for transaction a027ea17-11d5-406b-af22-f24b0386263c
2026-06-18 12:34:24 [http-nio-8080-exec-5] INFO  c.b.transfer.aspect.LoggingAspect - [AOP] Exiting RewardService.processReward - Execution time: 4ms
2026-06-18 12:34:24 [http-nio-8080-exec-5] INFO  c.b.transfer.service.TransferService - Transfer completed successfully. Transaction ID: a027ea17-11d5-406b-af22-f24b0386263c
2026-06-18 12:34:24 [http-nio-8080-exec-5] INFO  c.b.transfer.aspect.LoggingAspect - [AOP] Exiting TransferService.transfer - Execution time: 7ms
2026-06-18 12:34:29 [http-nio-8080-exec-6] INFO  c.b.transfer.aspect.LoggingAspect - [AOP] Entering AccountService.login
2026-06-18 12:34:29 [http-nio-8080-exec-6] INFO  c.b.transfer.service.AccountService - Login attempt for username: KSI
2026-06-18 12:34:29 [http-nio-8080-exec-6] INFO  c.b.transfer.service.AccountService - Login successful for username: KSI
2026-06-18 12:34:29 [http-nio-8080-exec-6] INFO  c.b.transfer.aspect.LoggingAspect - [AOP] Exiting AccountService.login - Execution time: 61ms
2026-06-18 12:34:29 [http-nio-8080-exec-8] INFO  c.b.transfer.aspect.LoggingAspect - [AOP] Entering AccountService.getAccountResponse
2026-06-18 12:34:29 [http-nio-8080-exec-3] INFO  c.b.transfer.aspect.LoggingAspect - [AOP] Entering RewardService.getRewardSummary
2026-06-18 12:34:29 [http-nio-8080-exec-8] INFO  c.b.transfer.aspect.LoggingAspect - [AOP] Exiting AccountService.getAccountResponse - Execution time: 2ms
2026-06-18 12:34:29 [http-nio-8080-exec-3] INFO  c.b.transfer.aspect.LoggingAspect - [AOP] Exiting RewardService.getRewardSummary - Execution time: 3ms
2026-06-18 12:34:50 [http-nio-8080-exec-9] INFO  c.b.transfer.aspect.LoggingAspect - [AOP] Entering AccountService.login
2026-06-18 12:34:50 [http-nio-8080-exec-9] INFO  c.b.transfer.service.AccountService - Login attempt for username: Kartikey
2026-06-18 12:34:50 [http-nio-8080-exec-9] INFO  c.b.transfer.service.AccountService - Login successful for username: Kartikey
2026-06-18 12:34:50 [http-nio-8080-exec-9] INFO  c.b.transfer.aspect.LoggingAspect - [AOP] Exiting AccountService.login - Execution time: 62ms
2026-06-18 12:34:50 [http-nio-8080-exec-2] INFO  c.b.transfer.aspect.LoggingAspect - [AOP] Entering RewardService.getRewardSummary
2026-06-18 12:34:50 [http-nio-8080-exec-10] INFO  c.b.transfer.aspect.LoggingAspect - [AOP] Entering AccountService.getAccountResponse
2026-06-18 12:34:50 [http-nio-8080-exec-10] INFO  c.b.transfer.aspect.LoggingAspect - [AOP] Exiting AccountService.getAccountResponse - Execution time: 1ms
2026-06-18 12:34:50 [http-nio-8080-exec-2] INFO  c.b.transfer.aspect.LoggingAspect - [AOP] Exiting RewardService.getRewardSummary - Execution time: 2ms
2026-06-18 12:36:07 [http-nio-8080-exec-4] INFO  c.b.transfer.aspect.LoggingAspect - [AOP] Entering RewardService.getRewardSummary
2026-06-18 12:36:07 [http-nio-8080-exec-4] INFO  c.b.transfer.aspect.LoggingAspect - [AOP] Exiting RewardService.getRewardSummary - Execution time: 3ms
2026-06-18 12:42:31 [http-nio-8080-exec-8] INFO  c.b.transfer.aspect.LoggingAspect - [AOP] Entering AccountService.getTransactions
2026-06-18 12:42:31 [http-nio-8080-exec-8] INFO  c.b.transfer.aspect.LoggingAspect - [AOP] Exiting AccountService.getTransactions - Execution time: 5ms
2026-06-18 12:42:33 [http-nio-8080-exec-3] INFO  c.b.transfer.aspect.LoggingAspect - [AOP] Entering RewardService.getRewardSummary
2026-06-18 12:42:33 [http-nio-8080-exec-3] INFO  c.b.transfer.aspect.LoggingAspect - [AOP] Exiting RewardService.getRewardSummary - Execution time: 3ms
2026-06-18 12:42:36 [http-nio-8080-exec-9] INFO  c.b.transfer.aspect.LoggingAspect - [AOP] Entering RewardService.getRewardSummary
2026-06-18 12:42:36 [http-nio-8080-exec-9] INFO  c.b.transfer.aspect.LoggingAspect - [AOP] Exiting RewardService.getRewardSummary - Execution time: 3ms
2026-06-18 12:42:38 [http-nio-8080-exec-2] INFO  c.b.transfer.aspect.LoggingAspect - [AOP] Entering RewardService.getRewardSummary
2026-06-18 12:42:38 [http-nio-8080-exec-10] INFO  c.b.transfer.aspect.LoggingAspect - [AOP] Entering AccountService.getAccountResponse
2026-06-18 12:42:38 [http-nio-8080-exec-10] INFO  c.b.transfer.aspect.LoggingAspect - [AOP] Exiting AccountService.getAccountResponse - Execution time: 1ms
2026-06-18 12:42:38 [http-nio-8080-exec-2] INFO  c.b.transfer.aspect.LoggingAspect - [AOP] Exiting RewardService.getRewardSummary - Execution time: 2ms
2026-06-18 12:43:01 [http-nio-8080-exec-1] INFO  c.b.transfer.aspect.LoggingAspect - [AOP] Entering RewardService.getRewardSummary
2026-06-18 12:43:01 [http-nio-8080-exec-1] INFO  c.b.transfer.aspect.LoggingAspect - [AOP] Exiting RewardService.getRewardSummary - Execution time: 4ms
2026-06-18 12:43:03 [http-nio-8080-exec-7] INFO  c.b.transfer.aspect.LoggingAspect - [AOP] Entering AccountService.getAccountResponse
2026-06-18 12:43:03 [http-nio-8080-exec-4] INFO  c.b.transfer.aspect.LoggingAspect - [AOP] Entering RewardService.getRewardSummary
2026-06-18 12:43:03 [http-nio-8080-exec-7] INFO  c.b.transfer.aspect.LoggingAspect - [AOP] Exiting AccountService.getAccountResponse - Execution time: 1ms
2026-06-18 12:43:03 [http-nio-8080-exec-4] INFO  c.b.transfer.aspect.LoggingAspect - [AOP] Exiting RewardService.getRewardSummary - Execution time: 2ms
2026-06-18 12:43:04 [http-nio-8080-exec-5] INFO  c.b.transfer.aspect.LoggingAspect - [AOP] Entering AccountService.getTransactions
2026-06-18 12:43:04 [http-nio-8080-exec-5] INFO  c.b.transfer.aspect.LoggingAspect - [AOP] Exiting AccountService.getTransactions - Execution time: 3ms
2026-06-18 12:43:05 [http-nio-8080-exec-6] INFO  c.b.transfer.aspect.LoggingAspect - [AOP] Entering AccountService.getAccountResponse
2026-06-18 12:43:05 [http-nio-8080-exec-8] INFO  c.b.transfer.aspect.LoggingAspect - [AOP] Entering RewardService.getRewardSummary
2026-06-18 12:43:05 [http-nio-8080-exec-6] INFO  c.b.transfer.aspect.LoggingAspect - [AOP] Exiting AccountService.getAccountResponse - Execution time: 1ms
2026-06-18 12:43:05 [http-nio-8080-exec-8] INFO  c.b.transfer.aspect.LoggingAspect - [AOP] Exiting RewardService.getRewardSummary - Execution time: 3ms
2026-06-18 12:43:06 [http-nio-8080-exec-3] INFO  c.b.transfer.aspect.LoggingAspect - [AOP] Entering RewardService.getRewardSummary
2026-06-18 12:43:06 [http-nio-8080-exec-3] INFO  c.b.transfer.aspect.LoggingAspect - [AOP] Exiting RewardService.getRewardSummary - Execution time: 2ms
2026-06-18 12:49:15 [http-nio-8080-exec-2] INFO  c.b.transfer.aspect.LoggingAspect - [AOP] Entering AccountService.login
2026-06-18 12:49:15 [http-nio-8080-exec-2] INFO  c.b.transfer.service.AccountService - Login attempt for username: Kartikey
2026-06-18 12:49:15 [http-nio-8080-exec-2] INFO  c.b.transfer.service.AccountService - Login successful for username: Kartikey
2026-06-18 12:49:15 [http-nio-8080-exec-2] INFO  c.b.transfer.aspect.LoggingAspect - [AOP] Exiting AccountService.login - Execution time: 62ms
2026-06-18 12:49:15 [http-nio-8080-exec-1] INFO  c.b.transfer.aspect.LoggingAspect - [AOP] Entering AccountService.getAccountResponse
2026-06-18 12:49:15 [http-nio-8080-exec-7] INFO  c.b.transfer.aspect.LoggingAspect - [AOP] Entering RewardService.getRewardSummary
2026-06-18 12:49:15 [http-nio-8080-exec-1] INFO  c.b.transfer.aspect.LoggingAspect - [AOP] Exiting AccountService.getAccountResponse - Execution time: 1ms
2026-06-18 12:49:15 [http-nio-8080-exec-7] INFO  c.b.transfer.aspect.LoggingAspect - [AOP] Exiting RewardService.getRewardSummary - Execution time: 2ms
2026-06-18 12:49:29 [http-nio-8080-exec-4] INFO  c.b.transfer.aspect.LoggingAspect - [AOP] Entering AccountService.createAccount
2026-06-18 12:49:29 [http-nio-8080-exec-4] INFO  c.b.transfer.service.AccountService - Creating account for username: Kartikey
2026-06-18 12:49:29 [http-nio-8080-exec-4] ERROR c.b.transfer.aspect.LoggingAspect - [AOP] Exception in AccountService.createAccount after 3ms: Username 'Kartikey' is already taken
2026-06-18 12:49:29 [http-nio-8080-exec-4] ERROR c.b.t.e.GlobalExceptionHandler - Duplicate username: Username 'Kartikey' is already taken
2026-06-18 12:49:46 [http-nio-8080-exec-5] ERROR c.b.t.e.GlobalExceptionHandler - Validation failed: initialBalance: Balance must be a valid number
2026-06-18 12:49:51 [http-nio-8080-exec-6] INFO  c.b.transfer.aspect.LoggingAspect - [AOP] Entering AccountService.createAccount
2026-06-18 12:49:51 [http-nio-8080-exec-6] INFO  c.b.transfer.service.AccountService - Creating account for username: Kartikeya
2026-06-18 12:49:51 [http-nio-8080-exec-6] INFO  c.b.transfer.service.AccountService - Account created successfully with ID: 3
2026-06-18 12:49:51 [http-nio-8080-exec-6] INFO  c.b.transfer.aspect.LoggingAspect - [AOP] Exiting AccountService.createAccount - Execution time: 66ms
2026-06-18 12:49:58 [http-nio-8080-exec-8] INFO  c.b.transfer.aspect.LoggingAspect - [AOP] Entering AccountService.login
2026-06-18 12:49:58 [http-nio-8080-exec-8] INFO  c.b.transfer.service.AccountService - Login attempt for username: Kartikeya
2026-06-18 12:49:58 [http-nio-8080-exec-8] INFO  c.b.transfer.service.AccountService - Login successful for username: Kartikeya
2026-06-18 12:49:58 [http-nio-8080-exec-8] INFO  c.b.transfer.aspect.LoggingAspect - [AOP] Exiting AccountService.login - Execution time: 60ms
2026-06-18 12:49:58 [http-nio-8080-exec-2] INFO  c.b.transfer.aspect.LoggingAspect - [AOP] Entering RewardService.getRewardSummary
2026-06-18 12:49:58 [http-nio-8080-exec-10] INFO  c.b.transfer.aspect.LoggingAspect - [AOP] Entering AccountService.getAccountResponse
2026-06-18 12:49:58 [http-nio-8080-exec-10] INFO  c.b.transfer.aspect.LoggingAspect - [AOP] Exiting AccountService.getAccountResponse - Execution time: 1ms
2026-06-18 12:49:58 [http-nio-8080-exec-2] INFO  c.b.transfer.aspect.LoggingAspect - [AOP] Exiting RewardService.getRewardSummary - Execution time: 3ms
2026-06-18 12:50:04 [http-nio-8080-exec-1] INFO  c.b.transfer.aspect.LoggingAspect - [AOP] Entering RewardService.getRewardSummary
2026-06-18 12:50:04 [http-nio-8080-exec-1] INFO  c.b.transfer.aspect.LoggingAspect - [AOP] Exiting RewardService.getRewardSummary - Execution time: 2ms
2026-06-18 12:50:08 [http-nio-8080-exec-7] INFO  c.b.transfer.aspect.LoggingAspect - [AOP] Entering RewardService.getRewardSummary
2026-06-18 12:50:08 [http-nio-8080-exec-7] INFO  c.b.transfer.aspect.LoggingAspect - [AOP] Exiting RewardService.getRewardSummary - Execution time: 2ms
2026-06-18 12:50:10 [http-nio-8080-exec-5] INFO  c.b.transfer.aspect.LoggingAspect - [AOP] Entering RewardService.getRewardSummary
2026-06-18 12:50:10 [http-nio-8080-exec-4] INFO  c.b.transfer.aspect.LoggingAspect - [AOP] Entering AccountService.getAccountResponse
2026-06-18 12:50:10 [http-nio-8080-exec-4] INFO  c.b.transfer.aspect.LoggingAspect - [AOP] Exiting AccountService.getAccountResponse - Execution time: 1ms
2026-06-18 12:50:10 [http-nio-8080-exec-5] INFO  c.b.transfer.aspect.LoggingAspect - [AOP] Exiting RewardService.getRewardSummary - Execution time: 2ms
2026-06-18 12:50:11 [http-nio-8080-exec-8] INFO  c.b.transfer.aspect.LoggingAspect - [AOP] Entering AccountService.getTransactions
2026-06-18 12:50:11 [http-nio-8080-exec-8] INFO  c.b.transfer.aspect.LoggingAspect - [AOP] Exiting AccountService.getTransactions - Execution time: 2ms
2026-06-18 12:50:14 [http-nio-8080-exec-3] INFO  c.b.transfer.aspect.LoggingAspect - [AOP] Entering AccountService.getAccountResponse
2026-06-18 12:50:14 [http-nio-8080-exec-9] INFO  c.b.transfer.aspect.LoggingAspect - [AOP] Entering RewardService.getRewardSummary
2026-06-18 12:50:14 [http-nio-8080-exec-3] INFO  c.b.transfer.aspect.LoggingAspect - [AOP] Exiting AccountService.getAccountResponse - Execution time: 1ms
2026-06-18 12:50:14 [http-nio-8080-exec-9] INFO  c.b.transfer.aspect.LoggingAspect - [AOP] Exiting RewardService.getRewardSummary - Execution time: 2ms
2026-06-18 12:50:14 [http-nio-8080-exec-10] INFO  c.b.transfer.aspect.LoggingAspect - [AOP] Entering RewardService.getRewardSummary
2026-06-18 12:50:14 [http-nio-8080-exec-10] INFO  c.b.transfer.aspect.LoggingAspect - [AOP] Exiting RewardService.getRewardSummary - Execution time: 2ms
2026-06-18 12:50:16 [http-nio-8080-exec-1] INFO  c.b.transfer.aspect.LoggingAspect - [AOP] Entering RewardService.getRewardSummary
2026-06-18 12:50:16 [http-nio-8080-exec-2] INFO  c.b.transfer.aspect.LoggingAspect - [AOP] Entering AccountService.getAccountResponse
2026-06-18 12:50:16 [http-nio-8080-exec-2] INFO  c.b.transfer.aspect.LoggingAspect - [AOP] Exiting AccountService.getAccountResponse - Execution time: 0ms
2026-06-18 12:50:16 [http-nio-8080-exec-1] INFO  c.b.transfer.aspect.LoggingAspect - [AOP] Exiting RewardService.getRewardSummary - Execution time: 1ms
2026-06-18 12:50:21 [http-nio-8080-exec-7] INFO  c.b.transfer.aspect.LoggingAspect - [AOP] Entering AccountService.login
2026-06-18 12:50:21 [http-nio-8080-exec-7] INFO  c.b.transfer.service.AccountService - Login attempt for username: Kartikey
2026-06-18 12:50:22 [http-nio-8080-exec-7] INFO  c.b.transfer.service.AccountService - Login successful for username: Kartikey
2026-06-18 12:50:22 [http-nio-8080-exec-7] INFO  c.b.transfer.aspect.LoggingAspect - [AOP] Exiting AccountService.login - Execution time: 61ms
2026-06-18 12:50:22 [http-nio-8080-exec-5] INFO  c.b.transfer.aspect.LoggingAspect - [AOP] Entering RewardService.getRewardSummary
2026-06-18 12:50:22 [http-nio-8080-exec-4] INFO  c.b.transfer.aspect.LoggingAspect - [AOP] Entering AccountService.getAccountResponse
2026-06-18 12:50:22 [http-nio-8080-exec-4] INFO  c.b.transfer.aspect.LoggingAspect - [AOP] Exiting AccountService.getAccountResponse - Execution time: 1ms
2026-06-18 12:50:22 [http-nio-8080-exec-5] INFO  c.b.transfer.aspect.LoggingAspect - [AOP] Exiting RewardService.getRewardSummary - Execution time: 2ms
2026-06-18 13:56:30 [http-nio-8080-exec-9] INFO  c.b.transfer.aspect.LoggingAspect - [AOP] Entering AccountService.login
2026-06-18 13:56:30 [http-nio-8080-exec-9] INFO  c.b.transfer.service.AccountService - Login attempt for username: Kartikey
2026-06-18 13:56:30 [http-nio-8080-exec-9] INFO  c.b.transfer.service.AccountService - Login successful for username: Kartikey
2026-06-18 13:56:30 [http-nio-8080-exec-9] INFO  c.b.transfer.aspect.LoggingAspect - [AOP] Exiting AccountService.login - Execution time: 62ms
2026-06-18 13:56:30 [http-nio-8080-exec-1] INFO  c.b.transfer.aspect.LoggingAspect - [AOP] Entering RewardService.getRewardSummary
2026-06-18 13:56:30 [http-nio-8080-exec-7] INFO  c.b.transfer.aspect.LoggingAspect - [AOP] Entering AccountService.getAccountResponse
2026-06-18 13:56:30 [http-nio-8080-exec-1] INFO  c.b.transfer.aspect.LoggingAspect - [AOP] Exiting RewardService.getRewardSummary - Execution time: 3ms
2026-06-18 13:56:30 [http-nio-8080-exec-7] INFO  c.b.transfer.aspect.LoggingAspect - [AOP] Exiting AccountService.getAccountResponse - Execution time: 1ms
2026-06-18 13:56:32 [http-nio-8080-exec-4] INFO  c.b.transfer.aspect.LoggingAspect - [AOP] Entering RewardService.getRewardSummary
2026-06-18 13:56:32 [http-nio-8080-exec-4] INFO  c.b.transfer.aspect.LoggingAspect - [AOP] Exiting RewardService.getRewardSummary - Execution time: 2ms
2026-06-18 13:56:40 [http-nio-8080-exec-6] INFO  c.b.transfer.aspect.LoggingAspect - [AOP] Entering AccountService.getTransactions
2026-06-18 13:56:40 [http-nio-8080-exec-6] INFO  c.b.transfer.aspect.LoggingAspect - [AOP] Exiting AccountService.getTransactions - Execution time: 2ms
2026-06-18 13:56:40 [http-nio-8080-exec-8] INFO  c.b.transfer.aspect.LoggingAspect - [AOP] Entering RewardService.getRewardSummary
2026-06-18 13:56:40 [http-nio-8080-exec-8] INFO  c.b.transfer.aspect.LoggingAspect - [AOP] Exiting RewardService.getRewardSummary - Execution time: 3ms
2026-06-18 13:56:44 [http-nio-8080-exec-3] INFO  c.b.transfer.aspect.LoggingAspect - [AOP] Entering AccountService.getTransactions
2026-06-18 13:56:44 [http-nio-8080-exec-3] INFO  c.b.transfer.aspect.LoggingAspect - [AOP] Exiting AccountService.getTransactions - Execution time: 2ms
2026-06-18 13:56:46 [http-nio-8080-exec-9] INFO  c.b.transfer.aspect.LoggingAspect - [AOP] Entering RewardService.getRewardSummary
2026-06-18 13:56:46 [http-nio-8080-exec-9] INFO  c.b.transfer.aspect.LoggingAspect - [AOP] Exiting RewardService.getRewardSummary - Execution time: 2ms
2026-06-18 13:56:55 [http-nio-8080-exec-2] INFO  c.b.transfer.aspect.LoggingAspect - [AOP] Entering RewardService.getRewardSummary
2026-06-18 13:56:55 [http-nio-8080-exec-2] INFO  c.b.transfer.aspect.LoggingAspect - [AOP] Exiting RewardService.getRewardSummary - Execution time: 5ms
2026-06-18 13:57:07 [http-nio-8080-exec-7] INFO  c.b.transfer.aspect.LoggingAspect - [AOP] Entering RewardService.getRewardSummary
2026-06-18 13:57:07 [http-nio-8080-exec-10] INFO  c.b.transfer.aspect.LoggingAspect - [AOP] Entering AccountService.getAccountResponse
2026-06-18 13:57:07 [http-nio-8080-exec-10] INFO  c.b.transfer.aspect.LoggingAspect - [AOP] Exiting AccountService.getAccountResponse - Execution time: 1ms
2026-06-18 13:57:07 [http-nio-8080-exec-7] INFO  c.b.transfer.aspect.LoggingAspect - [AOP] Exiting RewardService.getRewardSummary - Execution time: 6ms
2026-06-18 13:57:58 [http-nio-8080-exec-1] INFO  c.b.transfer.aspect.LoggingAspect - [AOP] Entering RewardService.getRewardSummary
2026-06-18 13:57:58 [http-nio-8080-exec-1] INFO  c.b.transfer.aspect.LoggingAspect - [AOP] Exiting RewardService.getRewardSummary - Execution time: 2ms
2026-06-18 14:02:36 [http-nio-8080-exec-8] INFO  c.b.transfer.aspect.LoggingAspect - [AOP] Entering RewardService.getRewardSummary
2026-06-18 14:02:36 [http-nio-8080-exec-6] INFO  c.b.transfer.aspect.LoggingAspect - [AOP] Entering AccountService.getAccountResponse
2026-06-18 14:02:36 [http-nio-8080-exec-6] INFO  c.b.transfer.aspect.LoggingAspect - [AOP] Exiting AccountService.getAccountResponse - Execution time: 1ms
2026-06-18 14:02:36 [http-nio-8080-exec-8] INFO  c.b.transfer.aspect.LoggingAspect - [AOP] Exiting RewardService.getRewardSummary - Execution time: 3ms
2026-06-18 14:02:37 [http-nio-8080-exec-3] INFO  c.b.transfer.aspect.LoggingAspect - [AOP] Entering RewardService.getRewardSummary
2026-06-18 14:02:37 [http-nio-8080-exec-3] INFO  c.b.transfer.aspect.LoggingAspect - [AOP] Exiting RewardService.getRewardSummary - Execution time: 3ms
2026-06-18 14:03:41 [http-nio-8080-exec-10] INFO  c.b.transfer.aspect.LoggingAspect - [AOP] Entering AccountService.login
2026-06-18 14:03:41 [http-nio-8080-exec-10] INFO  c.b.transfer.service.AccountService - Login attempt for username: Kartikey
2026-06-18 14:03:41 [http-nio-8080-exec-10] INFO  c.b.transfer.service.AccountService - Login successful for username: Kartikey
2026-06-18 14:03:41 [http-nio-8080-exec-10] INFO  c.b.transfer.aspect.LoggingAspect - [AOP] Exiting AccountService.login - Execution time: 65ms
2026-06-18 14:03:42 [http-nio-8080-exec-1] INFO  c.b.transfer.aspect.LoggingAspect - [AOP] Entering RewardService.getRewardSummary
2026-06-18 14:03:42 [http-nio-8080-exec-7] INFO  c.b.transfer.aspect.LoggingAspect - [AOP] Entering AccountService.getAccountResponse
2026-06-18 14:03:42 [http-nio-8080-exec-7] INFO  c.b.transfer.aspect.LoggingAspect - [AOP] Exiting AccountService.getAccountResponse - Execution time: 1ms
2026-06-18 14:03:42 [http-nio-8080-exec-1] INFO  c.b.transfer.aspect.LoggingAspect - [AOP] Exiting RewardService.getRewardSummary - Execution time: 2ms
2026-06-18 14:03:44 [http-nio-8080-exec-4] INFO  c.b.transfer.aspect.LoggingAspect - [AOP] Entering RewardService.getRewardSummary
2026-06-18 14:03:44 [http-nio-8080-exec-4] INFO  c.b.transfer.aspect.LoggingAspect - [AOP] Exiting RewardService.getRewardSummary - Execution time: 2ms
2026-06-18 14:03:45 [http-nio-8080-exec-5] INFO  c.b.transfer.aspect.LoggingAspect - [AOP] Entering AccountService.getAccountResponse
2026-06-18 14:03:45 [http-nio-8080-exec-6] INFO  c.b.transfer.aspect.LoggingAspect - [AOP] Entering RewardService.getRewardSummary
2026-06-18 14:03:45 [http-nio-8080-exec-5] INFO  c.b.transfer.aspect.LoggingAspect - [AOP] Exiting AccountService.getAccountResponse - Execution time: 1ms
2026-06-18 14:03:45 [http-nio-8080-exec-6] INFO  c.b.transfer.aspect.LoggingAspect - [AOP] Exiting RewardService.getRewardSummary - Execution time: 2ms
2026-06-18 14:03:47 [http-nio-8080-exec-8] INFO  c.b.transfer.aspect.LoggingAspect - [AOP] Entering RewardService.getRewardSummary
2026-06-18 14:03:47 [http-nio-8080-exec-8] INFO  c.b.transfer.aspect.LoggingAspect - [AOP] Exiting RewardService.getRewardSummary - Execution time: 2ms
2026-06-18 14:14:58 [http-nio-8080-exec-2] INFO  c.b.transfer.aspect.LoggingAspect - [AOP] Entering RewardService.getRewardSummary
2026-06-18 14:14:58 [http-nio-8080-exec-2] INFO  c.b.transfer.aspect.LoggingAspect - [AOP] Exiting RewardService.getRewardSummary - Execution time: 2ms
2026-06-18 14:16:15 [http-nio-8080-exec-1] INFO  c.b.transfer.aspect.LoggingAspect - [AOP] Entering TransferService.transfer
2026-06-18 14:16:15 [http-nio-8080-exec-1] INFO  c.b.transfer.service.TransferService - Processing transfer from 2 to 1 for amount 1000 via ACCOUNT
2026-06-18 14:16:15 [http-nio-8080-exec-1] INFO  c.b.transfer.aspect.LoggingAspect - [AOP] Entering RewardService.processReward
2026-06-18 14:16:15 [http-nio-8080-exec-1] INFO  c.b.transfer.service.RewardService - Reward granted: 10 points to account 2 for transaction b04dca19-62c7-44ea-ae11-cc635758daf5
2026-06-18 14:16:15 [http-nio-8080-exec-1] INFO  c.b.transfer.aspect.LoggingAspect - [AOP] Exiting RewardService.processReward - Execution time: 4ms
2026-06-18 14:16:15 [http-nio-8080-exec-1] INFO  c.b.transfer.service.TransferService - Transfer completed successfully. Transaction ID: b04dca19-62c7-44ea-ae11-cc635758daf5
2026-06-18 14:16:15 [http-nio-8080-exec-1] INFO  c.b.transfer.aspect.LoggingAspect - [AOP] Exiting TransferService.transfer - Execution time: 8ms
2026-06-18 14:16:17 [http-nio-8080-exec-5] INFO  c.b.transfer.aspect.LoggingAspect - [AOP] Entering RewardService.getRewardSummary
2026-06-18 14:16:17 [http-nio-8080-exec-4] INFO  c.b.transfer.aspect.LoggingAspect - [AOP] Entering AccountService.getAccountResponse
2026-06-18 14:16:17 [http-nio-8080-exec-5] INFO  c.b.transfer.aspect.LoggingAspect - [AOP] Exiting RewardService.getRewardSummary - Execution time: 2ms
2026-06-18 14:16:17 [http-nio-8080-exec-4] INFO  c.b.transfer.aspect.LoggingAspect - [AOP] Exiting AccountService.getAccountResponse - Execution time: 0ms
2026-06-18 14:16:21 [http-nio-8080-exec-6] INFO  c.b.transfer.aspect.LoggingAspect - [AOP] Entering RewardService.getRewardSummary
2026-06-18 14:16:21 [http-nio-8080-exec-6] INFO  c.b.transfer.aspect.LoggingAspect - [AOP] Exiting RewardService.getRewardSummary - Execution time: 3ms
2026-06-18 14:16:35 [http-nio-8080-exec-3] INFO  c.b.transfer.aspect.LoggingAspect - [AOP] Entering RewardService.getRewardSummary
2026-06-18 14:16:35 [http-nio-8080-exec-3] INFO  c.b.transfer.aspect.LoggingAspect - [AOP] Exiting RewardService.getRewardSummary - Execution time: 2ms
2026-06-18 14:16:35 [http-nio-8080-exec-8] INFO  c.b.transfer.aspect.LoggingAspect - [AOP] Entering AccountService.getAccountResponse
2026-06-18 14:16:35 [http-nio-8080-exec-8] INFO  c.b.transfer.aspect.LoggingAspect - [AOP] Exiting AccountService.getAccountResponse - Execution time: 2ms
2026-06-18 14:17:14 [SpringApplicationShutdownHook] INFO  o.s.o.j.LocalContainerEntityManagerFactoryBean - Closing JPA EntityManagerFactory for persistence unit 'default'
2026-06-18 14:17:14 [SpringApplicationShutdownHook] INFO  com.zaxxer.hikari.HikariDataSource - HikariPool-1 - Shutdown initiated...
2026-06-18 14:17:14 [SpringApplicationShutdownHook] INFO  com.zaxxer.hikari.HikariDataSource - HikariPool-1 - Shutdown completed.
2026-06-18 14:17:22 [background-preinit] INFO  o.h.validator.internal.util.Version - HV000001: Hibernate Validator 8.0.1.Final
2026-06-18 14:17:22 [main] INFO  c.b.t.MoneyTransferSystemApplication - Starting MoneyTransferSystemApplication using Java 17.0.12 with PID 9040 (C:\Users\user\Desktop\projects\mts\target\classes started by user in C:\Users\user\Desktop\projects\mts)
2026-06-18 14:17:22 [main] INFO  c.b.t.MoneyTransferSystemApplication - No active profile set, falling back to 1 default profile: "default"
2026-06-18 14:17:23 [main] INFO  o.s.d.r.c.RepositoryConfigurationDelegate - Bootstrapping Spring Data JPA repositories in DEFAULT mode.
2026-06-18 14:17:23 [main] INFO  o.s.d.r.c.RepositoryConfigurationDelegate - Finished Spring Data repository scanning in 30 ms. Found 3 JPA repository interfaces.
2026-06-18 14:17:23 [main] INFO  o.s.b.w.e.tomcat.TomcatWebServer - Tomcat initialized with port 8080 (http)
2026-06-18 14:17:23 [main] INFO  o.a.coyote.http11.Http11NioProtocol - Initializing ProtocolHandler ["http-nio-8080"]
2026-06-18 14:17:23 [main] INFO  o.a.catalina.core.StandardService - Starting service [Tomcat]
2026-06-18 14:17:23 [main] INFO  o.a.catalina.core.StandardEngine - Starting Servlet engine: [Apache Tomcat/10.1.18]
2026-06-18 14:17:23 [main] INFO  o.a.c.c.C.[Tomcat].[localhost].[/] - Initializing Spring embedded WebApplicationContext
2026-06-18 14:17:23 [main] INFO  o.s.b.w.s.c.ServletWebServerApplicationContext - Root WebApplicationContext: initialization completed in 1030 ms
2026-06-18 14:17:23 [main] INFO  com.zaxxer.hikari.HikariDataSource - HikariPool-1 - Starting...
2026-06-18 14:17:24 [main] INFO  com.zaxxer.hikari.pool.HikariPool - HikariPool-1 - Added connection conn0: url=jdbc:h2:mem:transferdb user=SA
2026-06-18 14:17:24 [main] INFO  com.zaxxer.hikari.HikariDataSource - HikariPool-1 - Start completed.
2026-06-18 14:17:24 [main] INFO  o.s.b.a.h.H2ConsoleAutoConfiguration - H2 console available at '/h2-console'. Database available at 'jdbc:h2:mem:transferdb'
2026-06-18 14:17:24 [main] INFO  o.h.jpa.internal.util.LogHelper - HHH000204: Processing PersistenceUnitInfo [name: default]
2026-06-18 14:17:24 [main] INFO  org.hibernate.Version - HHH000412: Hibernate ORM core version 6.4.1.Final
2026-06-18 14:17:24 [main] INFO  o.h.c.i.RegionFactoryInitiator - HHH000026: Second-level cache disabled
2026-06-18 14:17:24 [main] INFO  o.s.o.j.p.SpringPersistenceUnitInfo - No LoadTimeWeaver setup: ignoring JPA class transformer
2026-06-18 14:17:24 [main] WARN  org.hibernate.orm.deprecation - HHH90000025: H2Dialect does not need to be specified explicitly using 'hibernate.dialect' (remove the property setting and it will be selected by default)
2026-06-18 14:17:24 [main] INFO  o.h.e.t.j.p.i.JtaPlatformInitiator - HHH000489: No JTA platform available (set 'hibernate.transaction.jta.platform' to enable JTA platform integration)
2026-06-18 14:17:24 [main] INFO  o.s.o.j.LocalContainerEntityManagerFactoryBean - Initialized JPA EntityManagerFactory for persistence unit 'default'
2026-06-18 14:17:25 [main] INFO  o.s.d.j.r.query.QueryEnhancerFactory - Hibernate is in classpath; If applicable, HQL parser will be used.
2026-06-18 14:17:25 [main] WARN  o.s.b.a.o.j.JpaBaseConfiguration$JpaWebConfiguration - spring.jpa.open-in-view is enabled by default. Therefore, database queries may be performed during view rendering. Explicitly configure spring.jpa.open-in-view to disable this warning
2026-06-18 14:17:25 [main] INFO  o.s.b.a.e.web.EndpointLinksResolver - Exposing 1 endpoint(s) beneath base path '/actuator'
2026-06-18 14:17:25 [main] INFO  o.s.s.web.DefaultSecurityFilterChain - Will secure any request with [org.springframework.security.web.session.DisableEncodeUrlFilter@4f0e6be, org.springframework.security.web.context.request.async.WebAsyncManagerIntegrationFilter@59e5ecab, org.springframework.security.web.context.SecurityContextHolderFilter@223c1a82, org.springframework.security.web.header.HeaderWriterFilter@16bc97b9, org.springframework.web.filter.CorsFilter@79e0f00b, org.springframework.web.filter.CorsFilter@5623354e, org.springframework.security.web.authentication.logout.LogoutFilter@4ab0ebf0, org.springframework.security.web.authentication.www.BasicAuthenticationFilter@79b01476, org.springframework.security.web.savedrequest.RequestCacheAwareFilter@4e2860d3, org.springframework.security.web.servletapi.SecurityContextHolderAwareRequestFilter@4a28852d, org.springframework.security.web.authentication.AnonymousAuthenticationFilter@5565fc22, org.springframework.security.web.access.ExceptionTranslationFilter@75f1c170, org.springframework.security.web.access.intercept.AuthorizationFilter@84398a]
2026-06-18 14:17:26 [main] INFO  o.a.coyote.http11.Http11NioProtocol - Starting ProtocolHandler ["http-nio-8080"]
2026-06-18 14:17:26 [main] INFO  o.s.b.w.e.tomcat.TomcatWebServer - Tomcat started on port 8080 (http) with context path ''
2026-06-18 14:17:26 [main] INFO  c.b.t.MoneyTransferSystemApplication - Started MoneyTransferSystemApplication in 3.56 seconds (process running for 3.784)
2026-06-18 14:17:34 [http-nio-8080-exec-1] INFO  o.a.c.c.C.[Tomcat].[localhost].[/] - Initializing Spring DispatcherServlet 'dispatcherServlet'
2026-06-18 14:17:34 [http-nio-8080-exec-1] INFO  o.s.web.servlet.DispatcherServlet - Initializing Servlet 'dispatcherServlet'
2026-06-18 14:17:34 [http-nio-8080-exec-1] INFO  o.s.web.servlet.DispatcherServlet - Completed initialization in 2 ms
2026-06-18 14:17:58 [http-nio-8080-exec-5] INFO  c.b.transfer.aspect.LoggingAspect - [AOP] Entering AccountService.login
2026-06-18 14:17:58 [http-nio-8080-exec-5] INFO  c.b.transfer.service.AccountService - Login attempt for username: Kartikey
2026-06-18 14:17:58 [http-nio-8080-exec-5] ERROR c.b.transfer.aspect.LoggingAspect - [AOP] Exception in AccountService.login after 3ms: Invalid username or password
2026-06-18 14:17:58 [http-nio-8080-exec-5] ERROR c.b.t.e.GlobalExceptionHandler - Invalid credentials: Invalid username or password
2026-06-18 14:18:12 [http-nio-8080-exec-7] INFO  c.b.transfer.aspect.LoggingAspect - [AOP] Entering AccountService.createAccount
2026-06-18 14:18:12 [http-nio-8080-exec-7] INFO  c.b.transfer.service.AccountService - Creating account for username: Kartikey
2026-06-18 14:18:12 [http-nio-8080-exec-7] INFO  c.b.transfer.service.AccountService - Account created successfully with ID: 1
2026-06-18 14:18:12 [http-nio-8080-exec-7] INFO  c.b.transfer.aspect.LoggingAspect - [AOP] Exiting AccountService.createAccount - Execution time: 105ms
2026-06-18 14:18:28 [http-nio-8080-exec-9] INFO  c.b.transfer.aspect.LoggingAspect - [AOP] Entering AccountService.createAccount
2026-06-18 14:18:28 [http-nio-8080-exec-9] INFO  c.b.transfer.service.AccountService - Creating account for username: KSI
2026-06-18 14:18:28 [http-nio-8080-exec-9] INFO  c.b.transfer.service.AccountService - Account created successfully with ID: 2
2026-06-18 14:18:28 [http-nio-8080-exec-9] INFO  c.b.transfer.aspect.LoggingAspect - [AOP] Exiting AccountService.createAccount - Execution time: 64ms
2026-06-18 14:18:35 [http-nio-8080-exec-10] INFO  c.b.transfer.aspect.LoggingAspect - [AOP] Entering AccountService.login
2026-06-18 14:18:35 [http-nio-8080-exec-10] INFO  c.b.transfer.service.AccountService - Login attempt for username: Kartikey
2026-06-18 14:18:35 [http-nio-8080-exec-10] INFO  c.b.transfer.service.AccountService - Login successful for username: Kartikey
2026-06-18 14:18:35 [http-nio-8080-exec-10] INFO  c.b.transfer.aspect.LoggingAspect - [AOP] Exiting AccountService.login - Execution time: 66ms
2026-06-18 14:18:35 [http-nio-8080-exec-3] INFO  c.b.transfer.aspect.LoggingAspect - [AOP] Entering AccountService.getAccountResponse
2026-06-18 14:18:35 [http-nio-8080-exec-4] INFO  c.b.transfer.aspect.LoggingAspect - [AOP] Entering RewardService.getRewardSummary
2026-06-18 14:18:35 [http-nio-8080-exec-3] INFO  c.b.transfer.aspect.LoggingAspect - [AOP] Exiting AccountService.getAccountResponse - Execution time: 6ms
2026-06-18 14:18:35 [http-nio-8080-exec-4] INFO  c.b.transfer.aspect.LoggingAspect - [AOP] Exiting RewardService.getRewardSummary - Execution time: 14ms
2026-06-18 14:18:37 [http-nio-8080-exec-5] INFO  c.b.transfer.aspect.LoggingAspect - [AOP] Entering RewardService.getRewardSummary
2026-06-18 14:18:37 [http-nio-8080-exec-5] INFO  c.b.transfer.aspect.LoggingAspect - [AOP] Exiting RewardService.getRewardSummary - Execution time: 4ms
2026-06-18 14:18:44 [http-nio-8080-exec-6] INFO  c.b.transfer.aspect.LoggingAspect - [AOP] Entering TransferService.transfer
2026-06-18 14:18:44 [http-nio-8080-exec-6] INFO  c.b.transfer.service.TransferService - Processing transfer from 1 to 2 for total amount ₹1000. Reward redemption: false
2026-06-18 14:18:44 [http-nio-8080-exec-6] INFO  c.b.transfer.aspect.LoggingAspect - [AOP] Entering RewardService.processReward
2026-06-18 14:18:44 [http-nio-8080-exec-6] INFO  c.b.transfer.service.RewardService - Reward granted: 10 points to account 1 based on cash spend of ₹1000
2026-06-18 14:18:44 [http-nio-8080-exec-6] INFO  c.b.transfer.aspect.LoggingAspect - [AOP] Exiting RewardService.processReward - Execution time: 7ms
2026-06-18 14:18:44 [http-nio-8080-exec-6] INFO  c.b.transfer.aspect.LoggingAspect - [AOP] Exiting TransferService.transfer - Execution time: 15ms
2026-06-18 14:18:46 [http-nio-8080-exec-10] INFO  c.b.transfer.aspect.LoggingAspect - [AOP] Entering RewardService.getRewardSummary
2026-06-18 14:18:46 [http-nio-8080-exec-8] INFO  c.b.transfer.aspect.LoggingAspect - [AOP] Entering AccountService.getAccountResponse
2026-06-18 14:18:46 [http-nio-8080-exec-8] INFO  c.b.transfer.aspect.LoggingAspect - [AOP] Exiting AccountService.getAccountResponse - Execution time: 1ms
2026-06-18 14:18:46 [http-nio-8080-exec-10] INFO  c.b.transfer.aspect.LoggingAspect - [AOP] Exiting RewardService.getRewardSummary - Execution time: 5ms
2026-06-18 14:18:47 [http-nio-8080-exec-2] INFO  c.b.transfer.aspect.LoggingAspect - [AOP] Entering RewardService.getRewardSummary
2026-06-18 14:18:47 [http-nio-8080-exec-2] INFO  c.b.transfer.aspect.LoggingAspect - [AOP] Exiting RewardService.getRewardSummary - Execution time: 4ms
2026-06-18 14:35:45 [http-nio-8080-exec-5] INFO  c.b.transfer.aspect.LoggingAspect - [AOP] Entering AccountService.login
2026-06-18 14:35:45 [http-nio-8080-exec-5] INFO  c.b.transfer.service.AccountService - Login attempt for username: Kartikey
2026-06-18 14:35:45 [http-nio-8080-exec-5] INFO  c.b.transfer.service.AccountService - Login successful for username: Kartikey
2026-06-18 14:35:45 [http-nio-8080-exec-5] INFO  c.b.transfer.aspect.LoggingAspect - [AOP] Exiting AccountService.login - Execution time: 64ms
2026-06-18 14:35:45 [http-nio-8080-exec-7] INFO  c.b.transfer.aspect.LoggingAspect - [AOP] Entering RewardService.getRewardSummary
2026-06-18 14:35:45 [http-nio-8080-exec-6] INFO  c.b.transfer.aspect.LoggingAspect - [AOP] Entering AccountService.getAccountResponse
2026-06-18 14:35:45 [http-nio-8080-exec-6] INFO  c.b.transfer.aspect.LoggingAspect - [AOP] Exiting AccountService.getAccountResponse - Execution time: 1ms
2026-06-18 14:35:45 [http-nio-8080-exec-7] INFO  c.b.transfer.aspect.LoggingAspect - [AOP] Exiting RewardService.getRewardSummary - Execution time: 4ms
2026-06-18 14:35:47 [http-nio-8080-exec-9] INFO  c.b.transfer.aspect.LoggingAspect - [AOP] Entering RewardService.getRewardSummary
2026-06-18 14:35:47 [http-nio-8080-exec-9] INFO  c.b.transfer.aspect.LoggingAspect - [AOP] Exiting RewardService.getRewardSummary - Execution time: 3ms
2026-06-18 14:35:56 [http-nio-8080-exec-8] INFO  c.b.transfer.aspect.LoggingAspect - [AOP] Entering TransferService.transfer
2026-06-18 14:35:56 [http-nio-8080-exec-8] INFO  c.b.transfer.service.TransferService - Processing transfer from 1 to 2 for total amount ₹100. Reward redemption: true
2026-06-18 14:35:56 [http-nio-8080-exec-8] INFO  c.b.transfer.aspect.LoggingAspect - [AOP] Entering RewardService.getRewardSummary
2026-06-18 14:35:56 [http-nio-8080-exec-8] INFO  c.b.transfer.aspect.LoggingAspect - [AOP] Exiting RewardService.getRewardSummary - Execution time: 2ms
2026-06-18 14:35:56 [http-nio-8080-exec-8] INFO  c.b.transfer.aspect.LoggingAspect - [AOP] Entering RewardService.redeemPoints
2026-06-18 14:35:56 [http-nio-8080-exec-8] INFO  c.b.transfer.service.RewardService - Redeeming 10 reward points from account 1 for transaction a921babe-4ca5-4bc1-b657-d86e0a5e385c
2026-06-18 14:35:56 [http-nio-8080-exec-8] INFO  c.b.transfer.aspect.LoggingAspect - [AOP] Exiting RewardService.redeemPoints - Execution time: 1ms
2026-06-18 14:35:56 [http-nio-8080-exec-8] INFO  c.b.transfer.aspect.LoggingAspect - [AOP] Entering RewardService.processReward
2026-06-18 14:35:56 [http-nio-8080-exec-8] INFO  c.b.transfer.aspect.LoggingAspect - [AOP] Exiting RewardService.processReward - Execution time: 2ms
2026-06-18 14:35:56 [http-nio-8080-exec-8] INFO  c.b.transfer.aspect.LoggingAspect - [AOP] Exiting TransferService.transfer - Execution time: 10ms
2026-06-18 14:35:58 [http-nio-8080-exec-2] INFO  c.b.transfer.aspect.LoggingAspect - [AOP] Entering RewardService.getRewardSummary
2026-06-18 14:35:58 [http-nio-8080-exec-10] INFO  c.b.transfer.aspect.LoggingAspect - [AOP] Entering AccountService.getAccountResponse
2026-06-18 14:35:58 [http-nio-8080-exec-10] INFO  c.b.transfer.aspect.LoggingAspect - [AOP] Exiting AccountService.getAccountResponse - Execution time: 1ms
2026-06-18 14:35:58 [http-nio-8080-exec-2] INFO  c.b.transfer.aspect.LoggingAspect - [AOP] Exiting RewardService.getRewardSummary - Execution time: 3ms
2026-06-18 14:35:59 [http-nio-8080-exec-3] INFO  c.b.transfer.aspect.LoggingAspect - [AOP] Entering AccountService.getTransactions
2026-06-18 14:35:59 [http-nio-8080-exec-3] INFO  c.b.transfer.aspect.LoggingAspect - [AOP] Exiting AccountService.getTransactions - Execution time: 6ms
2026-06-18 14:36:00 [http-nio-8080-exec-4] INFO  c.b.transfer.aspect.LoggingAspect - [AOP] Entering AccountService.getAccountResponse
2026-06-18 14:36:00 [http-nio-8080-exec-4] INFO  c.b.transfer.aspect.LoggingAspect - [AOP] Exiting AccountService.getAccountResponse - Execution time: 1ms
2026-06-18 14:36:00 [http-nio-8080-exec-5] INFO  c.b.transfer.aspect.LoggingAspect - [AOP] Entering RewardService.getRewardSummary
2026-06-18 14:36:00 [http-nio-8080-exec-5] INFO  c.b.transfer.aspect.LoggingAspect - [AOP] Exiting RewardService.getRewardSummary - Execution time: 2ms
2026-06-18 14:36:01 [http-nio-8080-exec-6] INFO  c.b.transfer.aspect.LoggingAspect - [AOP] Entering RewardService.getRewardSummary
2026-06-18 14:36:01 [http-nio-8080-exec-6] INFO  c.b.transfer.aspect.LoggingAspect - [AOP] Exiting RewardService.getRewardSummary - Execution time: 3ms
2026-06-18 17:26:17 [http-nio-8080-exec-2] INFO  c.b.transfer.aspect.LoggingAspect - [AOP] Entering RewardService.getRewardSummary
2026-06-18 17:26:17 [http-nio-8080-exec-1] INFO  c.b.transfer.aspect.LoggingAspect - [AOP] Entering AccountService.getAccountResponse
2026-06-18 17:26:17 [http-nio-8080-exec-2] INFO  c.b.transfer.aspect.LoggingAspect - [AOP] Exiting RewardService.getRewardSummary - Execution time: 6ms
2026-06-18 17:26:17 [http-nio-8080-exec-1] INFO  c.b.transfer.aspect.LoggingAspect - [AOP] Exiting AccountService.getAccountResponse - Execution time: 11ms
2026-06-18 17:26:33 [http-nio-8080-exec-4] INFO  c.b.transfer.aspect.LoggingAspect - [AOP] Entering AccountService.login
2026-06-18 17:26:33 [http-nio-8080-exec-4] INFO  c.b.transfer.service.AccountService - Login attempt for username: Kartikey
2026-06-18 17:26:33 [http-nio-8080-exec-4] INFO  c.b.transfer.service.AccountService - Login successful for username: Kartikey
2026-06-18 17:26:33 [http-nio-8080-exec-4] INFO  c.b.transfer.aspect.LoggingAspect - [AOP] Exiting AccountService.login - Execution time: 61ms
2026-06-18 17:26:33 [http-nio-8080-exec-6] INFO  c.b.transfer.aspect.LoggingAspect - [AOP] Entering RewardService.getRewardSummary
2026-06-18 17:26:33 [http-nio-8080-exec-5] INFO  c.b.transfer.aspect.LoggingAspect - [AOP] Entering AccountService.getAccountResponse
2026-06-18 17:26:33 [http-nio-8080-exec-6] INFO  c.b.transfer.aspect.LoggingAspect - [AOP] Exiting RewardService.getRewardSummary - Execution time: 3ms
2026-06-18 17:26:33 [http-nio-8080-exec-5] INFO  c.b.transfer.aspect.LoggingAspect - [AOP] Exiting AccountService.getAccountResponse - Execution time: 2ms
2026-06-18 17:26:36 [http-nio-8080-exec-9] INFO  c.b.transfer.aspect.LoggingAspect - [AOP] Entering AccountService.getTransactions
2026-06-18 17:26:36 [http-nio-8080-exec-9] INFO  c.b.transfer.aspect.LoggingAspect - [AOP] Exiting AccountService.getTransactions - Execution time: 4ms
2026-06-18 17:26:38 [http-nio-8080-exec-8] INFO  c.b.transfer.aspect.LoggingAspect - [AOP] Entering AccountService.getAccountResponse
2026-06-18 17:26:38 [http-nio-8080-exec-10] INFO  c.b.transfer.aspect.LoggingAspect - [AOP] Entering RewardService.getRewardSummary
2026-06-18 17:26:38 [http-nio-8080-exec-8] INFO  c.b.transfer.aspect.LoggingAspect - [AOP] Exiting AccountService.getAccountResponse - Execution time: 1ms
2026-06-18 17:26:38 [http-nio-8080-exec-10] INFO  c.b.transfer.aspect.LoggingAspect - [AOP] Exiting RewardService.getRewardSummary - Execution time: 2ms
2026-06-18 17:26:46 [http-nio-8080-exec-2] INFO  c.b.transfer.aspect.LoggingAspect - [AOP] Entering RewardService.getRewardSummary
2026-06-18 17:26:46 [http-nio-8080-exec-2] INFO  c.b.transfer.aspect.LoggingAspect - [AOP] Exiting RewardService.getRewardSummary - Execution time: 3ms
2026-06-18 17:26:51 [http-nio-8080-exec-1] INFO  c.b.transfer.aspect.LoggingAspect - [AOP] Entering AccountService.getAccountResponse
2026-06-18 17:26:51 [http-nio-8080-exec-1] INFO  c.b.transfer.aspect.LoggingAspect - [AOP] Exiting AccountService.getAccountResponse - Execution time: 1ms
2026-06-18 17:26:51 [http-nio-8080-exec-3] INFO  c.b.transfer.aspect.LoggingAspect - [AOP] Entering RewardService.getRewardSummary
2026-06-18 17:26:51 [http-nio-8080-exec-3] INFO  c.b.transfer.aspect.LoggingAspect - [AOP] Exiting RewardService.getRewardSummary - Execution time: 3ms
2026-06-18 17:27:05 [http-nio-8080-exec-4] INFO  c.b.transfer.aspect.LoggingAspect - [AOP] Entering RewardService.getRewardSummary
2026-06-18 17:27:05 [http-nio-8080-exec-4] INFO  c.b.transfer.aspect.LoggingAspect - [AOP] Exiting RewardService.getRewardSummary - Execution time: 4ms
2026-06-18 17:27:26 [http-nio-8080-exec-5] INFO  c.b.transfer.aspect.LoggingAspect - [AOP] Entering TransferService.transfer
2026-06-18 17:27:26 [http-nio-8080-exec-5] INFO  c.b.transfer.service.TransferService - Processing transfer from 1 to 2 for total amount ₹100. Reward redemption: false
2026-06-18 17:27:26 [http-nio-8080-exec-5] INFO  c.b.transfer.aspect.LoggingAspect - [AOP] Entering RewardService.processReward
2026-06-18 17:27:26 [http-nio-8080-exec-5] INFO  c.b.transfer.aspect.LoggingAspect - [AOP] Exiting RewardService.processReward - Execution time: 1ms
2026-06-18 17:27:26 [http-nio-8080-exec-5] INFO  c.b.transfer.aspect.LoggingAspect - [AOP] Exiting TransferService.transfer - Execution time: 7ms
2026-06-18 17:27:28 [http-nio-8080-exec-7] INFO  c.b.transfer.aspect.LoggingAspect - [AOP] Entering AccountService.getAccountResponse
2026-06-18 17:27:28 [http-nio-8080-exec-9] INFO  c.b.transfer.aspect.LoggingAspect - [AOP] Entering RewardService.getRewardSummary
2026-06-18 17:27:28 [http-nio-8080-exec-7] INFO  c.b.transfer.aspect.LoggingAspect - [AOP] Exiting AccountService.getAccountResponse - Execution time: 1ms
2026-06-18 17:27:28 [http-nio-8080-exec-9] INFO  c.b.transfer.aspect.LoggingAspect - [AOP] Exiting RewardService.getRewardSummary - Execution time: 3ms
2026-06-18 17:27:29 [http-nio-8080-exec-8] INFO  c.b.transfer.aspect.LoggingAspect - [AOP] Entering RewardService.getRewardSummary
2026-06-18 17:27:29 [http-nio-8080-exec-8] INFO  c.b.transfer.aspect.LoggingAspect - [AOP] Exiting RewardService.getRewardSummary - Execution time: 3ms
2026-06-18 17:27:30 [http-nio-8080-exec-10] INFO  c.b.transfer.aspect.LoggingAspect - [AOP] Entering AccountService.getAccountResponse
2026-06-18 17:27:30 [http-nio-8080-exec-2] INFO  c.b.transfer.aspect.LoggingAspect - [AOP] Entering RewardService.getRewardSummary
2026-06-18 17:27:30 [http-nio-8080-exec-10] INFO  c.b.transfer.aspect.LoggingAspect - [AOP] Exiting AccountService.getAccountResponse - Execution time: 1ms
2026-06-18 17:27:30 [http-nio-8080-exec-2] INFO  c.b.transfer.aspect.LoggingAspect - [AOP] Exiting RewardService.getRewardSummary - Execution time: 2ms
2026-06-18 17:27:52 [SpringApplicationShutdownHook] INFO  o.s.o.j.LocalContainerEntityManagerFactoryBean - Closing JPA EntityManagerFactory for persistence unit 'default'
2026-06-18 17:27:52 [SpringApplicationShutdownHook] INFO  com.zaxxer.hikari.HikariDataSource - HikariPool-1 - Shutdown initiated...
2026-06-18 17:27:52 [SpringApplicationShutdownHook] INFO  com.zaxxer.hikari.HikariDataSource - HikariPool-1 - Shutdown completed.
2026-06-18 17:27:54 [background-preinit] INFO  o.h.validator.internal.util.Version - HV000001: Hibernate Validator 8.0.1.Final
2026-06-18 17:27:54 [main] INFO  c.b.t.MoneyTransferSystemApplication - Starting MoneyTransferSystemApplication using Java 17.0.12 with PID 6600 (C:\Users\user\Desktop\projects\mts\target\classes started by user in C:\Users\user\Desktop\projects\mts)
2026-06-18 17:27:54 [main] INFO  c.b.t.MoneyTransferSystemApplication - No active profile set, falling back to 1 default profile: "default"
2026-06-18 17:27:55 [main] INFO  o.s.d.r.c.RepositoryConfigurationDelegate - Bootstrapping Spring Data JPA repositories in DEFAULT mode.
2026-06-18 17:27:55 [main] INFO  o.s.d.r.c.RepositoryConfigurationDelegate - Finished Spring Data repository scanning in 31 ms. Found 3 JPA repository interfaces.
2026-06-18 17:27:56 [main] INFO  o.s.b.w.e.tomcat.TomcatWebServer - Tomcat initialized with port 8080 (http)
2026-06-18 17:27:56 [main] INFO  o.a.coyote.http11.Http11NioProtocol - Initializing ProtocolHandler ["http-nio-8080"]
2026-06-18 17:27:56 [main] INFO  o.a.catalina.core.StandardService - Starting service [Tomcat]
2026-06-18 17:27:56 [main] INFO  o.a.catalina.core.StandardEngine - Starting Servlet engine: [Apache Tomcat/10.1.18]
2026-06-18 17:27:56 [main] INFO  o.a.c.c.C.[Tomcat].[localhost].[/] - Initializing Spring embedded WebApplicationContext
2026-06-18 17:27:56 [main] INFO  o.s.b.w.s.c.ServletWebServerApplicationContext - Root WebApplicationContext: initialization completed in 1221 ms
2026-06-18 17:27:56 [main] INFO  com.zaxxer.hikari.HikariDataSource - HikariPool-1 - Starting...
2026-06-18 17:27:56 [main] INFO  com.zaxxer.hikari.pool.HikariPool - HikariPool-1 - Added connection conn0: url=jdbc:h2:mem:transferdb user=SA
2026-06-18 17:27:56 [main] INFO  com.zaxxer.hikari.HikariDataSource - HikariPool-1 - Start completed.
2026-06-18 17:27:56 [main] INFO  o.s.b.a.h.H2ConsoleAutoConfiguration - H2 console available at '/h2-console'. Database available at 'jdbc:h2:mem:transferdb'
2026-06-18 17:27:56 [main] INFO  o.h.jpa.internal.util.LogHelper - HHH000204: Processing PersistenceUnitInfo [name: default]
2026-06-18 17:27:56 [main] INFO  org.hibernate.Version - HHH000412: Hibernate ORM core version 6.4.1.Final
2026-06-18 17:27:56 [main] INFO  o.h.c.i.RegionFactoryInitiator - HHH000026: Second-level cache disabled
2026-06-18 17:27:56 [main] INFO  o.s.o.j.p.SpringPersistenceUnitInfo - No LoadTimeWeaver setup: ignoring JPA class transformer
2026-06-18 17:27:56 [main] WARN  org.hibernate.orm.deprecation - HHH90000025: H2Dialect does not need to be specified explicitly using 'hibernate.dialect' (remove the property setting and it will be selected by default)
2026-06-18 17:27:57 [main] INFO  o.h.e.t.j.p.i.JtaPlatformInitiator - HHH000489: No JTA platform available (set 'hibernate.transaction.jta.platform' to enable JTA platform integration)
2026-06-18 17:27:57 [main] INFO  o.s.o.j.LocalContainerEntityManagerFactoryBean - Initialized JPA EntityManagerFactory for persistence unit 'default'
2026-06-18 17:27:57 [main] INFO  o.s.d.j.r.query.QueryEnhancerFactory - Hibernate is in classpath; If applicable, HQL parser will be used.
2026-06-18 17:27:57 [main] WARN  o.s.b.a.o.j.JpaBaseConfiguration$JpaWebConfiguration - spring.jpa.open-in-view is enabled by default. Therefore, database queries may be performed during view rendering. Explicitly configure spring.jpa.open-in-view to disable this warning
2026-06-18 17:27:58 [main] INFO  o.s.b.a.e.web.EndpointLinksResolver - Exposing 1 endpoint(s) beneath base path '/actuator'
2026-06-18 17:27:58 [main] INFO  o.s.s.web.DefaultSecurityFilterChain - Will secure any request with [org.springframework.security.web.session.DisableEncodeUrlFilter@1f5797d5, org.springframework.security.web.context.request.async.WebAsyncManagerIntegrationFilter@64ce7e6f, org.springframework.security.web.context.SecurityContextHolderFilter@40503088, org.springframework.security.web.header.HeaderWriterFilter@5c51a7eb, org.springframework.web.filter.CorsFilter@130e2aef, org.springframework.web.filter.CorsFilter@7ed0020a, org.springframework.security.web.authentication.logout.LogoutFilter@7c0b0090, org.springframework.security.web.authentication.www.BasicAuthenticationFilter@62edf11e, org.springframework.security.web.savedrequest.RequestCacheAwareFilter@2fdbd353, org.springframework.security.web.servletapi.SecurityContextHolderAwareRequestFilter@3d7fc4b3, org.springframework.security.web.authentication.AnonymousAuthenticationFilter@5d1acb3a, org.springframework.security.web.access.ExceptionTranslationFilter@6d553763, org.springframework.security.web.access.intercept.AuthorizationFilter@ab118b8]
2026-06-18 17:27:58 [main] INFO  o.a.coyote.http11.Http11NioProtocol - Starting ProtocolHandler ["http-nio-8080"]
2026-06-18 17:27:58 [main] INFO  o.s.b.w.e.tomcat.TomcatWebServer - Tomcat started on port 8080 (http) with context path ''
2026-06-18 17:27:58 [main] INFO  c.b.t.MoneyTransferSystemApplication - Started MoneyTransferSystemApplication in 4.256 seconds (process running for 4.931)
2026-06-18 17:31:54 [http-nio-8080-exec-1] INFO  o.a.c.c.C.[Tomcat].[localhost].[/] - Initializing Spring DispatcherServlet 'dispatcherServlet'
2026-06-18 17:31:54 [http-nio-8080-exec-1] INFO  o.s.web.servlet.DispatcherServlet - Initializing Servlet 'dispatcherServlet'
2026-06-18 17:31:54 [http-nio-8080-exec-1] INFO  o.s.web.servlet.DispatcherServlet - Completed initialization in 2 ms
2026-06-18 17:31:54 [http-nio-8080-exec-2] INFO  c.b.transfer.aspect.LoggingAspect - [AOP] Entering AccountService.createAccount
2026-06-18 17:31:54 [http-nio-8080-exec-2] INFO  c.b.transfer.service.AccountService - Creating account for username: Kartikey
2026-06-18 17:31:54 [http-nio-8080-exec-2] INFO  c.b.transfer.service.AccountService - Account created successfully with ID: 1
2026-06-18 17:31:54 [http-nio-8080-exec-2] INFO  c.b.transfer.aspect.LoggingAspect - [AOP] Exiting AccountService.createAccount - Execution time: 191ms
2026-06-18 17:32:53 [http-nio-8080-exec-3] INFO  c.b.transfer.aspect.LoggingAspect - [AOP] Entering AccountService.createAccount
2026-06-18 17:32:53 [http-nio-8080-exec-3] INFO  c.b.transfer.service.AccountService - Creating account for username: KSI
2026-06-18 17:32:53 [http-nio-8080-exec-3] INFO  c.b.transfer.service.AccountService - Account created successfully with ID: 2
2026-06-18 17:32:53 [http-nio-8080-exec-3] INFO  c.b.transfer.aspect.LoggingAspect - [AOP] Exiting AccountService.createAccount - Execution time: 63ms
2026-06-18 17:33:15 [http-nio-8080-exec-4] INFO  c.b.transfer.aspect.LoggingAspect - [AOP] Entering AccountService.login
2026-06-18 17:33:15 [http-nio-8080-exec-4] INFO  c.b.transfer.service.AccountService - Login attempt for username: Kartikey
2026-06-18 17:33:15 [http-nio-8080-exec-4] INFO  c.b.transfer.service.AccountService - Login successful for username: Kartikey
2026-06-18 17:33:15 [http-nio-8080-exec-4] INFO  c.b.transfer.aspect.LoggingAspect - [AOP] Exiting AccountService.login - Execution time: 72ms
2026-06-18 17:33:15 [http-nio-8080-exec-9] INFO  c.b.transfer.aspect.LoggingAspect - [AOP] Entering AccountService.getAccountResponse
2026-06-18 17:33:15 [http-nio-8080-exec-6] INFO  c.b.transfer.aspect.LoggingAspect - [AOP] Entering RewardService.getRewardSummary
2026-06-18 17:33:15 [http-nio-8080-exec-9] INFO  c.b.transfer.aspect.LoggingAspect - [AOP] Exiting AccountService.getAccountResponse - Execution time: 8ms
2026-06-18 17:33:15 [http-nio-8080-exec-6] INFO  c.b.transfer.aspect.LoggingAspect - [AOP] Exiting RewardService.getRewardSummary - Execution time: 20ms
2026-06-18 17:33:23 [http-nio-8080-exec-7] INFO  c.b.transfer.aspect.LoggingAspect - [AOP] Entering RewardService.getRewardSummary
2026-06-18 17:33:23 [http-nio-8080-exec-7] INFO  c.b.transfer.aspect.LoggingAspect - [AOP] Exiting RewardService.getRewardSummary - Execution time: 3ms
2026-06-18 17:34:02 [http-nio-8080-exec-5] INFO  c.b.transfer.aspect.LoggingAspect - [AOP] Entering TransferService.transfer
2026-06-18 17:34:02 [http-nio-8080-exec-5] INFO  c.b.transfer.service.TransferService - Processing transfer from 1 to 2 for total amount ₹8000. Reward redemption: false
2026-06-18 17:34:02 [http-nio-8080-exec-5] INFO  c.b.transfer.aspect.LoggingAspect - [AOP] Entering RewardService.processReward
2026-06-18 17:34:02 [http-nio-8080-exec-5] INFO  c.b.transfer.service.RewardService - Reward granted: 80 points to account 1 based on cash spend of ₹8000
2026-06-18 17:34:02 [http-nio-8080-exec-5] INFO  c.b.transfer.aspect.LoggingAspect - [AOP] Exiting RewardService.processReward - Execution time: 7ms
2026-06-18 17:34:02 [http-nio-8080-exec-5] INFO  c.b.transfer.aspect.LoggingAspect - [AOP] Exiting TransferService.transfer - Execution time: 15ms
2026-06-18 17:34:04 [http-nio-8080-exec-10] INFO  c.b.transfer.aspect.LoggingAspect - [AOP] Entering RewardService.getRewardSummary
2026-06-18 17:34:04 [http-nio-8080-exec-8] INFO  c.b.transfer.aspect.LoggingAspect - [AOP] Entering AccountService.getAccountResponse
2026-06-18 17:34:04 [http-nio-8080-exec-8] INFO  c.b.transfer.aspect.LoggingAspect - [AOP] Exiting AccountService.getAccountResponse - Execution time: 2ms
2026-06-18 17:34:04 [http-nio-8080-exec-10] INFO  c.b.transfer.aspect.LoggingAspect - [AOP] Exiting RewardService.getRewardSummary - Execution time: 5ms
2026-06-18 17:34:08 [http-nio-8080-exec-1] INFO  c.b.transfer.aspect.LoggingAspect - [AOP] Entering RewardService.getRewardSummary
2026-06-18 17:34:08 [http-nio-8080-exec-1] INFO  c.b.transfer.aspect.LoggingAspect - [AOP] Exiting RewardService.getRewardSummary - Execution time: 2ms
2026-06-18 17:34:44 [http-nio-8080-exec-2] INFO  c.b.transfer.aspect.LoggingAspect - [AOP] Entering AccountService.createAccount
2026-06-18 17:34:44 [http-nio-8080-exec-2] INFO  c.b.transfer.service.AccountService - Creating account for username: Varun
2026-06-18 17:34:44 [http-nio-8080-exec-2] INFO  c.b.transfer.service.AccountService - Account created successfully with ID: 3
2026-06-18 17:34:44 [http-nio-8080-exec-2] INFO  c.b.transfer.aspect.LoggingAspect - [AOP] Exiting AccountService.createAccount - Execution time: 65ms
2026-06-18 17:34:54 [http-nio-8080-exec-3] INFO  c.b.transfer.aspect.LoggingAspect - [AOP] Entering AccountService.login
2026-06-18 17:34:54 [http-nio-8080-exec-3] INFO  c.b.transfer.service.AccountService - Login attempt for username: Varun
2026-06-18 17:34:54 [http-nio-8080-exec-3] INFO  c.b.transfer.service.AccountService - Login successful for username: Varun
2026-06-18 17:34:54 [http-nio-8080-exec-3] INFO  c.b.transfer.aspect.LoggingAspect - [AOP] Exiting AccountService.login - Execution time: 68ms
2026-06-18 17:34:54 [http-nio-8080-exec-7] INFO  c.b.transfer.aspect.LoggingAspect - [AOP] Entering RewardService.getRewardSummary
2026-06-18 17:34:54 [http-nio-8080-exec-6] INFO  c.b.transfer.aspect.LoggingAspect - [AOP] Entering AccountService.getAccountResponse
2026-06-18 17:34:54 [http-nio-8080-exec-6] INFO  c.b.transfer.aspect.LoggingAspect - [AOP] Exiting AccountService.getAccountResponse - Execution time: 2ms
2026-06-18 17:34:54 [http-nio-8080-exec-7] INFO  c.b.transfer.aspect.LoggingAspect - [AOP] Exiting RewardService.getRewardSummary - Execution time: 3ms
2026-06-18 17:34:58 [http-nio-8080-exec-5] INFO  c.b.transfer.aspect.LoggingAspect - [AOP] Entering RewardService.getRewardSummary
2026-06-18 17:34:58 [http-nio-8080-exec-5] INFO  c.b.transfer.aspect.LoggingAspect - [AOP] Exiting RewardService.getRewardSummary - Execution time: 3ms
2026-06-18 17:35:05 [http-nio-8080-exec-8] INFO  c.b.transfer.aspect.LoggingAspect - [AOP] Entering TransferService.transfer
2026-06-18 17:35:05 [http-nio-8080-exec-8] INFO  c.b.transfer.service.TransferService - Processing transfer from 3 to 1 for total amount ₹20000. Reward redemption: false
2026-06-18 17:35:05 [http-nio-8080-exec-8] INFO  c.b.transfer.aspect.LoggingAspect - [AOP] Entering RewardService.processReward
2026-06-18 17:35:05 [http-nio-8080-exec-8] INFO  c.b.transfer.service.RewardService - Reward granted: 200 points to account 3 based on cash spend of ₹20000
2026-06-18 17:35:05 [http-nio-8080-exec-8] INFO  c.b.transfer.aspect.LoggingAspect - [AOP] Exiting RewardService.processReward - Execution time: 3ms
2026-06-18 17:35:05 [http-nio-8080-exec-8] INFO  c.b.transfer.aspect.LoggingAspect - [AOP] Exiting TransferService.transfer - Execution time: 6ms
2026-06-18 17:35:07 [http-nio-8080-exec-1] INFO  c.b.transfer.aspect.LoggingAspect - [AOP] Entering RewardService.getRewardSummary
2026-06-18 17:35:07 [http-nio-8080-exec-10] INFO  c.b.transfer.aspect.LoggingAspect - [AOP] Entering AccountService.getAccountResponse
2026-06-18 17:35:07 [http-nio-8080-exec-10] INFO  c.b.transfer.aspect.LoggingAspect - [AOP] Exiting AccountService.getAccountResponse - Execution time: 2ms
2026-06-18 17:35:07 [http-nio-8080-exec-1] INFO  c.b.transfer.aspect.LoggingAspect - [AOP] Exiting RewardService.getRewardSummary - Execution time: 3ms
2026-06-18 17:35:13 [http-nio-8080-exec-2] INFO  c.b.transfer.aspect.LoggingAspect - [AOP] Entering RewardService.getRewardSummary
2026-06-18 17:35:13 [http-nio-8080-exec-2] INFO  c.b.transfer.aspect.LoggingAspect - [AOP] Exiting RewardService.getRewardSummary - Execution time: 3ms
2026-06-18 17:35:14 [http-nio-8080-exec-4] INFO  c.b.transfer.aspect.LoggingAspect - [AOP] Entering RewardService.getRewardSummary
2026-06-18 17:35:14 [http-nio-8080-exec-3] INFO  c.b.transfer.aspect.LoggingAspect - [AOP] Entering AccountService.getAccountResponse
2026-06-18 17:35:14 [http-nio-8080-exec-3] INFO  c.b.transfer.aspect.LoggingAspect - [AOP] Exiting AccountService.getAccountResponse - Execution time: 1ms
2026-06-18 17:35:14 [http-nio-8080-exec-4] INFO  c.b.transfer.aspect.LoggingAspect - [AOP] Exiting RewardService.getRewardSummary - Execution time: 2ms
2026-06-18 17:35:15 [http-nio-8080-exec-9] INFO  c.b.transfer.aspect.LoggingAspect - [AOP] Entering RewardService.getRewardSummary
2026-06-18 17:35:15 [http-nio-8080-exec-9] INFO  c.b.transfer.aspect.LoggingAspect - [AOP] Exiting RewardService.getRewardSummary - Execution time: 2ms
2026-06-18 17:35:37 [http-nio-8080-exec-7] INFO  c.b.transfer.aspect.LoggingAspect - [AOP] Entering TransferService.transfer
2026-06-18 17:35:37 [http-nio-8080-exec-7] INFO  c.b.transfer.service.TransferService - Processing transfer from 3 to 1 for total amount ₹20000. Reward redemption: true
2026-06-18 17:35:37 [http-nio-8080-exec-7] INFO  c.b.transfer.aspect.LoggingAspect - [AOP] Entering RewardService.getRewardSummary
2026-06-18 17:35:37 [http-nio-8080-exec-7] INFO  c.b.transfer.aspect.LoggingAspect - [AOP] Exiting RewardService.getRewardSummary - Execution time: 2ms
2026-06-18 17:35:37 [http-nio-8080-exec-7] INFO  c.b.transfer.aspect.LoggingAspect - [AOP] Entering RewardService.redeemPoints
2026-06-18 17:35:37 [http-nio-8080-exec-7] INFO  c.b.transfer.service.RewardService - Redeeming 200 reward points from account 3 for transaction 7435826a-4d44-4ed6-8ce8-522a4c26ead0
2026-06-18 17:35:37 [http-nio-8080-exec-7] INFO  c.b.transfer.aspect.LoggingAspect - [AOP] Exiting RewardService.redeemPoints - Execution time: 1ms
2026-06-18 17:35:37 [http-nio-8080-exec-7] INFO  c.b.transfer.aspect.LoggingAspect - [AOP] Entering RewardService.processReward
2026-06-18 17:35:37 [http-nio-8080-exec-7] WARN  o.h.e.jdbc.spi.SqlExceptionHelper - SQL Error: 23505, SQLState: 23505
2026-06-18 17:35:37 [http-nio-8080-exec-7] ERROR o.h.e.jdbc.spi.SqlExceptionHelper - Unique index or primary key violation: "PUBLIC.CONSTRAINT_INDEX_5 ON PUBLIC.REWARD_LEDGER(TRANSACTION_ID NULLS FIRST) VALUES ( /* 3 */ '7435826a-4d44-4ed6-8ce8-522a4c26ead0' )"; SQL statement:
insert into reward_ledger (account_id,created_on,points_earned,transaction_id,id) values (?,?,?,?,default) [23505-224]
2026-06-18 17:35:37 [http-nio-8080-exec-7] ERROR c.b.transfer.aspect.LoggingAspect - [AOP] Exception in RewardService.processReward after 11ms: could not execute statement [Unique index or primary key violation: "PUBLIC.CONSTRAINT_INDEX_5 ON PUBLIC.REWARD_LEDGER(TRANSACTION_ID NULLS FIRST) VALUES ( /* 3 */ '7435826a-4d44-4ed6-8ce8-522a4c26ead0' )"; SQL statement:
insert into reward_ledger (account_id,created_on,points_earned,transaction_id,id) values (?,?,?,?,default) [23505-224]] [insert into reward_ledger (account_id,created_on,points_earned,transaction_id,id) values (?,?,?,?,default)]; SQL [insert into reward_ledger (account_id,created_on,points_earned,transaction_id,id) values (?,?,?,?,default)]; constraint ["PUBLIC.CONSTRAINT_INDEX_5 ON PUBLIC.REWARD_LEDGER(TRANSACTION_ID NULLS FIRST) VALUES ( /* 3 */ '7435826a-4d44-4ed6-8ce8-522a4c26ead0' )"; SQL statement:
insert into reward_ledger (account_id,created_on,points_earned,transaction_id,id) values (?,?,?,?,default) [23505-224]]
2026-06-18 17:35:37 [http-nio-8080-exec-7] ERROR c.b.transfer.aspect.LoggingAspect - [AOP] Exception in TransferService.transfer after 19ms: could not execute statement [Unique index or primary key violation: "PUBLIC.CONSTRAINT_INDEX_5 ON PUBLIC.REWARD_LEDGER(TRANSACTION_ID NULLS FIRST) VALUES ( /* 3 */ '7435826a-4d44-4ed6-8ce8-522a4c26ead0' )"; SQL statement:
insert into reward_ledger (account_id,created_on,points_earned,transaction_id,id) values (?,?,?,?,default) [23505-224]] [insert into reward_ledger (account_id,created_on,points_earned,transaction_id,id) values (?,?,?,?,default)]; SQL [insert into reward_ledger (account_id,created_on,points_earned,transaction_id,id) values (?,?,?,?,default)]; constraint ["PUBLIC.CONSTRAINT_INDEX_5 ON PUBLIC.REWARD_LEDGER(TRANSACTION_ID NULLS FIRST) VALUES ( /* 3 */ '7435826a-4d44-4ed6-8ce8-522a4c26ead0' )"; SQL statement:
insert into reward_ledger (account_id,created_on,points_earned,transaction_id,id) values (?,?,?,?,default) [23505-224]]
2026-06-18 17:35:37 [http-nio-8080-exec-7] ERROR c.b.t.e.GlobalExceptionHandler - Internal server error: could not execute statement [Unique index or primary key violation: "PUBLIC.CONSTRAINT_INDEX_5 ON PUBLIC.REWARD_LEDGER(TRANSACTION_ID NULLS FIRST) VALUES ( /* 3 */ '7435826a-4d44-4ed6-8ce8-522a4c26ead0' )"; SQL statement:
insert into reward_ledger (account_id,created_on,points_earned,transaction_id,id) values (?,?,?,?,default) [23505-224]] [insert into reward_ledger (account_id,created_on,points_earned,transaction_id,id) values (?,?,?,?,default)]; SQL [insert into reward_ledger (account_id,created_on,points_earned,transaction_id,id) values (?,?,?,?,default)]; constraint ["PUBLIC.CONSTRAINT_INDEX_5 ON PUBLIC.REWARD_LEDGER(TRANSACTION_ID NULLS FIRST) VALUES ( /* 3 */ '7435826a-4d44-4ed6-8ce8-522a4c26ead0' )"; SQL statement:
insert into reward_ledger (account_id,created_on,points_earned,transaction_id,id) values (?,?,?,?,default) [23505-224]]
org.springframework.dao.DataIntegrityViolationException: could not execute statement [Unique index or primary key violation: "PUBLIC.CONSTRAINT_INDEX_5 ON PUBLIC.REWARD_LEDGER(TRANSACTION_ID NULLS FIRST) VALUES ( /* 3 */ '7435826a-4d44-4ed6-8ce8-522a4c26ead0' )"; SQL statement:
insert into reward_ledger (account_id,created_on,points_earned,transaction_id,id) values (?,?,?,?,default) [23505-224]] [insert into reward_ledger (account_id,created_on,points_earned,transaction_id,id) values (?,?,?,?,default)]; SQL [insert into reward_ledger (account_id,created_on,points_earned,transaction_id,id) values (?,?,?,?,default)]; constraint ["PUBLIC.CONSTRAINT_INDEX_5 ON PUBLIC.REWARD_LEDGER(TRANSACTION_ID NULLS FIRST) VALUES ( /* 3 */ '7435826a-4d44-4ed6-8ce8-522a4c26ead0' )"; SQL statement:
insert into reward_ledger (account_id,created_on,points_earned,transaction_id,id) values (?,?,?,?,default) [23505-224]]
	at org.springframework.orm.jpa.vendor.HibernateJpaDialect.convertHibernateAccessException(HibernateJpaDialect.java:290)
	at org.springframework.orm.jpa.vendor.HibernateJpaDialect.translateExceptionIfPossible(HibernateJpaDialect.java:241)
	at org.springframework.orm.jpa.AbstractEntityManagerFactoryBean.translateExceptionIfPossible(AbstractEntityManagerFactoryBean.java:550)
	at org.springframework.dao.support.ChainedPersistenceExceptionTranslator.translateExceptionIfPossible(ChainedPersistenceExceptionTranslator.java:61)
	at org.springframework.dao.support.DataAccessUtils.translateIfNecessary(DataAccessUtils.java:335)
	at org.springframework.dao.support.PersistenceExceptionTranslationInterceptor.invoke(PersistenceExceptionTranslationInterceptor.java:152)
	at org.springframework.aop.framework.ReflectiveMethodInvocation.proceed(ReflectiveMethodInvocation.java:184)
	at org.springframework.data.jpa.repository.support.CrudMethodMetadataPostProcessor$CrudMethodMetadataPopulatingMethodInterceptor.invoke(CrudMethodMetadataPostProcessor.java:164)
	at org.springframework.aop.framework.ReflectiveMethodInvocation.proceed(ReflectiveMethodInvocation.java:184)
	at org.springframework.aop.interceptor.ExposeInvocationInterceptor.invoke(ExposeInvocationInterceptor.java:97)
	at org.springframework.aop.framework.ReflectiveMethodInvocation.proceed(ReflectiveMethodInvocation.java:184)
	at org.springframework.aop.framework.JdkDynamicAopProxy.invoke(JdkDynamicAopProxy.java:220)
	at jdk.proxy2/jdk.proxy2.$Proxy156.save(Unknown Source)
	at com.banking.transfer.service.RewardService.processReward(RewardService.java:75)
	at java.base/jdk.internal.reflect.NativeMethodAccessorImpl.invoke0(Native Method)
	at java.base/jdk.internal.reflect.NativeMethodAccessorImpl.invoke(NativeMethodAccessorImpl.java:77)
	at java.base/jdk.internal.reflect.DelegatingMethodAccessorImpl.invoke(DelegatingMethodAccessorImpl.java:43)
	at java.base/java.lang.reflect.Method.invoke(Method.java:568)
	at org.springframework.aop.support.AopUtils.invokeJoinpointUsingReflection(AopUtils.java:351)
	at org.springframework.aop.framework.ReflectiveMethodInvocation.invokeJoinpoint(ReflectiveMethodInvocation.java:196)
	at org.springframework.aop.framework.ReflectiveMethodInvocation.proceed(ReflectiveMethodInvocation.java:163)
	at org.springframework.aop.framework.CglibAopProxy$CglibMethodInvocation.proceed(CglibAopProxy.java:765)
	at org.springframework.aop.aspectj.MethodInvocationProceedingJoinPoint.proceed(MethodInvocationProceedingJoinPoint.java:89)
	at com.banking.transfer.aspect.LoggingAspect.logServiceMethods(LoggingAspect.java:23)
	at jdk.internal.reflect.GeneratedMethodAccessor28.invoke(Unknown Source)
	at java.base/jdk.internal.reflect.DelegatingMethodAccessorImpl.invoke(DelegatingMethodAccessorImpl.java:43)
	at java.base/java.lang.reflect.Method.invoke(Method.java:568)
	at org.springframework.aop.aspectj.AbstractAspectJAdvice.invokeAdviceMethodWithGivenArgs(AbstractAspectJAdvice.java:637)
	at org.springframework.aop.aspectj.AbstractAspectJAdvice.invokeAdviceMethod(AbstractAspectJAdvice.java:627)
	at org.springframework.aop.aspectj.AspectJAroundAdvice.invoke(AspectJAroundAdvice.java:71)
	at org.springframework.aop.framework.ReflectiveMethodInvocation.proceed(ReflectiveMethodInvocation.java:184)
	at org.springframework.aop.framework.CglibAopProxy$CglibMethodInvocation.proceed(CglibAopProxy.java:765)
	at org.springframework.transaction.interceptor.TransactionInterceptor$1.proceedWithInvocation(TransactionInterceptor.java:123)
	at org.springframework.transaction.interceptor.TransactionAspectSupport.invokeWithinTransaction(TransactionAspectSupport.java:385)
	at org.springframework.transaction.interceptor.TransactionInterceptor.invoke(TransactionInterceptor.java:119)
	at org.springframework.aop.framework.ReflectiveMethodInvocation.proceed(ReflectiveMethodInvocation.java:184)
	at org.springframework.aop.framework.CglibAopProxy$CglibMethodInvocation.proceed(CglibAopProxy.java:765)
	at org.springframework.aop.interceptor.ExposeInvocationInterceptor.invoke(ExposeInvocationInterceptor.java:97)
	at org.springframework.aop.framework.ReflectiveMethodInvocation.proceed(ReflectiveMethodInvocation.java:184)
	at org.springframework.aop.framework.CglibAopProxy$CglibMethodInvocation.proceed(CglibAopProxy.java:765)
	at org.springframework.aop.framework.CglibAopProxy$DynamicAdvisedInterceptor.intercept(CglibAopProxy.java:717)
	at com.banking.transfer.service.RewardService$$SpringCGLIB$$0.processReward(<generated>)
	at com.banking.transfer.service.TransferService.transfer(TransferService.java:107)
	at java.base/jdk.internal.reflect.NativeMethodAccessorImpl.invoke0(Native Method)
	at java.base/jdk.internal.reflect.NativeMethodAccessorImpl.invoke(NativeMethodAccessorImpl.java:77)
	at java.base/jdk.internal.reflect.DelegatingMethodAccessorImpl.invoke(DelegatingMethodAccessorImpl.java:43)
	at java.base/java.lang.reflect.Method.invoke(Method.java:568)
	at org.springframework.aop.support.AopUtils.invokeJoinpointUsingReflection(AopUtils.java:351)
	at org.springframework.aop.framework.ReflectiveMethodInvocation.invokeJoinpoint(ReflectiveMethodInvocation.java:196)
	at org.springframework.aop.framework.ReflectiveMethodInvocation.proceed(ReflectiveMethodInvocation.java:163)
	at org.springframework.aop.framework.CglibAopProxy$CglibMethodInvocation.proceed(CglibAopProxy.java:765)
	at org.springframework.aop.aspectj.MethodInvocationProceedingJoinPoint.proceed(MethodInvocationProceedingJoinPoint.java:89)
	at com.banking.transfer.aspect.LoggingAspect.logServiceMethods(LoggingAspect.java:23)
	at jdk.internal.reflect.GeneratedMethodAccessor28.invoke(Unknown Source)
	at java.base/jdk.internal.reflect.DelegatingMethodAccessorImpl.invoke(DelegatingMethodAccessorImpl.java:43)
	at java.base/java.lang.reflect.Method.invoke(Method.java:568)
	at org.springframework.aop.aspectj.AbstractAspectJAdvice.invokeAdviceMethodWithGivenArgs(AbstractAspectJAdvice.java:637)
	at org.springframework.aop.aspectj.AbstractAspectJAdvice.invokeAdviceMethod(AbstractAspectJAdvice.java:627)
	at org.springframework.aop.aspectj.AspectJAroundAdvice.invoke(AspectJAroundAdvice.java:71)
	at org.springframework.aop.framework.ReflectiveMethodInvocation.proceed(ReflectiveMethodInvocation.java:184)
	at org.springframework.aop.framework.CglibAopProxy$CglibMethodInvocation.proceed(CglibAopProxy.java:765)
	at org.springframework.transaction.interceptor.TransactionInterceptor$1.proceedWithInvocation(TransactionInterceptor.java:123)
	at org.springframework.transaction.interceptor.TransactionAspectSupport.invokeWithinTransaction(TransactionAspectSupport.java:385)
	at org.springframework.transaction.interceptor.TransactionInterceptor.invoke(TransactionInterceptor.java:119)
	at org.springframework.aop.framework.ReflectiveMethodInvocation.proceed(ReflectiveMethodInvocation.java:184)
	at org.springframework.aop.framework.CglibAopProxy$CglibMethodInvocation.proceed(CglibAopProxy.java:765)
	at org.springframework.aop.interceptor.ExposeInvocationInterceptor.invoke(ExposeInvocationInterceptor.java:97)
	at org.springframework.aop.framework.ReflectiveMethodInvocation.proceed(ReflectiveMethodInvocation.java:184)
	at org.springframework.aop.framework.CglibAopProxy$CglibMethodInvocation.proceed(CglibAopProxy.java:765)
	at org.springframework.aop.framework.CglibAopProxy$DynamicAdvisedInterceptor.intercept(CglibAopProxy.java:717)
	at com.banking.transfer.service.TransferService$$SpringCGLIB$$0.transfer(<generated>)
	at com.banking.transfer.controller.TransferController.transfer(TransferController.java:22)
	at java.base/jdk.internal.reflect.NativeMethodAccessorImpl.invoke0(Native Method)
	at java.base/jdk.internal.reflect.NativeMethodAccessorImpl.invoke(NativeMethodAccessorImpl.java:77)
	at java.base/jdk.internal.reflect.DelegatingMethodAccessorImpl.invoke(DelegatingMethodAccessorImpl.java:43)
	at java.base/java.lang.reflect.Method.invoke(Method.java:568)
	at org.springframework.web.method.support.InvocableHandlerMethod.doInvoke(InvocableHandlerMethod.java:261)
	at org.springframework.web.method.support.InvocableHandlerMethod.invokeForRequest(InvocableHandlerMethod.java:189)
	at org.springframework.web.servlet.mvc.method.annotation.ServletInvocableHandlerMethod.invokeAndHandle(ServletInvocableHandlerMethod.java:118)
	at org.springframework.web.servlet.mvc.method.annotation.RequestMappingHandlerAdapter.invokeHandlerMethod(RequestMappingHandlerAdapter.java:917)
	at org.springframework.web.servlet.mvc.method.annotation.RequestMappingHandlerAdapter.handleInternal(RequestMappingHandlerAdapter.java:829)
	at org.springframework.web.servlet.mvc.method.AbstractHandlerMethodAdapter.handle(AbstractHandlerMethodAdapter.java:87)
	at org.springframework.web.servlet.DispatcherServlet.doDispatch(DispatcherServlet.java:1089)
	at org.springframework.web.servlet.DispatcherServlet.doService(DispatcherServlet.java:979)
	at org.springframework.web.servlet.FrameworkServlet.processRequest(FrameworkServlet.java:1014)
	at org.springframework.web.servlet.FrameworkServlet.doPost(FrameworkServlet.java:914)
	at jakarta.servlet.http.HttpServlet.service(HttpServlet.java:590)
	at org.springframework.web.servlet.FrameworkServlet.service(FrameworkServlet.java:885)
	at jakarta.servlet.http.HttpServlet.service(HttpServlet.java:658)
	at org.apache.catalina.core.ApplicationFilterChain.internalDoFilter(ApplicationFilterChain.java:205)
	at org.apache.catalina.core.ApplicationFilterChain.doFilter(ApplicationFilterChain.java:149)
	at org.apache.tomcat.websocket.server.WsFilter.doFilter(WsFilter.java:51)
	at org.apache.catalina.core.ApplicationFilterChain.internalDoFilter(ApplicationFilterChain.java:174)
	at org.apache.catalina.core.ApplicationFilterChain.doFilter(ApplicationFilterChain.java:149)
	at org.springframework.web.filter.CompositeFilter$VirtualFilterChain.doFilter(CompositeFilter.java:108)
	at org.springframework.security.web.FilterChainProxy.lambda$doFilterInternal$3(FilterChainProxy.java:231)
	at org.springframework.security.web.ObservationFilterChainDecorator$FilterObservation$SimpleFilterObservation.lambda$wrap$1(ObservationFilterChainDecorator.java:479)
	at org.springframework.security.web.ObservationFilterChainDecorator$AroundFilterObservation$SimpleAroundFilterObservation.lambda$wrap$1(ObservationFilterChainDecorator.java:340)
	at org.springframework.security.web.ObservationFilterChainDecorator.lambda$wrapSecured$0(ObservationFilterChainDecorator.java:82)
	at org.springframework.security.web.ObservationFilterChainDecorator$VirtualFilterChain.doFilter(ObservationFilterChainDecorator.java:128)
	at org.springframework.security.web.access.intercept.AuthorizationFilter.doFilter(AuthorizationFilter.java:100)
	at org.springframework.security.web.ObservationFilterChainDecorator$ObservationFilter.wrapFilter(ObservationFilterChainDecorator.java:240)
	at org.springframework.security.web.ObservationFilterChainDecorator$ObservationFilter.doFilter(ObservationFilterChainDecorator.java:227)
	at org.springframework.security.web.ObservationFilterChainDecorator$VirtualFilterChain.doFilter(ObservationFilterChainDecorator.java:137)
	at org.springframework.security.web.access.ExceptionTranslationFilter.doFilter(ExceptionTranslationFilter.java:126)
	at org.springframework.security.web.access.ExceptionTranslationFilter.doFilter(ExceptionTranslationFilter.java:120)
	at org.springframework.security.web.ObservationFilterChainDecorator$ObservationFilter.wrapFilter(ObservationFilterChainDecorator.java:240)
	at org.springframework.security.web.ObservationFilterChainDecorator$ObservationFilter.doFilter(ObservationFilterChainDecorator.java:227)
	at org.springframework.security.web.ObservationFilterChainDecorator$VirtualFilterChain.doFilter(ObservationFilterChainDecorator.java:137)
	at org.springframework.security.web.authentication.AnonymousAuthenticationFilter.doFilter(AnonymousAuthenticationFilter.java:100)
	at org.springframework.security.web.ObservationFilterChainDecorator$ObservationFilter.wrapFilter(ObservationFilterChainDecorator.java:240)
	at org.springframework.security.web.ObservationFilterChainDecorator$ObservationFilter.doFilter(ObservationFilterChainDecorator.java:227)
	at org.springframework.security.web.ObservationFilterChainDecorator$VirtualFilterChain.doFilter(ObservationFilterChainDecorator.java:137)
	at org.springframework.security.web.servletapi.SecurityContextHolderAwareRequestFilter.doFilter(SecurityContextHolderAwareRequestFilter.java:179)
	at org.springframework.security.web.ObservationFilterChainDecorator$ObservationFilter.wrapFilter(ObservationFilterChainDecorator.java:240)
	at org.springframework.security.web.ObservationFilterChainDecorator$ObservationFilter.doFilter(ObservationFilterChainDecorator.java:227)
	at org.springframework.security.web.ObservationFilterChainDecorator$VirtualFilterChain.doFilter(ObservationFilterChainDecorator.java:137)
	at org.springframework.security.web.savedrequest.RequestCacheAwareFilter.doFilter(RequestCacheAwareFilter.java:63)
	at org.springframework.security.web.ObservationFilterChainDecorator$ObservationFilter.wrapFilter(ObservationFilterChainDecorator.java:240)
	at org.springframework.security.web.ObservationFilterChainDecorator$ObservationFilter.doFilter(ObservationFilterChainDecorator.java:227)
	at org.springframework.security.web.ObservationFilterChainDecorator$VirtualFilterChain.doFilter(ObservationFilterChainDecorator.java:137)
	at org.springframework.security.web.authentication.www.BasicAuthenticationFilter.doFilterInternal(BasicAuthenticationFilter.java:213)
	at org.springframework.web.filter.OncePerRequestFilter.doFilter(OncePerRequestFilter.java:116)
	at org.springframework.security.web.ObservationFilterChainDecorator$ObservationFilter.wrapFilter(ObservationFilterChainDecorator.java:240)
	at org.springframework.security.web.ObservationFilterChainDecorator$ObservationFilter.doFilter(ObservationFilterChainDecorator.java:227)
	at org.springframework.security.web.ObservationFilterChainDecorator$VirtualFilterChain.doFilter(ObservationFilterChainDecorator.java:137)
	at org.springframework.security.web.authentication.logout.LogoutFilter.doFilter(LogoutFilter.java:107)
	at org.springframework.security.web.authentication.logout.LogoutFilter.doFilter(LogoutFilter.java:93)
	at org.springframework.security.web.ObservationFilterChainDecorator$ObservationFilter.wrapFilter(ObservationFilterChainDecorator.java:240)
	at org.springframework.security.web.ObservationFilterChainDecorator$ObservationFilter.doFilter(ObservationFilterChainDecorator.java:227)
	at org.springframework.security.web.ObservationFilterChainDecorator$VirtualFilterChain.doFilter(ObservationFilterChainDecorator.java:137)
	at org.springframework.web.filter.OncePerRequestFilter.doFilter(OncePerRequestFilter.java:110)
	at org.springframework.security.web.ObservationFilterChainDecorator$ObservationFilter.wrapFilter(ObservationFilterChainDecorator.java:240)
	at org.springframework.security.web.ObservationFilterChainDecorator$ObservationFilter.doFilter(ObservationFilterChainDecorator.java:227)
	at org.springframework.security.web.ObservationFilterChainDecorator$VirtualFilterChain.doFilter(ObservationFilterChainDecorator.java:137)
	at org.springframework.web.filter.CorsFilter.doFilterInternal(CorsFilter.java:91)
	at org.springframework.web.filter.OncePerRequestFilter.doFilter(OncePerRequestFilter.java:116)
	at org.springframework.security.web.ObservationFilterChainDecorator$ObservationFilter.wrapFilter(ObservationFilterChainDecorator.java:240)
	at org.springframework.security.web.ObservationFilterChainDecorator$ObservationFilter.doFilter(ObservationFilterChainDecorator.java:227)
	at org.springframework.security.web.ObservationFilterChainDecorator$VirtualFilterChain.doFilter(ObservationFilterChainDecorator.java:137)
	at org.springframework.security.web.header.HeaderWriterFilter.doHeadersAfter(HeaderWriterFilter.java:90)
	at org.springframework.security.web.header.HeaderWriterFilter.doFilterInternal(HeaderWriterFilter.java:75)
	at org.springframework.web.filter.OncePerRequestFilter.doFilter(OncePerRequestFilter.java:116)
	at org.springframework.security.web.ObservationFilterChainDecorator$ObservationFilter.wrapFilter(ObservationFilterChainDecorator.java:240)
	at org.springframework.security.web.ObservationFilterChainDecorator$ObservationFilter.doFilter(ObservationFilterChainDecorator.java:227)
	at org.springframework.security.web.ObservationFilterChainDecorator$VirtualFilterChain.doFilter(ObservationFilterChainDecorator.java:137)
	at org.springframework.security.web.context.SecurityContextHolderFilter.doFilter(SecurityContextHolderFilter.java:82)
	at org.springframework.security.web.context.SecurityContextHolderFilter.doFilter(SecurityContextHolderFilter.java:69)
	at org.springframework.security.web.ObservationFilterChainDecorator$ObservationFilter.wrapFilter(ObservationFilterChainDecorator.java:240)
	at org.springframework.security.web.ObservationFilterChainDecorator$ObservationFilter.doFilter(ObservationFilterChainDecorator.java:227)
	at org.springframework.security.web.ObservationFilterChainDecorator$VirtualFilterChain.doFilter(ObservationFilterChainDecorator.java:137)
	at org.springframework.security.web.context.request.async.WebAsyncManagerIntegrationFilter.doFilterInternal(WebAsyncManagerIntegrationFilter.java:62)
	at org.springframework.web.filter.OncePerRequestFilter.doFilter(OncePerRequestFilter.java:116)
	at org.springframework.security.web.ObservationFilterChainDecorator$ObservationFilter.wrapFilter(ObservationFilterChainDecorator.java:240)
	at org.springframework.security.web.ObservationFilterChainDecorator$ObservationFilter.doFilter(ObservationFilterChainDecorator.java:227)
	at org.springframework.security.web.ObservationFilterChainDecorator$VirtualFilterChain.doFilter(ObservationFilterChainDecorator.java:137)
	at org.springframework.security.web.session.DisableEncodeUrlFilter.doFilterInternal(DisableEncodeUrlFilter.java:42)
	at org.springframework.web.filter.OncePerRequestFilter.doFilter(OncePerRequestFilter.java:116)
	at org.springframework.security.web.ObservationFilterChainDecorator$ObservationFilter.wrapFilter(ObservationFilterChainDecorator.java:240)
	at org.springframework.security.web.ObservationFilterChainDecorator$AroundFilterObservation$SimpleAroundFilterObservation.lambda$wrap$0(ObservationFilterChainDecorator.java:323)
	at org.springframework.security.web.ObservationFilterChainDecorator$ObservationFilter.doFilter(ObservationFilterChainDecorator.java:224)
	at org.springframework.security.web.ObservationFilterChainDecorator$VirtualFilterChain.doFilter(ObservationFilterChainDecorator.java:137)
	at org.springframework.security.web.FilterChainProxy.doFilterInternal(FilterChainProxy.java:233)
	at org.springframework.security.web.FilterChainProxy.doFilter(FilterChainProxy.java:191)
	at org.springframework.web.filter.CompositeFilter$VirtualFilterChain.doFilter(CompositeFilter.java:113)
	at org.springframework.web.servlet.handler.HandlerMappingIntrospector.lambda$createCacheFilter$3(HandlerMappingIntrospector.java:195)
	at org.springframework.web.filter.CompositeFilter$VirtualFilterChain.doFilter(CompositeFilter.java:113)
	at org.springframework.web.filter.CompositeFilter.doFilter(CompositeFilter.java:74)
	at org.springframework.security.config.annotation.web.configuration.WebMvcSecurityConfiguration$CompositeFilterChainProxy.doFilter(WebMvcSecurityConfiguration.java:225)
	at org.springframework.web.filter.DelegatingFilterProxy.invokeDelegate(DelegatingFilterProxy.java:352)
	at org.springframework.web.filter.DelegatingFilterProxy.doFilter(DelegatingFilterProxy.java:268)
	at org.apache.catalina.core.ApplicationFilterChain.internalDoFilter(ApplicationFilterChain.java:174)
	at org.apache.catalina.core.ApplicationFilterChain.doFilter(ApplicationFilterChain.java:149)
	at org.springframework.web.filter.RequestContextFilter.doFilterInternal(RequestContextFilter.java:100)
	at org.springframework.web.filter.OncePerRequestFilter.doFilter(OncePerRequestFilter.java:116)
	at org.apache.catalina.core.ApplicationFilterChain.internalDoFilter(ApplicationFilterChain.java:174)
	at org.apache.catalina.core.ApplicationFilterChain.doFilter(ApplicationFilterChain.java:149)
	at org.springframework.web.filter.FormContentFilter.doFilterInternal(FormContentFilter.java:93)
	at org.springframework.web.filter.OncePerRequestFilter.doFilter(OncePerRequestFilter.java:116)
	at org.apache.catalina.core.ApplicationFilterChain.internalDoFilter(ApplicationFilterChain.java:174)
	at org.apache.catalina.core.ApplicationFilterChain.doFilter(ApplicationFilterChain.java:149)
	at org.springframework.web.filter.ServerHttpObservationFilter.doFilterInternal(ServerHttpObservationFilter.java:109)
	at org.springframework.web.filter.OncePerRequestFilter.doFilter(OncePerRequestFilter.java:116)
	at org.apache.catalina.core.ApplicationFilterChain.internalDoFilter(ApplicationFilterChain.java:174)
	at org.apache.catalina.core.ApplicationFilterChain.doFilter(ApplicationFilterChain.java:149)
	at org.springframework.web.filter.CharacterEncodingFilter.doFilterInternal(CharacterEncodingFilter.java:201)
	at org.springframework.web.filter.OncePerRequestFilter.doFilter(OncePerRequestFilter.java:116)
	at org.apache.catalina.core.ApplicationFilterChain.internalDoFilter(ApplicationFilterChain.java:174)
	at org.apache.catalina.core.ApplicationFilterChain.doFilter(ApplicationFilterChain.java:149)
	at org.apache.catalina.core.StandardWrapperValve.invoke(StandardWrapperValve.java:167)
	at org.apache.catalina.core.StandardContextValve.invoke(StandardContextValve.java:90)
	at org.apache.catalina.authenticator.AuthenticatorBase.invoke(AuthenticatorBase.java:482)
	at org.apache.catalina.core.StandardHostValve.invoke(StandardHostValve.java:115)
	at org.apache.catalina.valves.ErrorReportValve.invoke(ErrorReportValve.java:93)
	at org.apache.catalina.core.StandardEngineValve.invoke(StandardEngineValve.java:74)
	at org.apache.catalina.connector.CoyoteAdapter.service(CoyoteAdapter.java:340)
	at org.apache.coyote.http11.Http11Processor.service(Http11Processor.java:391)
	at org.apache.coyote.AbstractProcessorLight.process(AbstractProcessorLight.java:63)
	at org.apache.coyote.AbstractProtocol$ConnectionHandler.process(AbstractProtocol.java:896)
	at org.apache.tomcat.util.net.NioEndpoint$SocketProcessor.doRun(NioEndpoint.java:1744)
	at org.apache.tomcat.util.net.SocketProcessorBase.run(SocketProcessorBase.java:52)
	at org.apache.tomcat.util.threads.ThreadPoolExecutor.runWorker(ThreadPoolExecutor.java:1191)
	at org.apache.tomcat.util.threads.ThreadPoolExecutor$Worker.run(ThreadPoolExecutor.java:659)
	at org.apache.tomcat.util.threads.TaskThread$WrappingRunnable.run(TaskThread.java:61)
	at java.base/java.lang.Thread.run(Thread.java:842)
Caused by: org.hibernate.exception.ConstraintViolationException: could not execute statement [Unique index or primary key violation: "PUBLIC.CONSTRAINT_INDEX_5 ON PUBLIC.REWARD_LEDGER(TRANSACTION_ID NULLS FIRST) VALUES ( /* 3 */ '7435826a-4d44-4ed6-8ce8-522a4c26ead0' )"; SQL statement:
insert into reward_ledger (account_id,created_on,points_earned,transaction_id,id) values (?,?,?,?,default) [23505-224]] [insert into reward_ledger (account_id,created_on,points_earned,transaction_id,id) values (?,?,?,?,default)]
	at org.hibernate.exception.internal.SQLExceptionTypeDelegate.convert(SQLExceptionTypeDelegate.java:62)
	at org.hibernate.exception.internal.StandardSQLExceptionConverter.convert(StandardSQLExceptionConverter.java:58)
	at org.hibernate.engine.jdbc.spi.SqlExceptionHelper.convert(SqlExceptionHelper.java:108)
	at org.hibernate.engine.jdbc.internal.ResultSetReturnImpl.executeUpdate(ResultSetReturnImpl.java:197)
	at org.hibernate.id.insert.GetGeneratedKeysDelegate.performInsert(GetGeneratedKeysDelegate.java:107)
	at org.hibernate.engine.jdbc.mutation.internal.MutationExecutorPostInsertSingleTable.execute(MutationExecutorPostInsertSingleTable.java:100)
	at org.hibernate.persister.entity.mutation.InsertCoordinator.doStaticInserts(InsertCoordinator.java:175)
	at org.hibernate.persister.entity.mutation.InsertCoordinator.coordinateInsert(InsertCoordinator.java:113)
	at org.hibernate.persister.entity.AbstractEntityPersister.insert(AbstractEntityPersister.java:2868)
	at org.hibernate.action.internal.EntityIdentityInsertAction.execute(EntityIdentityInsertAction.java:81)
	at org.hibernate.engine.spi.ActionQueue.execute(ActionQueue.java:670)
	at org.hibernate.engine.spi.ActionQueue.addResolvedEntityInsertAction(ActionQueue.java:291)
	at org.hibernate.engine.spi.ActionQueue.addInsertAction(ActionQueue.java:272)
	at org.hibernate.engine.spi.ActionQueue.addAction(ActionQueue.java:322)
	at org.hibernate.event.internal.AbstractSaveEventListener.addInsertAction(AbstractSaveEventListener.java:386)
	at org.hibernate.event.internal.AbstractSaveEventListener.performSaveOrReplicate(AbstractSaveEventListener.java:300)
	at org.hibernate.event.internal.AbstractSaveEventListener.performSave(AbstractSaveEventListener.java:219)
	at org.hibernate.event.internal.AbstractSaveEventListener.saveWithGeneratedId(AbstractSaveEventListener.java:134)
	at org.hibernate.event.internal.DefaultPersistEventListener.entityIsTransient(DefaultPersistEventListener.java:175)
	at org.hibernate.event.internal.DefaultPersistEventListener.persist(DefaultPersistEventListener.java:93)
	at org.hibernate.event.internal.DefaultPersistEventListener.onPersist(DefaultPersistEventListener.java:77)
	at org.hibernate.event.internal.DefaultPersistEventListener.onPersist(DefaultPersistEventListener.java:54)
	at org.hibernate.event.service.internal.EventListenerGroupImpl.fireEventOnEachListener(EventListenerGroupImpl.java:127)
	at org.hibernate.internal.SessionImpl.firePersist(SessionImpl.java:774)
	at org.hibernate.internal.SessionImpl.persist(SessionImpl.java:758)
	at jdk.internal.reflect.GeneratedMethodAccessor32.invoke(Unknown Source)
	at java.base/jdk.internal.reflect.DelegatingMethodAccessorImpl.invoke(DelegatingMethodAccessorImpl.java:43)
	at java.base/java.lang.reflect.Method.invoke(Method.java:568)
	at org.springframework.orm.jpa.ExtendedEntityManagerCreator$ExtendedEntityManagerInvocationHandler.invoke(ExtendedEntityManagerCreator.java:364)
	at jdk.proxy2/jdk.proxy2.$Proxy151.persist(Unknown Source)
	at jdk.internal.reflect.GeneratedMethodAccessor32.invoke(Unknown Source)
	at java.base/jdk.internal.reflect.DelegatingMethodAccessorImpl.invoke(DelegatingMethodAccessorImpl.java:43)
	at java.base/java.lang.reflect.Method.invoke(Method.java:568)
	at org.springframework.orm.jpa.SharedEntityManagerCreator$SharedEntityManagerInvocationHandler.invoke(SharedEntityManagerCreator.java:319)
	at jdk.proxy2/jdk.proxy2.$Proxy151.persist(Unknown Source)
	at org.springframework.data.jpa.repository.support.SimpleJpaRepository.save(SimpleJpaRepository.java:618)
	at java.base/jdk.internal.reflect.NativeMethodAccessorImpl.invoke0(Native Method)
	at java.base/jdk.internal.reflect.NativeMethodAccessorImpl.invoke(NativeMethodAccessorImpl.java:77)
	at java.base/jdk.internal.reflect.DelegatingMethodAccessorImpl.invoke(DelegatingMethodAccessorImpl.java:43)
	at java.base/java.lang.reflect.Method.invoke(Method.java:568)
	at org.springframework.aop.support.AopUtils.invokeJoinpointUsingReflection(AopUtils.java:351)
	at org.springframework.data.repository.core.support.RepositoryMethodInvoker$RepositoryFragmentMethodInvoker.lambda$new$0(RepositoryMethodInvoker.java:277)
	at org.springframework.data.repository.core.support.RepositoryMethodInvoker.doInvoke(RepositoryMethodInvoker.java:170)
	at org.springframework.data.repository.core.support.RepositoryMethodInvoker.invoke(RepositoryMethodInvoker.java:158)
	at org.springframework.data.repository.core.support.RepositoryComposition$RepositoryFragments.invoke(RepositoryComposition.java:516)
	at org.springframework.data.repository.core.support.RepositoryComposition.invoke(RepositoryComposition.java:285)
	at org.springframework.data.repository.core.support.RepositoryFactorySupport$ImplementationMethodExecutionInterceptor.invoke(RepositoryFactorySupport.java:628)
	at org.springframework.aop.framework.ReflectiveMethodInvocation.proceed(ReflectiveMethodInvocation.java:184)
	at org.springframework.data.repository.core.support.QueryExecutorMethodInterceptor.doInvoke(QueryExecutorMethodInterceptor.java:168)
	at org.springframework.data.repository.core.support.QueryExecutorMethodInterceptor.invoke(QueryExecutorMethodInterceptor.java:143)
	at org.springframework.aop.framework.ReflectiveMethodInvocation.proceed(ReflectiveMethodInvocation.java:184)
	at org.springframework.data.projection.DefaultMethodInvokingMethodInterceptor.invoke(DefaultMethodInvokingMethodInterceptor.java:70)
	at org.springframework.aop.framework.ReflectiveMethodInvocation.proceed(ReflectiveMethodInvocation.java:184)
	at org.springframework.transaction.interceptor.TransactionInterceptor$1.proceedWithInvocation(TransactionInterceptor.java:123)
	at org.springframework.transaction.interceptor.TransactionAspectSupport.invokeWithinTransaction(TransactionAspectSupport.java:385)
	at org.springframework.transaction.interceptor.TransactionInterceptor.invoke(TransactionInterceptor.java:119)
	at org.springframework.aop.framework.ReflectiveMethodInvocation.proceed(ReflectiveMethodInvocation.java:184)
	at org.springframework.dao.support.PersistenceExceptionTranslationInterceptor.invoke(PersistenceExceptionTranslationInterceptor.java:137)
	... 199 common frames omitted
Caused by: org.h2.jdbc.JdbcSQLIntegrityConstraintViolationException: Unique index or primary key violation: "PUBLIC.CONSTRAINT_INDEX_5 ON PUBLIC.REWARD_LEDGER(TRANSACTION_ID NULLS FIRST) VALUES ( /* 3 */ '7435826a-4d44-4ed6-8ce8-522a4c26ead0' )"; SQL statement:
insert into reward_ledger (account_id,created_on,points_earned,transaction_id,id) values (?,?,?,?,default) [23505-224]
	at org.h2.message.DbException.getJdbcSQLException(DbException.java:520)
	at org.h2.message.DbException.getJdbcSQLException(DbException.java:489)
	at org.h2.message.DbException.get(DbException.java:223)
	at org.h2.message.DbException.get(DbException.java:199)
	at org.h2.index.Index.getDuplicateKeyException(Index.java:527)
	at org.h2.mvstore.db.MVSecondaryIndex.checkUnique(MVSecondaryIndex.java:223)
	at org.h2.mvstore.db.MVSecondaryIndex.add(MVSecondaryIndex.java:184)
	at org.h2.mvstore.db.MVTable.addRow(MVTable.java:519)
	at org.h2.command.dml.Insert.insertRows(Insert.java:174)
	at org.h2.command.dml.Insert.update(Insert.java:135)
	at org.h2.command.CommandContainer.executeUpdateWithGeneratedKeys(CommandContainer.java:242)
	at org.h2.command.CommandContainer.update(CommandContainer.java:163)
	at org.h2.command.Command.executeUpdate(Command.java:256)
	at org.h2.jdbc.JdbcPreparedStatement.executeUpdateInternal(JdbcPreparedStatement.java:216)
	at org.h2.jdbc.JdbcPreparedStatement.executeUpdate(JdbcPreparedStatement.java:174)
	at com.zaxxer.hikari.pool.ProxyPreparedStatement.executeUpdate(ProxyPreparedStatement.java:61)
	at com.zaxxer.hikari.pool.HikariProxyPreparedStatement.executeUpdate(HikariProxyPreparedStatement.java)
	at org.hibernate.engine.jdbc.internal.ResultSetReturnImpl.executeUpdate(ResultSetReturnImpl.java:194)
	... 253 common frames omitted
2026-06-18 17:35:47 [http-nio-8080-exec-6] INFO  c.b.transfer.aspect.LoggingAspect - [AOP] Entering TransferService.transfer
2026-06-18 17:35:47 [http-nio-8080-exec-6] INFO  c.b.transfer.service.TransferService - Processing transfer from 3 to 1 for total amount ₹20000. Reward redemption: true
2026-06-18 17:35:47 [http-nio-8080-exec-6] INFO  c.b.transfer.aspect.LoggingAspect - [AOP] Entering RewardService.getRewardSummary
2026-06-18 17:35:47 [http-nio-8080-exec-6] INFO  c.b.transfer.aspect.LoggingAspect - [AOP] Exiting RewardService.getRewardSummary - Execution time: 2ms
2026-06-18 17:35:47 [http-nio-8080-exec-6] INFO  c.b.transfer.aspect.LoggingAspect - [AOP] Entering RewardService.redeemPoints
2026-06-18 17:35:47 [http-nio-8080-exec-6] INFO  c.b.transfer.service.RewardService - Redeeming 200 reward points from account 3 for transaction a6f5179a-e020-4bf1-9425-f1c48815abf0
2026-06-18 17:35:47 [http-nio-8080-exec-6] INFO  c.b.transfer.aspect.LoggingAspect - [AOP] Exiting RewardService.redeemPoints - Execution time: 1ms
2026-06-18 17:35:47 [http-nio-8080-exec-6] INFO  c.b.transfer.aspect.LoggingAspect - [AOP] Entering RewardService.processReward
2026-06-18 17:35:47 [http-nio-8080-exec-6] WARN  o.h.e.jdbc.spi.SqlExceptionHelper - SQL Error: 23505, SQLState: 23505
2026-06-18 17:35:47 [http-nio-8080-exec-6] ERROR o.h.e.jdbc.spi.SqlExceptionHelper - Unique index or primary key violation: "PUBLIC.CONSTRAINT_INDEX_5 ON PUBLIC.REWARD_LEDGER(TRANSACTION_ID NULLS FIRST) VALUES ( /* 5 */ 'a6f5179a-e020-4bf1-9425-f1c48815abf0' )"; SQL statement:
insert into reward_ledger (account_id,created_on,points_earned,transaction_id,id) values (?,?,?,?,default) [23505-224]
2026-06-18 17:35:47 [http-nio-8080-exec-6] ERROR c.b.transfer.aspect.LoggingAspect - [AOP] Exception in RewardService.processReward after 4ms: could not execute statement [Unique index or primary key violation: "PUBLIC.CONSTRAINT_INDEX_5 ON PUBLIC.REWARD_LEDGER(TRANSACTION_ID NULLS FIRST) VALUES ( /* 5 */ 'a6f5179a-e020-4bf1-9425-f1c48815abf0' )"; SQL statement:
insert into reward_ledger (account_id,created_on,points_earned,transaction_id,id) values (?,?,?,?,default) [23505-224]] [insert into reward_ledger (account_id,created_on,points_earned,transaction_id,id) values (?,?,?,?,default)]; SQL [insert into reward_ledger (account_id,created_on,points_earned,transaction_id,id) values (?,?,?,?,default)]; constraint ["PUBLIC.CONSTRAINT_INDEX_5 ON PUBLIC.REWARD_LEDGER(TRANSACTION_ID NULLS FIRST) VALUES ( /* 5 */ 'a6f5179a-e020-4bf1-9425-f1c48815abf0' )"; SQL statement:
insert into reward_ledger (account_id,created_on,points_earned,transaction_id,id) values (?,?,?,?,default) [23505-224]]
2026-06-18 17:35:47 [http-nio-8080-exec-6] ERROR c.b.transfer.aspect.LoggingAspect - [AOP] Exception in TransferService.transfer after 11ms: could not execute statement [Unique index or primary key violation: "PUBLIC.CONSTRAINT_INDEX_5 ON PUBLIC.REWARD_LEDGER(TRANSACTION_ID NULLS FIRST) VALUES ( /* 5 */ 'a6f5179a-e020-4bf1-9425-f1c48815abf0' )"; SQL statement:
insert into reward_ledger (account_id,created_on,points_earned,transaction_id,id) values (?,?,?,?,default) [23505-224]] [insert into reward_ledger (account_id,created_on,points_earned,transaction_id,id) values (?,?,?,?,default)]; SQL [insert into reward_ledger (account_id,created_on,points_earned,transaction_id,id) values (?,?,?,?,default)]; constraint ["PUBLIC.CONSTRAINT_INDEX_5 ON PUBLIC.REWARD_LEDGER(TRANSACTION_ID NULLS FIRST) VALUES ( /* 5 */ 'a6f5179a-e020-4bf1-9425-f1c48815abf0' )"; SQL statement:
insert into reward_ledger (account_id,created_on,points_earned,transaction_id,id) values (?,?,?,?,default) [23505-224]]
2026-06-18 17:35:47 [http-nio-8080-exec-6] ERROR c.b.t.e.GlobalExceptionHandler - Internal server error: could not execute statement [Unique index or primary key violation: "PUBLIC.CONSTRAINT_INDEX_5 ON PUBLIC.REWARD_LEDGER(TRANSACTION_ID NULLS FIRST) VALUES ( /* 5 */ 'a6f5179a-e020-4bf1-9425-f1c48815abf0' )"; SQL statement:
insert into reward_ledger (account_id,created_on,points_earned,transaction_id,id) values (?,?,?,?,default) [23505-224]] [insert into reward_ledger (account_id,created_on,points_earned,transaction_id,id) values (?,?,?,?,default)]; SQL [insert into reward_ledger (account_id,created_on,points_earned,transaction_id,id) values (?,?,?,?,default)]; constraint ["PUBLIC.CONSTRAINT_INDEX_5 ON PUBLIC.REWARD_LEDGER(TRANSACTION_ID NULLS FIRST) VALUES ( /* 5 */ 'a6f5179a-e020-4bf1-9425-f1c48815abf0' )"; SQL statement:
insert into reward_ledger (account_id,created_on,points_earned,transaction_id,id) values (?,?,?,?,default) [23505-224]]
org.springframework.dao.DataIntegrityViolationException: could not execute statement [Unique index or primary key violation: "PUBLIC.CONSTRAINT_INDEX_5 ON PUBLIC.REWARD_LEDGER(TRANSACTION_ID NULLS FIRST) VALUES ( /* 5 */ 'a6f5179a-e020-4bf1-9425-f1c48815abf0' )"; SQL statement:
insert into reward_ledger (account_id,created_on,points_earned,transaction_id,id) values (?,?,?,?,default) [23505-224]] [insert into reward_ledger (account_id,created_on,points_earned,transaction_id,id) values (?,?,?,?,default)]; SQL [insert into reward_ledger (account_id,created_on,points_earned,transaction_id,id) values (?,?,?,?,default)]; constraint ["PUBLIC.CONSTRAINT_INDEX_5 ON PUBLIC.REWARD_LEDGER(TRANSACTION_ID NULLS FIRST) VALUES ( /* 5 */ 'a6f5179a-e020-4bf1-9425-f1c48815abf0' )"; SQL statement:
insert into reward_ledger (account_id,created_on,points_earned,transaction_id,id) values (?,?,?,?,default) [23505-224]]
	at org.springframework.orm.jpa.vendor.HibernateJpaDialect.convertHibernateAccessException(HibernateJpaDialect.java:290)
	at org.springframework.orm.jpa.vendor.HibernateJpaDialect.translateExceptionIfPossible(HibernateJpaDialect.java:241)
	at org.springframework.orm.jpa.AbstractEntityManagerFactoryBean.translateExceptionIfPossible(AbstractEntityManagerFactoryBean.java:550)
	at org.springframework.dao.support.ChainedPersistenceExceptionTranslator.translateExceptionIfPossible(ChainedPersistenceExceptionTranslator.java:61)
	at org.springframework.dao.support.DataAccessUtils.translateIfNecessary(DataAccessUtils.java:335)
	at org.springframework.dao.support.PersistenceExceptionTranslationInterceptor.invoke(PersistenceExceptionTranslationInterceptor.java:152)
	at org.springframework.aop.framework.ReflectiveMethodInvocation.proceed(ReflectiveMethodInvocation.java:184)
	at org.springframework.data.jpa.repository.support.CrudMethodMetadataPostProcessor$CrudMethodMetadataPopulatingMethodInterceptor.invoke(CrudMethodMetadataPostProcessor.java:164)
	at org.springframework.aop.framework.ReflectiveMethodInvocation.proceed(ReflectiveMethodInvocation.java:184)
	at org.springframework.aop.interceptor.ExposeInvocationInterceptor.invoke(ExposeInvocationInterceptor.java:97)
	at org.springframework.aop.framework.ReflectiveMethodInvocation.proceed(ReflectiveMethodInvocation.java:184)
	at org.springframework.aop.framework.JdkDynamicAopProxy.invoke(JdkDynamicAopProxy.java:220)
	at jdk.proxy2/jdk.proxy2.$Proxy156.save(Unknown Source)
	at com.banking.transfer.service.RewardService.processReward(RewardService.java:75)
	at java.base/jdk.internal.reflect.NativeMethodAccessorImpl.invoke0(Native Method)
	at java.base/jdk.internal.reflect.NativeMethodAccessorImpl.invoke(NativeMethodAccessorImpl.java:77)
	at java.base/jdk.internal.reflect.DelegatingMethodAccessorImpl.invoke(DelegatingMethodAccessorImpl.java:43)
	at java.base/java.lang.reflect.Method.invoke(Method.java:568)
	at org.springframework.aop.support.AopUtils.invokeJoinpointUsingReflection(AopUtils.java:351)
	at org.springframework.aop.framework.ReflectiveMethodInvocation.invokeJoinpoint(ReflectiveMethodInvocation.java:196)
	at org.springframework.aop.framework.ReflectiveMethodInvocation.proceed(ReflectiveMethodInvocation.java:163)
	at org.springframework.aop.framework.CglibAopProxy$CglibMethodInvocation.proceed(CglibAopProxy.java:765)
	at org.springframework.aop.aspectj.MethodInvocationProceedingJoinPoint.proceed(MethodInvocationProceedingJoinPoint.java:89)
	at com.banking.transfer.aspect.LoggingAspect.logServiceMethods(LoggingAspect.java:23)
	at jdk.internal.reflect.GeneratedMethodAccessor28.invoke(Unknown Source)
	at java.base/jdk.internal.reflect.DelegatingMethodAccessorImpl.invoke(DelegatingMethodAccessorImpl.java:43)
	at java.base/java.lang.reflect.Method.invoke(Method.java:568)
	at org.springframework.aop.aspectj.AbstractAspectJAdvice.invokeAdviceMethodWithGivenArgs(AbstractAspectJAdvice.java:637)
	at org.springframework.aop.aspectj.AbstractAspectJAdvice.invokeAdviceMethod(AbstractAspectJAdvice.java:627)
	at org.springframework.aop.aspectj.AspectJAroundAdvice.invoke(AspectJAroundAdvice.java:71)
	at org.springframework.aop.framework.ReflectiveMethodInvocation.proceed(ReflectiveMethodInvocation.java:184)
	at org.springframework.aop.framework.CglibAopProxy$CglibMethodInvocation.proceed(CglibAopProxy.java:765)
	at org.springframework.transaction.interceptor.TransactionInterceptor$1.proceedWithInvocation(TransactionInterceptor.java:123)
	at org.springframework.transaction.interceptor.TransactionAspectSupport.invokeWithinTransaction(TransactionAspectSupport.java:385)
	at org.springframework.transaction.interceptor.TransactionInterceptor.invoke(TransactionInterceptor.java:119)
	at org.springframework.aop.framework.ReflectiveMethodInvocation.proceed(ReflectiveMethodInvocation.java:184)
	at org.springframework.aop.framework.CglibAopProxy$CglibMethodInvocation.proceed(CglibAopProxy.java:765)
	at org.springframework.aop.interceptor.ExposeInvocationInterceptor.invoke(ExposeInvocationInterceptor.java:97)
	at org.springframework.aop.framework.ReflectiveMethodInvocation.proceed(ReflectiveMethodInvocation.java:184)
	at org.springframework.aop.framework.CglibAopProxy$CglibMethodInvocation.proceed(CglibAopProxy.java:765)
	at org.springframework.aop.framework.CglibAopProxy$DynamicAdvisedInterceptor.intercept(CglibAopProxy.java:717)
	at com.banking.transfer.service.RewardService$$SpringCGLIB$$0.processReward(<generated>)
	at com.banking.transfer.service.TransferService.transfer(TransferService.java:107)
	at java.base/jdk.internal.reflect.NativeMethodAccessorImpl.invoke0(Native Method)
	at java.base/jdk.internal.reflect.NativeMethodAccessorImpl.invoke(NativeMethodAccessorImpl.java:77)
	at java.base/jdk.internal.reflect.DelegatingMethodAccessorImpl.invoke(DelegatingMethodAccessorImpl.java:43)
	at java.base/java.lang.reflect.Method.invoke(Method.java:568)
	at org.springframework.aop.support.AopUtils.invokeJoinpointUsingReflection(AopUtils.java:351)
	at org.springframework.aop.framework.ReflectiveMethodInvocation.invokeJoinpoint(ReflectiveMethodInvocation.java:196)
	at org.springframework.aop.framework.ReflectiveMethodInvocation.proceed(ReflectiveMethodInvocation.java:163)
	at org.springframework.aop.framework.CglibAopProxy$CglibMethodInvocation.proceed(CglibAopProxy.java:765)
	at org.springframework.aop.aspectj.MethodInvocationProceedingJoinPoint.proceed(MethodInvocationProceedingJoinPoint.java:89)
	at com.banking.transfer.aspect.LoggingAspect.logServiceMethods(LoggingAspect.java:23)
	at jdk.internal.reflect.GeneratedMethodAccessor28.invoke(Unknown Source)
	at java.base/jdk.internal.reflect.DelegatingMethodAccessorImpl.invoke(DelegatingMethodAccessorImpl.java:43)
	at java.base/java.lang.reflect.Method.invoke(Method.java:568)
	at org.springframework.aop.aspectj.AbstractAspectJAdvice.invokeAdviceMethodWithGivenArgs(AbstractAspectJAdvice.java:637)
	at org.springframework.aop.aspectj.AbstractAspectJAdvice.invokeAdviceMethod(AbstractAspectJAdvice.java:627)
	at org.springframework.aop.aspectj.AspectJAroundAdvice.invoke(AspectJAroundAdvice.java:71)
	at org.springframework.aop.framework.ReflectiveMethodInvocation.proceed(ReflectiveMethodInvocation.java:184)
	at org.springframework.aop.framework.CglibAopProxy$CglibMethodInvocation.proceed(CglibAopProxy.java:765)
	at org.springframework.transaction.interceptor.TransactionInterceptor$1.proceedWithInvocation(TransactionInterceptor.java:123)
	at org.springframework.transaction.interceptor.TransactionAspectSupport.invokeWithinTransaction(TransactionAspectSupport.java:385)
	at org.springframework.transaction.interceptor.TransactionInterceptor.invoke(TransactionInterceptor.java:119)
	at org.springframework.aop.framework.ReflectiveMethodInvocation.proceed(ReflectiveMethodInvocation.java:184)
	at org.springframework.aop.framework.CglibAopProxy$CglibMethodInvocation.proceed(CglibAopProxy.java:765)
	at org.springframework.aop.interceptor.ExposeInvocationInterceptor.invoke(ExposeInvocationInterceptor.java:97)
	at org.springframework.aop.framework.ReflectiveMethodInvocation.proceed(ReflectiveMethodInvocation.java:184)
	at org.springframework.aop.framework.CglibAopProxy$CglibMethodInvocation.proceed(CglibAopProxy.java:765)
	at org.springframework.aop.framework.CglibAopProxy$DynamicAdvisedInterceptor.intercept(CglibAopProxy.java:717)
	at com.banking.transfer.service.TransferService$$SpringCGLIB$$0.transfer(<generated>)
	at com.banking.transfer.controller.TransferController.transfer(TransferController.java:22)
	at java.base/jdk.internal.reflect.NativeMethodAccessorImpl.invoke0(Native Method)
	at java.base/jdk.internal.reflect.NativeMethodAccessorImpl.invoke(NativeMethodAccessorImpl.java:77)
	at java.base/jdk.internal.reflect.DelegatingMethodAccessorImpl.invoke(DelegatingMethodAccessorImpl.java:43)
	at java.base/java.lang.reflect.Method.invoke(Method.java:568)
	at org.springframework.web.method.support.InvocableHandlerMethod.doInvoke(InvocableHandlerMethod.java:261)
	at org.springframework.web.method.support.InvocableHandlerMethod.invokeForRequest(InvocableHandlerMethod.java:189)
	at org.springframework.web.servlet.mvc.method.annotation.ServletInvocableHandlerMethod.invokeAndHandle(ServletInvocableHandlerMethod.java:118)
	at org.springframework.web.servlet.mvc.method.annotation.RequestMappingHandlerAdapter.invokeHandlerMethod(RequestMappingHandlerAdapter.java:917)
	at org.springframework.web.servlet.mvc.method.annotation.RequestMappingHandlerAdapter.handleInternal(RequestMappingHandlerAdapter.java:829)
	at org.springframework.web.servlet.mvc.method.AbstractHandlerMethodAdapter.handle(AbstractHandlerMethodAdapter.java:87)
	at org.springframework.web.servlet.DispatcherServlet.doDispatch(DispatcherServlet.java:1089)
	at org.springframework.web.servlet.DispatcherServlet.doService(DispatcherServlet.java:979)
	at org.springframework.web.servlet.FrameworkServlet.processRequest(FrameworkServlet.java:1014)
	at org.springframework.web.servlet.FrameworkServlet.doPost(FrameworkServlet.java:914)
	at jakarta.servlet.http.HttpServlet.service(HttpServlet.java:590)
	at org.springframework.web.servlet.FrameworkServlet.service(FrameworkServlet.java:885)
	at jakarta.servlet.http.HttpServlet.service(HttpServlet.java:658)
	at org.apache.catalina.core.ApplicationFilterChain.internalDoFilter(ApplicationFilterChain.java:205)
	at org.apache.catalina.core.ApplicationFilterChain.doFilter(ApplicationFilterChain.java:149)
	at org.apache.tomcat.websocket.server.WsFilter.doFilter(WsFilter.java:51)
	at org.apache.catalina.core.ApplicationFilterChain.internalDoFilter(ApplicationFilterChain.java:174)
	at org.apache.catalina.core.ApplicationFilterChain.doFilter(ApplicationFilterChain.java:149)
	at org.springframework.web.filter.CompositeFilter$VirtualFilterChain.doFilter(CompositeFilter.java:108)
	at org.springframework.security.web.FilterChainProxy.lambda$doFilterInternal$3(FilterChainProxy.java:231)
	at org.springframework.security.web.ObservationFilterChainDecorator$FilterObservation$SimpleFilterObservation.lambda$wrap$1(ObservationFilterChainDecorator.java:479)
	at org.springframework.security.web.ObservationFilterChainDecorator$AroundFilterObservation$SimpleAroundFilterObservation.lambda$wrap$1(ObservationFilterChainDecorator.java:340)
	at org.springframework.security.web.ObservationFilterChainDecorator.lambda$wrapSecured$0(ObservationFilterChainDecorator.java:82)
	at org.springframework.security.web.ObservationFilterChainDecorator$VirtualFilterChain.doFilter(ObservationFilterChainDecorator.java:128)
	at org.springframework.security.web.access.intercept.AuthorizationFilter.doFilter(AuthorizationFilter.java:100)
	at org.springframework.security.web.ObservationFilterChainDecorator$ObservationFilter.wrapFilter(ObservationFilterChainDecorator.java:240)
	at org.springframework.security.web.ObservationFilterChainDecorator$ObservationFilter.doFilter(ObservationFilterChainDecorator.java:227)
	at org.springframework.security.web.ObservationFilterChainDecorator$VirtualFilterChain.doFilter(ObservationFilterChainDecorator.java:137)
	at org.springframework.security.web.access.ExceptionTranslationFilter.doFilter(ExceptionTranslationFilter.java:126)
	at org.springframework.security.web.access.ExceptionTranslationFilter.doFilter(ExceptionTranslationFilter.java:120)
	at org.springframework.security.web.ObservationFilterChainDecorator$ObservationFilter.wrapFilter(ObservationFilterChainDecorator.java:240)
	at org.springframework.security.web.ObservationFilterChainDecorator$ObservationFilter.doFilter(ObservationFilterChainDecorator.java:227)
	at org.springframework.security.web.ObservationFilterChainDecorator$VirtualFilterChain.doFilter(ObservationFilterChainDecorator.java:137)
	at org.springframework.security.web.authentication.AnonymousAuthenticationFilter.doFilter(AnonymousAuthenticationFilter.java:100)
	at org.springframework.security.web.ObservationFilterChainDecorator$ObservationFilter.wrapFilter(ObservationFilterChainDecorator.java:240)
	at org.springframework.security.web.ObservationFilterChainDecorator$ObservationFilter.doFilter(ObservationFilterChainDecorator.java:227)
	at org.springframework.security.web.ObservationFilterChainDecorator$VirtualFilterChain.doFilter(ObservationFilterChainDecorator.java:137)
	at org.springframework.security.web.servletapi.SecurityContextHolderAwareRequestFilter.doFilter(SecurityContextHolderAwareRequestFilter.java:179)
	at org.springframework.security.web.ObservationFilterChainDecorator$ObservationFilter.wrapFilter(ObservationFilterChainDecorator.java:240)
	at org.springframework.security.web.ObservationFilterChainDecorator$ObservationFilter.doFilter(ObservationFilterChainDecorator.java:227)
	at org.springframework.security.web.ObservationFilterChainDecorator$VirtualFilterChain.doFilter(ObservationFilterChainDecorator.java:137)
	at org.springframework.security.web.savedrequest.RequestCacheAwareFilter.doFilter(RequestCacheAwareFilter.java:63)
	at org.springframework.security.web.ObservationFilterChainDecorator$ObservationFilter.wrapFilter(ObservationFilterChainDecorator.java:240)
	at org.springframework.security.web.ObservationFilterChainDecorator$ObservationFilter.doFilter(ObservationFilterChainDecorator.java:227)
	at org.springframework.security.web.ObservationFilterChainDecorator$VirtualFilterChain.doFilter(ObservationFilterChainDecorator.java:137)
	at org.springframework.security.web.authentication.www.BasicAuthenticationFilter.doFilterInternal(BasicAuthenticationFilter.java:213)
	at org.springframework.web.filter.OncePerRequestFilter.doFilter(OncePerRequestFilter.java:116)
	at org.springframework.security.web.ObservationFilterChainDecorator$ObservationFilter.wrapFilter(ObservationFilterChainDecorator.java:240)
	at org.springframework.security.web.ObservationFilterChainDecorator$ObservationFilter.doFilter(ObservationFilterChainDecorator.java:227)
	at org.springframework.security.web.ObservationFilterChainDecorator$VirtualFilterChain.doFilter(ObservationFilterChainDecorator.java:137)
	at org.springframework.security.web.authentication.logout.LogoutFilter.doFilter(LogoutFilter.java:107)
	at org.springframework.security.web.authentication.logout.LogoutFilter.doFilter(LogoutFilter.java:93)
	at org.springframework.security.web.ObservationFilterChainDecorator$ObservationFilter.wrapFilter(ObservationFilterChainDecorator.java:240)
	at org.springframework.security.web.ObservationFilterChainDecorator$ObservationFilter.doFilter(ObservationFilterChainDecorator.java:227)
	at org.springframework.security.web.ObservationFilterChainDecorator$VirtualFilterChain.doFilter(ObservationFilterChainDecorator.java:137)
	at org.springframework.web.filter.OncePerRequestFilter.doFilter(OncePerRequestFilter.java:110)
	at org.springframework.security.web.ObservationFilterChainDecorator$ObservationFilter.wrapFilter(ObservationFilterChainDecorator.java:240)
	at org.springframework.security.web.ObservationFilterChainDecorator$ObservationFilter.doFilter(ObservationFilterChainDecorator.java:227)
	at org.springframework.security.web.ObservationFilterChainDecorator$VirtualFilterChain.doFilter(ObservationFilterChainDecorator.java:137)
	at org.springframework.web.filter.CorsFilter.doFilterInternal(CorsFilter.java:91)
	at org.springframework.web.filter.OncePerRequestFilter.doFilter(OncePerRequestFilter.java:116)
	at org.springframework.security.web.ObservationFilterChainDecorator$ObservationFilter.wrapFilter(ObservationFilterChainDecorator.java:240)
	at org.springframework.security.web.ObservationFilterChainDecorator$ObservationFilter.doFilter(ObservationFilterChainDecorator.java:227)
	at org.springframework.security.web.ObservationFilterChainDecorator$VirtualFilterChain.doFilter(ObservationFilterChainDecorator.java:137)
	at org.springframework.security.web.header.HeaderWriterFilter.doHeadersAfter(HeaderWriterFilter.java:90)
	at org.springframework.security.web.header.HeaderWriterFilter.doFilterInternal(HeaderWriterFilter.java:75)
	at org.springframework.web.filter.OncePerRequestFilter.doFilter(OncePerRequestFilter.java:116)
	at org.springframework.security.web.ObservationFilterChainDecorator$ObservationFilter.wrapFilter(ObservationFilterChainDecorator.java:240)
	at org.springframework.security.web.ObservationFilterChainDecorator$ObservationFilter.doFilter(ObservationFilterChainDecorator.java:227)
	at org.springframework.security.web.ObservationFilterChainDecorator$VirtualFilterChain.doFilter(ObservationFilterChainDecorator.java:137)
	at org.springframework.security.web.context.SecurityContextHolderFilter.doFilter(SecurityContextHolderFilter.java:82)
	at org.springframework.security.web.context.SecurityContextHolderFilter.doFilter(SecurityContextHolderFilter.java:69)
	at org.springframework.security.web.ObservationFilterChainDecorator$ObservationFilter.wrapFilter(ObservationFilterChainDecorator.java:240)
	at org.springframework.security.web.ObservationFilterChainDecorator$ObservationFilter.doFilter(ObservationFilterChainDecorator.java:227)
	at org.springframework.security.web.ObservationFilterChainDecorator$VirtualFilterChain.doFilter(ObservationFilterChainDecorator.java:137)
	at org.springframework.security.web.context.request.async.WebAsyncManagerIntegrationFilter.doFilterInternal(WebAsyncManagerIntegrationFilter.java:62)
	at org.springframework.web.filter.OncePerRequestFilter.doFilter(OncePerRequestFilter.java:116)
	at org.springframework.security.web.ObservationFilterChainDecorator$ObservationFilter.wrapFilter(ObservationFilterChainDecorator.java:240)
	at org.springframework.security.web.ObservationFilterChainDecorator$ObservationFilter.doFilter(ObservationFilterChainDecorator.java:227)
	at org.springframework.security.web.ObservationFilterChainDecorator$VirtualFilterChain.doFilter(ObservationFilterChainDecorator.java:137)
	at org.springframework.security.web.session.DisableEncodeUrlFilter.doFilterInternal(DisableEncodeUrlFilter.java:42)
	at org.springframework.web.filter.OncePerRequestFilter.doFilter(OncePerRequestFilter.java:116)
	at org.springframework.security.web.ObservationFilterChainDecorator$ObservationFilter.wrapFilter(ObservationFilterChainDecorator.java:240)
	at org.springframework.security.web.ObservationFilterChainDecorator$AroundFilterObservation$SimpleAroundFilterObservation.lambda$wrap$0(ObservationFilterChainDecorator.java:323)
	at org.springframework.security.web.ObservationFilterChainDecorator$ObservationFilter.doFilter(ObservationFilterChainDecorator.java:224)
	at org.springframework.security.web.ObservationFilterChainDecorator$VirtualFilterChain.doFilter(ObservationFilterChainDecorator.java:137)
	at org.springframework.security.web.FilterChainProxy.doFilterInternal(FilterChainProxy.java:233)
	at org.springframework.security.web.FilterChainProxy.doFilter(FilterChainProxy.java:191)
	at org.springframework.web.filter.CompositeFilter$VirtualFilterChain.doFilter(CompositeFilter.java:113)
	at org.springframework.web.servlet.handler.HandlerMappingIntrospector.lambda$createCacheFilter$3(HandlerMappingIntrospector.java:195)
	at org.springframework.web.filter.CompositeFilter$VirtualFilterChain.doFilter(CompositeFilter.java:113)
	at org.springframework.web.filter.CompositeFilter.doFilter(CompositeFilter.java:74)
	at org.springframework.security.config.annotation.web.configuration.WebMvcSecurityConfiguration$CompositeFilterChainProxy.doFilter(WebMvcSecurityConfiguration.java:225)
	at org.springframework.web.filter.DelegatingFilterProxy.invokeDelegate(DelegatingFilterProxy.java:352)
	at org.springframework.web.filter.DelegatingFilterProxy.doFilter(DelegatingFilterProxy.java:268)
	at org.apache.catalina.core.ApplicationFilterChain.internalDoFilter(ApplicationFilterChain.java:174)
	at org.apache.catalina.core.ApplicationFilterChain.doFilter(ApplicationFilterChain.java:149)
	at org.springframework.web.filter.RequestContextFilter.doFilterInternal(RequestContextFilter.java:100)
	at org.springframework.web.filter.OncePerRequestFilter.doFilter(OncePerRequestFilter.java:116)
	at org.apache.catalina.core.ApplicationFilterChain.internalDoFilter(ApplicationFilterChain.java:174)
	at org.apache.catalina.core.ApplicationFilterChain.doFilter(ApplicationFilterChain.java:149)
	at org.springframework.web.filter.FormContentFilter.doFilterInternal(FormContentFilter.java:93)
	at org.springframework.web.filter.OncePerRequestFilter.doFilter(OncePerRequestFilter.java:116)
	at org.apache.catalina.core.ApplicationFilterChain.internalDoFilter(ApplicationFilterChain.java:174)
	at org.apache.catalina.core.ApplicationFilterChain.doFilter(ApplicationFilterChain.java:149)
	at org.springframework.web.filter.ServerHttpObservationFilter.doFilterInternal(ServerHttpObservationFilter.java:109)
	at org.springframework.web.filter.OncePerRequestFilter.doFilter(OncePerRequestFilter.java:116)
	at org.apache.catalina.core.ApplicationFilterChain.internalDoFilter(ApplicationFilterChain.java:174)
	at org.apache.catalina.core.ApplicationFilterChain.doFilter(ApplicationFilterChain.java:149)
	at org.springframework.web.filter.CharacterEncodingFilter.doFilterInternal(CharacterEncodingFilter.java:201)
	at org.springframework.web.filter.OncePerRequestFilter.doFilter(OncePerRequestFilter.java:116)
	at org.apache.catalina.core.ApplicationFilterChain.internalDoFilter(ApplicationFilterChain.java:174)
	at org.apache.catalina.core.ApplicationFilterChain.doFilter(ApplicationFilterChain.java:149)
	at org.apache.catalina.core.StandardWrapperValve.invoke(StandardWrapperValve.java:167)
	at org.apache.catalina.core.StandardContextValve.invoke(StandardContextValve.java:90)
	at org.apache.catalina.authenticator.AuthenticatorBase.invoke(AuthenticatorBase.java:482)
	at org.apache.catalina.core.StandardHostValve.invoke(StandardHostValve.java:115)
	at org.apache.catalina.valves.ErrorReportValve.invoke(ErrorReportValve.java:93)
	at org.apache.catalina.core.StandardEngineValve.invoke(StandardEngineValve.java:74)
	at org.apache.catalina.connector.CoyoteAdapter.service(CoyoteAdapter.java:340)
	at org.apache.coyote.http11.Http11Processor.service(Http11Processor.java:391)
	at org.apache.coyote.AbstractProcessorLight.process(AbstractProcessorLight.java:63)
	at org.apache.coyote.AbstractProtocol$ConnectionHandler.process(AbstractProtocol.java:896)
	at org.apache.tomcat.util.net.NioEndpoint$SocketProcessor.doRun(NioEndpoint.java:1744)
	at org.apache.tomcat.util.net.SocketProcessorBase.run(SocketProcessorBase.java:52)
	at org.apache.tomcat.util.threads.ThreadPoolExecutor.runWorker(ThreadPoolExecutor.java:1191)
	at org.apache.tomcat.util.threads.ThreadPoolExecutor$Worker.run(ThreadPoolExecutor.java:659)
	at org.apache.tomcat.util.threads.TaskThread$WrappingRunnable.run(TaskThread.java:61)
	at java.base/java.lang.Thread.run(Thread.java:842)
Caused by: org.hibernate.exception.ConstraintViolationException: could not execute statement [Unique index or primary key violation: "PUBLIC.CONSTRAINT_INDEX_5 ON PUBLIC.REWARD_LEDGER(TRANSACTION_ID NULLS FIRST) VALUES ( /* 5 */ 'a6f5179a-e020-4bf1-9425-f1c48815abf0' )"; SQL statement:
insert into reward_ledger (account_id,created_on,points_earned,transaction_id,id) values (?,?,?,?,default) [23505-224]] [insert into reward_ledger (account_id,created_on,points_earned,transaction_id,id) values (?,?,?,?,default)]
	at org.hibernate.exception.internal.SQLExceptionTypeDelegate.convert(SQLExceptionTypeDelegate.java:62)
	at org.hibernate.exception.internal.StandardSQLExceptionConverter.convert(StandardSQLExceptionConverter.java:58)
	at org.hibernate.engine.jdbc.spi.SqlExceptionHelper.convert(SqlExceptionHelper.java:108)
	at org.hibernate.engine.jdbc.internal.ResultSetReturnImpl.executeUpdate(ResultSetReturnImpl.java:197)
	at org.hibernate.id.insert.GetGeneratedKeysDelegate.performInsert(GetGeneratedKeysDelegate.java:107)
	at org.hibernate.engine.jdbc.mutation.internal.MutationExecutorPostInsertSingleTable.execute(MutationExecutorPostInsertSingleTable.java:100)
	at org.hibernate.persister.entity.mutation.InsertCoordinator.doStaticInserts(InsertCoordinator.java:175)
	at org.hibernate.persister.entity.mutation.InsertCoordinator.coordinateInsert(InsertCoordinator.java:113)
	at org.hibernate.persister.entity.AbstractEntityPersister.insert(AbstractEntityPersister.java:2868)
	at org.hibernate.action.internal.EntityIdentityInsertAction.execute(EntityIdentityInsertAction.java:81)
	at org.hibernate.engine.spi.ActionQueue.execute(ActionQueue.java:670)
	at org.hibernate.engine.spi.ActionQueue.addResolvedEntityInsertAction(ActionQueue.java:291)
	at org.hibernate.engine.spi.ActionQueue.addInsertAction(ActionQueue.java:272)
	at org.hibernate.engine.spi.ActionQueue.addAction(ActionQueue.java:322)
	at org.hibernate.event.internal.AbstractSaveEventListener.addInsertAction(AbstractSaveEventListener.java:386)
	at org.hibernate.event.internal.AbstractSaveEventListener.performSaveOrReplicate(AbstractSaveEventListener.java:300)
	at org.hibernate.event.internal.AbstractSaveEventListener.performSave(AbstractSaveEventListener.java:219)
	at org.hibernate.event.internal.AbstractSaveEventListener.saveWithGeneratedId(AbstractSaveEventListener.java:134)
	at org.hibernate.event.internal.DefaultPersistEventListener.entityIsTransient(DefaultPersistEventListener.java:175)
	at org.hibernate.event.internal.DefaultPersistEventListener.persist(DefaultPersistEventListener.java:93)
	at org.hibernate.event.internal.DefaultPersistEventListener.onPersist(DefaultPersistEventListener.java:77)
	at org.hibernate.event.internal.DefaultPersistEventListener.onPersist(DefaultPersistEventListener.java:54)
	at org.hibernate.event.service.internal.EventListenerGroupImpl.fireEventOnEachListener(EventListenerGroupImpl.java:127)
	at org.hibernate.internal.SessionImpl.firePersist(SessionImpl.java:774)
	at org.hibernate.internal.SessionImpl.persist(SessionImpl.java:758)
	at jdk.internal.reflect.GeneratedMethodAccessor32.invoke(Unknown Source)
	at java.base/jdk.internal.reflect.DelegatingMethodAccessorImpl.invoke(DelegatingMethodAccessorImpl.java:43)
	at java.base/java.lang.reflect.Method.invoke(Method.java:568)
	at org.springframework.orm.jpa.ExtendedEntityManagerCreator$ExtendedEntityManagerInvocationHandler.invoke(ExtendedEntityManagerCreator.java:364)
	at jdk.proxy2/jdk.proxy2.$Proxy151.persist(Unknown Source)
	at jdk.internal.reflect.GeneratedMethodAccessor32.invoke(Unknown Source)
	at java.base/jdk.internal.reflect.DelegatingMethodAccessorImpl.invoke(DelegatingMethodAccessorImpl.java:43)
	at java.base/java.lang.reflect.Method.invoke(Method.java:568)
	at org.springframework.orm.jpa.SharedEntityManagerCreator$SharedEntityManagerInvocationHandler.invoke(SharedEntityManagerCreator.java:319)
	at jdk.proxy2/jdk.proxy2.$Proxy151.persist(Unknown Source)
	at org.springframework.data.jpa.repository.support.SimpleJpaRepository.save(SimpleJpaRepository.java:618)
	at jdk.internal.reflect.GeneratedMethodAccessor33.invoke(Unknown Source)
	at java.base/jdk.internal.reflect.DelegatingMethodAccessorImpl.invoke(DelegatingMethodAccessorImpl.java:43)
	at java.base/java.lang.reflect.Method.invoke(Method.java:568)
	at org.springframework.aop.support.AopUtils.invokeJoinpointUsingReflection(AopUtils.java:351)
	at org.springframework.data.repository.core.support.RepositoryMethodInvoker$RepositoryFragmentMethodInvoker.lambda$new$0(RepositoryMethodInvoker.java:277)
	at org.springframework.data.repository.core.support.RepositoryMethodInvoker.doInvoke(RepositoryMethodInvoker.java:170)
	at org.springframework.data.repository.core.support.RepositoryMethodInvoker.invoke(RepositoryMethodInvoker.java:158)
	at org.springframework.data.repository.core.support.RepositoryComposition$RepositoryFragments.invoke(RepositoryComposition.java:516)
	at org.springframework.data.repository.core.support.RepositoryComposition.invoke(RepositoryComposition.java:285)
	at org.springframework.data.repository.core.support.RepositoryFactorySupport$ImplementationMethodExecutionInterceptor.invoke(RepositoryFactorySupport.java:628)
	at org.springframework.aop.framework.ReflectiveMethodInvocation.proceed(ReflectiveMethodInvocation.java:184)
	at org.springframework.data.repository.core.support.QueryExecutorMethodInterceptor.doInvoke(QueryExecutorMethodInterceptor.java:168)
	at org.springframework.data.repository.core.support.QueryExecutorMethodInterceptor.invoke(QueryExecutorMethodInterceptor.java:143)
	at org.springframework.aop.framework.ReflectiveMethodInvocation.proceed(ReflectiveMethodInvocation.java:184)
	at org.springframework.data.projection.DefaultMethodInvokingMethodInterceptor.invoke(DefaultMethodInvokingMethodInterceptor.java:70)
	at org.springframework.aop.framework.ReflectiveMethodInvocation.proceed(ReflectiveMethodInvocation.java:184)
	at org.springframework.transaction.interceptor.TransactionInterceptor$1.proceedWithInvocation(TransactionInterceptor.java:123)
	at org.springframework.transaction.interceptor.TransactionAspectSupport.invokeWithinTransaction(TransactionAspectSupport.java:385)
	at org.springframework.transaction.interceptor.TransactionInterceptor.invoke(TransactionInterceptor.java:119)
	at org.springframework.aop.framework.ReflectiveMethodInvocation.proceed(ReflectiveMethodInvocation.java:184)
	at org.springframework.dao.support.PersistenceExceptionTranslationInterceptor.invoke(PersistenceExceptionTranslationInterceptor.java:137)
	... 199 common frames omitted
Caused by: org.h2.jdbc.JdbcSQLIntegrityConstraintViolationException: Unique index or primary key violation: "PUBLIC.CONSTRAINT_INDEX_5 ON PUBLIC.REWARD_LEDGER(TRANSACTION_ID NULLS FIRST) VALUES ( /* 5 */ 'a6f5179a-e020-4bf1-9425-f1c48815abf0' )"; SQL statement:
insert into reward_ledger (account_id,created_on,points_earned,transaction_id,id) values (?,?,?,?,default) [23505-224]
	at org.h2.message.DbException.getJdbcSQLException(DbException.java:520)
	at org.h2.message.DbException.getJdbcSQLException(DbException.java:489)
	at org.h2.message.DbException.get(DbException.java:223)
	at org.h2.message.DbException.get(DbException.java:199)
	at org.h2.index.Index.getDuplicateKeyException(Index.java:527)
	at org.h2.mvstore.db.MVSecondaryIndex.checkUnique(MVSecondaryIndex.java:223)
	at org.h2.mvstore.db.MVSecondaryIndex.add(MVSecondaryIndex.java:184)
	at org.h2.mvstore.db.MVTable.addRow(MVTable.java:519)
	at org.h2.command.dml.Insert.insertRows(Insert.java:174)
	at org.h2.command.dml.Insert.update(Insert.java:135)
	at org.h2.command.CommandContainer.executeUpdateWithGeneratedKeys(CommandContainer.java:242)
	at org.h2.command.CommandContainer.update(CommandContainer.java:163)
	at org.h2.command.Command.executeUpdate(Command.java:256)
	at org.h2.jdbc.JdbcPreparedStatement.executeUpdateInternal(JdbcPreparedStatement.java:216)
	at org.h2.jdbc.JdbcPreparedStatement.executeUpdate(JdbcPreparedStatement.java:174)
	at com.zaxxer.hikari.pool.ProxyPreparedStatement.executeUpdate(ProxyPreparedStatement.java:61)
	at com.zaxxer.hikari.pool.HikariProxyPreparedStatement.executeUpdate(HikariProxyPreparedStatement.java)
	at org.hibernate.engine.jdbc.internal.ResultSetReturnImpl.executeUpdate(ResultSetReturnImpl.java:194)
	... 252 common frames omitted
